CASE_ID,PARTY_NUMBER,PARTY_TYPE,AT_FAULT,PARTY_SEX,PARTY_AGE,PARTY_SOBRIETY,PARTY_DRUG_PHYSICAL,DIR_OF_TRAVEL,PARTY_SAFETY_EQUIP_1,PARTY_SAFETY_EQUIP_2,FINAN_RESPONS,SP_INFO_1,SP_INFO_2,SP_INFO_3,OAF_VIOLATION_CODE,OAF_VIOL_CAT,OAF_VIOL_SECTION,OAF_VIOLATION_SUFFIX,OAF_1,OAF_2,PARTY_NUMBER_KILLED,PARTY_NUMBER_INJURED,MOVE_PRE_ACC,VEHICLE_YEAR,VEHICLE_MAKE,STWD_VEHICLE_TYPE,CHP_VEH_TYPE_TOWING,CHP_VEH_TYPE_TOWED,RACE,INATTENTION,SPECIAL_INFO_F,SPECIAL_INFO_G,ACCIDENT_YEAR
9481518,1,1,Y,-,998,G,G,-,-,-,,-,-,-,,21,21209,A,A,-,0,0,H,2022,-,A,01,,,,-,-,2022
9481518,2,4,N,M,29,H,H,W,-,-,,-,-,-,-,"- ",,,-,-,0,1,B,,-,L,04,,W,,-,-,2022
9506574,1,1,Y,-,998,G,G,W,-,-,,-,-,-,-,"- ",,,N,-,0,0,B,,-,A,01,,,,-,-,2022
9506574,2,4,N,M,48,G,G,E,-,-,,-,3,-,-,"- ",,,N,-,0,1,B,,-,L,04,,H,,-,-,2022
9522376,1,4,Y,M,80,A,-,N,-,-,,-,3,-,-,"- ",,,N,-,0,1,B,,-,L,04,,A,,-,-,2022
9453164,1,1,Y,-,998,G,G,W,-,-,,-,-,-,,19,20001,A,A,-,0,0,B,2014,-,F,26,,,,-,-,2022
9453164,2,4,N,M,46,-,-,W,-,-,N,-,-,-,-,"- ",,,-,-,0,1,B,,-,L,04,,W,,-,-,2022
9531199,1,1,Y,M,42,A,-,E,M,G,Y,-,3,-,-,"- ",,,N,-,0,0,K,2023,-,-,,,A,,-,-,2022
9531199,2,4,N,M,29,A,-,E,-,-,,-,3,-,-,"- ",,,N,-,0,1,B,,-,L,04,,H,,-,-,2022
9509971,1,4,Y,M,16,G,G,S,-,-,,-,-,-,-,"- ",,,N,-,0,1,B,,-,L,04,,W,,-,-,2022
9509971,2,1,N,M,47,A,-,W,M,-,Y,-,3,-,-,"- ",,,N,-,0,0,B,2003,-,A,01,,A,,-,-,2022
9543460,1,1,Y,M,38,A,-,E,M,G,Y,-,3,-,-,"- ",,,N,-,0,0,D,2019,-,A,01,,W,,-,-,2022
9543460,2,4,N,M,50,A,-,E,-,-,O,-,3,-,-,"- ",,,N,-,0,1,B,,-,L,04,,W,,-,-,2022
9348955,1,1,Y,X,30,A,-,S,M,G,Y,-,3,-,-,"- ",,,N,-,0,0,F,2015,-,A,01,,W,,-,-,2022
9348955,2,4,N,M,57,A,-,S,-,-,,-,3,-,-,"- ",,,N,-,0,1,B,,-,L,04,,W,,-,-,2022
9472274,1,4,Y,M,60,A,-,W,-,-,,-,3,-,-,"- ",,,M,-,0,1,B,,-,L,04,,W,,-,-,2022
9472274,2,1,N,M,71,A,-,N,M,G,Y,-,3,-,-,"- ",,,-,-,0,0,B,2017,-,A,01,,W,,-,-,2022
9543170,1,4,Y,M,43,A,-,N,-,-,N,-,3,-,-,"- ",,,N,-,0,1,Q,,-,L,04,,W,,-,-,2022
9543170,2,1,N,M,70,A,-,E,M,G,Y,-,3,-,-,"- ",,,N,-,0,0,B,2001,-,A,01,,A,,-,-,2022
9295586,1,1,Y,M,68,A,-,S,M,G,Y,-,3,-,-,"- ",,,N,-,0,0,B,2010,-,A,01,,A,,-,-,2021
9295586,2,4,N,F,50,A,-,W,-,-,,-,3,-,-,"- ",,,N,-,0,1,B,,-,L,04,,W,,-,-,2021
9503245,1,1,Y,F,28,A,I,S,L,G,N,-,3,-,,47,16028,A,A,-,0,0,B,1995,-,A,01,,W,,-,-,2022
9503245,2,1,N,M,31,A,-,E,M,-,Y,-,3,-,-,"- ",,,I,-,0,1,B,2022,-,A,07,,A,,-,-,2022
9503245,3,4,N,F,29,A,-,E,-,-,,-,3,-,-,"- ",,,-,-,0,1,B,,-,L,04,,W,,-,-,2022
9262686,1,1,Y,M,65,A,-,N,M,G,N,-,-,-,,27,21651,B,A,-,0,0,E,2009,-,A,01,,B,,-,-,2021
9262686,2,4,N,F,31,A,-,N,-,-,,-,-,-,-,"- ",,,L,-,0,1,B,,-,L,04,,B,,-,-,2021
9635985,1,4,Y,M,74,A,-,W,-,-,,-,3,-,-,"- ",,,N,-,0,1,B,,-,L,04,,W,,-,-,2023
9635985,2,1,N,M,32,A,-,S,M,G,Y,-,3,-,-,"- ",,,N,-,0,0,B,2014,-,A,01,,W,,-,-,2023
9375701,1,4,Y,M,30,A,-,W,-,-,N,-,3,-,-,"- ",,,N,-,0,1,B,,-,L,04,,W,,-,-,2021
9375701,2,1,N,M,21,A,-,N,M,G,Y,-,3,-,-,"- ",,,N,-,0,0,B,2005,-,A,01,,O,,-,-,2021
9343284,1,1,Y,M,80,A,-,E,M,G,Y,-,3,-,-,"- ",,,N,-,0,0,B,2020,MINI,A,01,,W,,-,-,2021
9343284,2,4,N,M,54,A,-,S,-,-,,-,3,-,-,"- ",,,N,-,0,1,B,,-,L,04,,W,,-,-,2021
9396461,1,4,N,M,53,A,-,S,-,-,,-,3,-,-,"- ",,,N,-,0,1,B,,-,L,04,,W,,-,-,2022
9280868,1,4,Y,M,54,A,-,E,-,-,,-,3,-,-,"- ",,,N,-,0,1,B,,-,L,04,,H,,-,-,2021
9280868,2,2,N,F,55,A,-,E,-,-,O,-,3,-,-,"- ",,,N,-,0,1,R,,-,N,60,,A,,-,-,2021
9481909,1,1,N,F,54,A,-,S,M,C,Y,-,3,-,-,"- ",,,A,N,0,0,F,2016,-,A,01,,W,,-,-,2022
9481909,2,4,N,M,28,A,-,S,-,-,,-,3,-,-,"- ",,,N,-,0,1,B,,-,L,04,,H,,-,-,2022
9503118,1,1,Y,M,29,A,-,W,L,G,Y,-,3,-,-,"- ",,,N,-,0,0,D,2020,-,A,01,,B,,-,-,2022
9503118,2,4,N,M,30,A,-,S,-,-,,-,3,-,-,"- ",,,N,-,0,1,B,,-,L,04,,W,,-,-,2022
9505979,1,4,N,F,28,A,-,E,P,W,O,-,3,-,-,"- ",,,N,-,0,1,B,,-,L,04,,W,,-,-,2022
9505979,2,3,N,-,998,H,H,E,-,-,O,-,3,-,-,"- ",,,N,-,0,0,O,2003,-,A,07,,,,-,-,2022
9316665,1,4,Y,M,24,-,-,S,-,-,,-,3,-,-,"- ",,,-,-,0,1,E,,-,L,04,,A,,-,-,2021
9316665,2,1,N,M,43,-,-,W,M,G,Y,-,3,-,-,"- ",,,-,-,0,0,B,2017,-,A,08,,B,,-,-,2021
9670592,1,1,Y,F,42,C,-,W,M,G,Y,-,-,-,-,"- ",,,N,-,0,0,E,2014,-,A,01,,A,,-,-,2024
9670592,2,4,N,M,35,C,-,E,-,-,,-,-,-,-,"- ",,,N,-,0,1,A,,-,L,04,,A,,-,-,2024
9410056,1,4,Y,M,33,A,-,W,-,-,,-,3,-,-,"- ",,,N,-,0,1,E,,-,L,04,,H,,-,-,2022
9410056,2,1,N,M,32,A,-,N,M,G,Y,-,3,-,-,"- ",,,N,-,0,0,B,2015,-,A,01,,A,,-,-,2022
9427334,1,1,Y,F,23,A,-,E,M,G,Y,-,3,-,-,"- ",,,N,-,0,0,L,2015,-,A,01,,W,,-,-,2022
9427334,2,4,N,M,32,A,-,S,-,-,,-,3,-,-,"- ",,,N,-,0,1,B,,-,L,04,,W,,-,-,2022
9427855,1,1,N,-,52,-,-,W,-,-,Y,-,-,-,-,"- ",,,-,-,0,0,-,,-,A,01,,H,,-,-,2022
9427855,2,4,N,M,55,-,-,E,-,-,,-,-,-,-,"- ",,,-,-,0,1,-,,-,L,04,,W,,-,-,2022
9481268,1,3,Y,-,998,A,-,E,-,-,O,-,3,-,-,"- ",,,N,-,0,0,O,2017,FORD,D,22,,,,-,-,2022
9481268,2,4,N,M,32,A,-,E,-,-,,-,3,-,-,"- ",,,N,-,0,1,B,,-,L,04,,W,,-,-,2022
9506484,1,4,Y,M,29,A,-,E,-,-,N,-,3,-,,44,21200,,A,-,0,1,B,,-,L,04,,H,,-,-,2022
9603692,1,4,Y,M,15,A,-,S,-,-,,-,3,-,,24,22450,A,A,-,0,1,B,,-,L,04,,H,,-,-,2023
9603692,2,1,N,M,34,A,-,E,M,G,,-,3,-,-,"- ",,,N,-,0,0,E,2017,-,A,01,,H,,-,-,2023
9468620,1,1,Y,M,55,A,-,S,M,G,Y,-,3,-,-,"- ",,,N,-,0,0,J,2020,-,A,07,,A,,-,-,2023
9468620,2,4,N,F,46,A,-,S,-,-,,-,3,-,-,"- ",,,N,-,0,1,B,,-,L,04,,H,,-,-,2023
9295599,1,1,Y,F,67,A,-,W,M,G,Y,-,3,-,-,"- ",,,N,-,0,0,E,2014,-,A,01,,,,-,-,2021
9295599,2,4,N,F,44,A,-,E,-,-,,-,3,-,-,"- ",,,N,-,0,1,B,,-,L,04,,A,,-,-,2021
9634758,1,1,Y,M,51,-,-,W,M,G,Y,-,3,-,-,"- ",,,J,-,0,0,E,2019,-,A,01,,A,,-,-,2023
9634758,2,4,N,M,24,-,-,S,-,-,,-,3,-,-,"- ",,,N,-,0,1,B,,-,L,04,,W,,-,-,2023
9437536,1,4,N,M,17,A,-,S,-,-,N,-,3,-,,25,22350,,A,N,0,1,H,,-,L,04,,H,,-,-,2022
9437536,2,1,Y,F,38,G,G,S,M,-,Y,-,-,-,-,"- ",,,N,-,0,0,B,2010,-,A,01,,H,,-,-,2022
9503091,1,2,Y,M,79,A,-,E,-,-,O,-,3,-,-,"- ",,,N,-,0,1,B,,-,N,60,,O,,-,-,2022
9503091,2,4,N,M,998,G,G,W,-,-,,-,3,-,,44,21657,,A,-,0,0,B,,-,L,04,,W,,-,-,2022
9376344,1,1,Y,M,998,G,G,E,-,-,N,-,-,-,-,"- ",,,N,-,0,0,B,,FORD,A,01,,O,,-,-,2021
9376344,2,4,N,M,31,A,-,W,-,-,,-,3,-,,24,22450,A,A,-,0,1,B,,-,L,04,,W,,-,-,2021
9375877,1,1,Y,M,66,A,-,E,M,-,Y,-,3,-,-,"- ",,,N,-,0,0,E,1992,-,D,72,,H,,-,-,2021
9375877,2,4,N,M,52,A,-,N,-,-,N,-,3,-,-,"- ",,,N,-,0,1,B,,-,L,04,,W,,-,-,2021
9365784,1,1,Y,F,998,G,G,S,B,-,,-,3,-,-,"- ",,,N,-,0,0,E,2021,-,A,01,,W,,-,-,2021
9365784,2,4,N,F,29,A,-,W,-,-,,-,3,-,-,"- ",,,N,-,0,1,B,,-,L,04,,W,,-,-,2021
9347324,1,1,N,F,998,-,-,N,-,-,,-,-,-,-,"- ",,,-,-,0,0,D,2019,-,-,,,H,,-,-,2021
9347324,2,4,N,F,38,-,-,S,-,-,,-,-,-,-,"- ",,,-,-,0,1,B,,-,L,04,,H,,-,-,2021
9636251,1,4,Y,M,998,A,-,E,-,-,,-,3,-,-,"- ",,,N,-,0,1,B,,-,L,04,,B,,-,-,2023
9636251,2,1,N,M,70,A,-,S,M,G,Y,-,3,-,-,"- ",,,N,-,0,0,B,2004,-,A,01,,W,,-,-,2023
9293082,1,4,Y,M,37,A,-,S,-,-,,-,-,-,-,"- ",,,-,-,0,1,B,,-,L,04,,B,,-,-,2021
9624406,1,1,Y,M,45,A,-,W,M,G,Y,-,3,-,-,"- ",,,N,-,0,0,A,2012,-,F,25,,H,,-,-,2023
9624406,2,4,N,M,38,A,-,W,-,-,,-,3,-,-,"- ",,,N,-,0,1,B,,-,L,04,,O,,-,-,2023
9624406,3,1,N,M,63,-,-,W,M,G,Y,-,3,-,-,"- ",,,N,-,0,0,B,2008,-,A,01,,W,,-,-,2023
9468674,1,1,Y,M,39,A,-,E,M,G,Y,-,3,-,-,"- ",,,N,-,0,0,K,2016,-,A,01,,O,,-,-,2023
9468674,2,4,N,F,27,A,-,N,-,-,O,-,3,-,-,"- ",,,N,-,0,1,B,,-,L,04,,W,,-,-,2023
9376343,1,1,Y,F,73,A,-,W,M,G,Y,-,3,-,-,"- ",,,F,G,0,0,B,2003,-,A,01,,A,-,-,-,2021
9376343,2,4,N,M,46,A,-,N,-,-,,-,3,-,-,"- ",,,N,-,0,1,B,,-,L,04,,W,,-,-,2021
9293072,1,1,Y,-,998,G,G,S,-,B,,-,-,-,-,"- ",,,A,N,0,0,D,,-,A,01,,,,-,-,2021
9293072,2,4,N,F,30,A,-,E,-,-,,-,3,-,-,"- ",,,N,-,0,1,B,,-,L,04,,W,,-,-,2021
9431588,1,4,Y,M,29,A,-,W,-,-,,-,3,-,-,"- ",,,N,-,0,1,B,,-,L,04,,H,,-,-,2022
9431588,2,3,N,-,998,A,-,W,-,-,O,-,3,-,-,"- ",,,N,-,0,0,O,2012,-,A,01,,,,-,-,2022
9437219,1,4,Y,M,74,A,-,N,-,-,,-,3,-,-,"- ",,,N,-,0,1,E,,-,L,04,,W,,-,-,2022
9437219,2,1,N,M,23,A,-,N,M,G,Y,-,3,-,-,"- ",,,N,-,0,1,B,2008,-,A,01,,A,,-,-,2022
9437219,3,1,N,F,31,A,-,N,P,V,,-,3,-,-,"- ",,,N,-,0,0,B,,-,M,94,,O,,-,-,2022
9442109,1,1,Y,X,998,G,G,N,-,-,,-,-,-,-,"- ",,,N,-,0,0,L,,-,A,01,,,,-,-,2022
9442109,2,4,N,M,42,A,-,N,-,-,,-,-,-,-,"- ",,,N,-,0,1,B,,-,L,04,,H,,-,-,2022
9503060,1,4,Y,M,28,G,G,E,-,-,N,-,3,-,-,"- ",,,N,-,0,1,B,,-,L,04,,H,,-,-,2022
9285699,1,4,Y,M,37,D,-,E,-,-,N,-,3,-,,27,21650,,A,-,0,1,B,,-,L,04,,H,,-,-,2021
9285699,2,1,N,M,37,A,-,S,M,G,Y,-,3,-,-,"- ",,,N,-,0,0,B,2015,-,A,01,,O,,-,-,2021
9262917,1,4,Y,F,38,A,-,N,-,-,N,-,3,-,-,"- ",,,N,-,0,1,B,,-,L,04,,W,,-,-,2021
9262917,2,1,N,M,45,A,-,N,M,G,Y,-,3,-,-,"- ",,,N,-,0,0,A,2015,JEEP,A,01,,A,,-,-,2021
9636303,1,1,Y,M,49,H,H,E,M,G,Y,-,3,-,-,"- ",,,N,-,0,0,E,2000,-,A,01,,B,,-,-,2023
9636303,2,4,N,M,55,H,H,N,-,-,,-,3,-,-,"- ",,,N,-,0,1,B,,-,L,04,,W,,-,-,2023
9636273,1,4,Y,F,45,A,-,S,-,-,N,-,3,-,-,"- ",,,N,-,0,1,Q,,-,L,04,,A,,-,-,2023
9636273,2,1,N,M,69,A,-,W,M,G,N,-,3,-,-,"- ",,,N,-,0,0,B,2018,-,A,01,,B,,-,-,2023
9252807,1,4,Y,M,34,C,-,S,-,-,N,-,3,-,-,"- ",,,N,-,0,1,E,,-,L,04,,H,,-,-,2021
9252807,2,1,N,F,40,C,-,W,M,G,Y,-,3,-,-,"- ",,,N,-,0,0,E,2011,FORD,A,01,,A,,-,-,2021
9468803,1,1,Y,M,29,A,-,W,M,G,Y,-,3,-,-,"- ",,,N,-,0,0,E,2018,-,A,01,,H,,-,-,2023
9468803,2,4,N,M,67,A,-,E,-,-,,-,3,-,,23,21453,A,A,N,0,1,B,,-,L,04,,W,,-,-,2023
9506067,1,5,N,-,998,G,G,N,-,-,O,-,-,-,-,"- ",,,N,-,0,0,O,2018,-,A,01,,,,-,-,2022
9506067,2,4,N,F,29,G,G,N,-,-,,-,-,-,-,"- ",,,N,-,0,1,I,,-,L,04,,W,,-,-,2022
9545394,1,1,Y,M,47,A,-,S,M,G,Y,-,3,-,-,"- ",,,N,-,0,0,D,2019,-,A,01,,A,,-,-,2023
9545394,2,4,N,M,27,A,-,S,-,-,,-,3,-,-,"- ",,,N,-,0,1,A,,-,L,04,,O,,-,-,2023
9573342,1,4,Y,M,38,A,-,W,-,-,N,-,3,-,-,"- ",,,N,-,0,1,B,,-,L,04,,A,,-,-,2023
9573342,2,1,N,M,37,A,-,W,M,-,Y,-,3,-,-,"- ",,,N,-,0,0,D,2005,-,A,01,,W,,-,-,2023
9685629,1,1,Y,M,45,A,-,S,M,B,Y,-,-,-,-,"- ",,,N,-,0,0,E,2002,-,C,06,,H,,-,-,2024
9685629,2,4,N,M,23,A,-,N,-,-,,-,-,-,,39,21201,D,A,-,0,1,B,,-,L,04,,O,,-,-,2024
9708590,1,4,Y,M,48,A,-,E,-,-,,-,3,-,-,"- ",,,N,-,0,1,B,,-,L,04,,B,,-,-,2024
9708590,2,1,N,F,84,A,-,-,M,G,Y,-,3,-,-,"- ",,,N,-,0,0,B,2021,-,A,07,,W,,-,-,2024
9341118,1,1,N,M,36,A,-,W,M,G,Y,-,3,-,-,"- ",,,N,-,0,0,E,2020,-,A,01,,W,,-,-,2021
9341118,2,4,N,M,43,A,-,S,-,-,,-,3,-,-,"- ",,,N,-,0,1,B,,-,L,04,,W,,-,-,2021
9347356,1,1,Y,M,74,A,-,W,M,G,Y,-,3,-,-,"- ",,,N,-,0,0,J,2021,-,A,01,,W,,-,-,2021
9347356,2,4,N,M,64,A,-,W,-,-,,-,3,-,-,"- ",,,N,-,0,1,B,,-,L,04,,W,,-,-,2021
9362538,1,1,Y,M,25,A,-,W,M,G,Y,-,3,-,-,"- ",,,F,H,0,0,E,2019,FORD,A,01,,W,K,-,-,2021
9362538,2,4,N,M,43,A,-,E,-,-,N,-,3,-,-,"- ",,,F,-,0,1,B,,-,L,04,,W,K,-,-,2021
9469542,1,1,Y,M,61,A,-,N,M,G,Y,-,3,-,-,"- ",,,E,-,0,0,E,2007,-,A,01,,A,,-,-,2023
9469542,2,4,N,M,88,A,-,S,-,-,,-,3,-,-,"- ",,,N,-,0,1,B,,-,L,04,,W,,-,-,2023
9610656,1,4,Y,M,66,A,-,N,-,-,,-,3,-,-,"- ",,,-,-,0,1,A,,-,L,04,,B,,-,-,2023
9610656,2,1,N,M,55,A,-,N,M,G,Y,-,3,-,-,"- ",,,-,-,0,0,B,2017,-,A,01,,W,,-,-,2023
9285677,1,1,Y,-,998,G,G,N,B,-,,-,3,-,,21,21209,A,A,M,0,0,B,,-,A,01,,O,,-,-,2021
9285677,2,4,N,M,25,A,-,N,-,-,,-,3,-,-,"- ",,,-,-,0,1,B,,-,L,04,,H,,-,-,2021
9285692,1,1,Y,-,998,G,G,E,-,-,,-,3,-,,19,20001,,A,M,0,0,B,,-,A,01,,,,-,-,2021
9285692,2,4,N,M,52,C,-,E,-,-,,-,3,-,-,"- ",,,-,-,0,1,A,,-,L,04,,H,,-,-,2021
9626269,1,1,Y,M,38,A,-,E,M,G,Y,-,3,-,-,"- ",,,F,-,0,0,B,2016,-,A,01,,O,-,-,-,2023
9626269,2,4,N,F,33,A,-,E,-,-,,-,3,-,-,"- ",,,N,-,0,1,B,,-,L,04,,W,,-,-,2023
9293077,1,4,Y,M,34,H,H,E,-,-,N,-,3,-,-,"- ",,,N,-,0,1,E,,-,L,04,,H,,-,-,2021
9293077,2,1,N,M,39,H,H,E,M,G,Y,-,3,-,-,"- ",,,N,-,0,0,A,2020,-,A,01,,W,,-,-,2021
9633717,1,1,Y,M,51,C,-,E,M,G,Y,-,3,-,-,"- ",,,N,-,0,0,E,2020,-,A,01,,B,,-,-,2023
9633717,2,4,N,F,26,C,-,N,-,-,,-,3,-,-,"- ",,,N,-,0,1,B,,-,L,04,,W,,-,-,2023
9239175,1,4,Y,M,27,A,-,N,-,-,,-,3,-,-,"- ",,,N,-,0,1,B,,-,L,04,,W,,-,-,2021
9239175,2,4,N,M,70,A,-,E,-,-,,-,3,-,-,"- ",,,N,-,0,1,E,,-,L,04,,W,,-,-,2021
9239175,3,1,N,F,25,A,-,N,M,G,Y,-,3,-,-,"- ",,,N,-,0,0,D,2019,-,A,01,,,,-,-,2021
9285675,1,4,Y,M,30,A,-,E,-,-,,-,3,-,-,"- ",,,N,-,0,1,E,,-,L,04,,H,,-,-,2021
9285675,2,1,N,M,69,A,-,S,M,G,Y,-,3,-,-,"- ",,,N,-,0,0,B,2020,-,A,01,,W,,-,-,2021
9295590,1,4,N,M,28,A,-,W,-,-,,-,3,-,-,"- ",,,N,-,0,1,B,,-,L,04,,W,,-,-,2021
9295590,2,1,N,M,36,A,-,W,M,G,Y,-,3,-,-,"- ",,,N,-,0,0,B,2017,AUDI,A,01,,W,,-,-,2021
9345650,1,4,Y,F,51,A,-,S,-,-,,-,3,-,-,"- ",,,M,-,0,1,B,,-,L,04,,W,,-,-,2021
9239156,1,4,N,M,65,A,-,N,-,-,,-,-,-,-,"- ",,,N,-,0,1,B,,-,L,04,,A,,-,-,2021
9247452,1,4,Y,F,28,A,-,E,-,-,N,-,3,-,-,"- ",,,N,-,0,1,B,,-,L,04,,H,,-,-,2021
9247452,2,1,N,M,59,A,-,E,M,G,Y,-,3,-,-,"- ",,,N,-,0,0,A,2020,-,A,01,,A,,-,-,2021
9247460,1,1,Y,M,52,A,-,S,M,G,Y,-,3,-,-,"- ",,,N,-,0,0,L,2018,-,A,01,,A,,-,-,2021
9247460,2,4,N,M,45,A,-,S,-,-,,-,3,-,-,"- ",,,N,-,0,1,B,,-,L,04,,W,,-,-,2021
9262487,1,4,Y,M,54,-,-,E,-,-,,-,-,-,-,"- ",,,-,-,0,1,E,,-,L,04,,W,,-,-,2021
9262487,2,1,N,M,43,-,-,E,M,G,Y,-,-,-,-,"- ",,,-,-,0,2,B,2013,-,I,19,,A,,-,-,2021
9345625,1,1,Y,M,37,A,-,S,N,G,Y,-,3,-,-,"- ",,,N,-,0,0,D,2017,-,A,01,,B,,-,-,2021
9345625,2,4,N,M,56,A,-,E,-,-,,-,3,-,-,"- ",,,N,-,0,1,B,,-,L,04,,W,,-,-,2021
9345633,1,4,Y,M,47,A,-,W,-,-,N,-,-,-,-,"- ",,,N,-,0,1,J,,-,L,04,,H,,-,-,2021
9345638,1,4,Y,F,29,A,-,E,-,-,,-,3,-,-,"- ",,,N,-,0,1,B,,-,L,04,,W,,-,-,2021
9347335,1,1,N,M,43,A,-,E,M,C,Y,-,3,-,,31,22107,,A,-,0,0,D,2014,FORD,A,01,,H,,-,-,2021
9347335,2,4,Y,M,39,A,-,W,-,-,,-,3,-,-,"- ",,,N,-,0,1,B,,-,L,04,,H,,-,-,2021
9262737,1,1,Y,F,34,A,-,W,M,G,Y,-,3,-,-,"- ",,,N,-,0,0,D,2019,-,A,01,,B,,-,-,2021
9262737,2,4,N,M,48,A,-,S,-,-,,-,3,-,-,"- ",,,N,-,0,1,B,,-,L,04,,H,,-,-,2021
9348886,1,4,Y,M,34,A,-,N,-,-,N,-,3,-,-,"- ",,,N,-,0,1,B,,-,L,04,,H,,-,-,2022
9348886,2,1,N,M,31,A,-,S,M,G,Y,-,-,-,-,"- ",,,N,-,0,0,R,2013,-,A,01,,W,,-,-,2022
9348899,1,4,Y,M,12,H,H,N,-,-,,-,3,-,-,"- ",,,N,-,0,1,L,,-,L,04,,A,,-,-,2022
9348899,2,1,N,F,39,H,H,S,M,G,Y,-,3,-,-,"- ",,,N,-,0,0,D,2017,-,A,07,,A,,-,-,2022
9262800,1,4,N,F,998,H,H,S,-,-,,-,3,-,-,"- ",,,N,-,0,0,B,,-,L,04,,H,,-,-,2021
9262800,2,2,N,M,46,-,-,E,-,-,O,-,-,-,-,"- ",,,-,-,0,1,-,,-,N,60,,A,,-,-,2021
9275084,1,4,Y,M,34,A,-,E,-,-,,-,3,-,-,"- ",,,N,-,0,1,B,,-,L,04,,W,,-,-,2021
9275084,2,1,N,M,51,A,-,S,M,C,Y,-,3,-,-,"- ",,,N,-,0,0,B,2017,-,A,01,,W,,-,-,2021
9362826,1,4,Y,M,41,A,-,E,-,-,,-,3,-,-,"- ",,,N,-,0,1,D,,-,L,04,,W,,-,-,2021
9362826,2,1,N,M,52,A,-,E,M,G,N,-,3,-,-,"- ",,,N,-,0,0,B,2017,-,A,01,,H,,-,-,2021
9372399,1,4,Y,M,63,D,-,E,-,-,,-,3,-,-,"- ",,,N,-,0,1,B,,-,L,04,,W,,-,-,2021
9372399,2,3,N,-,998,H,H,E,-,-,O,-,3,-,-,"- ",,,N,-,0,0,O,2008,-,A,01,,,,-,-,2021
9391988,1,4,Y,F,29,A,-,N,-,-,N,-,3,-,,21,21208,A,A,-,0,1,B,,-,L,04,,W,,-,-,2021
9391988,2,1,N,M,20,A,-,E,M,G,,-,3,-,-,"- ",,,E,-,0,0,L,2005,-,A,01,,H,,-,-,2021
9580135,1,1,Y,M,65,A,-,W,M,G,Y,-,3,-,-,"- ",,,-,-,0,0,J,2005,-,A,01,,A,,-,-,2023
9580135,2,4,N,M,44,H,H,W,-,-,,-,3,-,,39,21201,D,A,-,0,1,-,,-,L,04,,H,,-,-,2023
9223778,1,4,Y,M,58,A,-,E,-,-,N,-,3,-,-,"- ",,,M,-,0,1,B,,-,L,04,,B,,-,-,2021
9224059,1,4,Y,F,27,A,-,-,-,-,N,-,3,-,-,"- ",,,N,-,0,1,B,,-,L,04,,A,,-,-,2021
9224059,2,3,N,-,998,-,-,-,-,-,O,-,-,-,-,"- ",,,N,-,0,0,O,2017,-,A,01,,,,-,-,2021
9228189,1,4,Y,M,22,A,-,N,-,-,,-,3,-,-,"- ",,,N,-,0,1,B,,-,L,04,,W,,-,-,2021
9228189,2,1,N,M,53,A,-,W,M,G,Y,-,3,-,-,"- ",,,N,-,0,0,B,2018,FORD,A,08,,H,,-,-,2021
9228212,1,4,Y,M,33,A,-,W,-,-,,-,3,-,-,"- ",,,N,-,0,0,B,,-,L,04,,W,,-,-,2021
9228212,2,4,N,M,6,A,-,W,-,-,,-,3,-,-,"- ",,,N,-,0,1,M,,-,L,04,,B,,-,-,2021
9400479,1,4,Y,F,29,A,-,E,-,-,N,-,3,-,-,"- ",,,N,-,0,1,B,,-,L,04,,A,,-,-,2022
9403940,1,4,Y,M,20,A,-,N,-,-,,-,3,-,-,"- ",,,N,-,0,1,B,,-,L,04,,A,,-,-,2022
9403940,2,1,N,F,59,A,-,W,M,G,Y,-,3,-,-,"- ",,,N,-,0,0,B,2010,-,A,01,,A,,-,-,2022
9410028,1,1,Y,-,998,G,G,S,B,-,,-,-,-,-,"- ",,,N,-,0,0,J,,-,A,01,,,,-,-,2022
9410028,2,4,N,M,28,A,-,S,-,-,,-,3,-,-,"- ",,,N,-,0,1,E,,-,L,04,,W,,-,-,2022
9410078,1,1,N,M,44,A,-,S,M,G,Y,-,3,-,-,"- ",,,N,-,0,0,B,2018,-,A,01,,O,,-,-,2022
9410078,2,4,N,M,29,A,-,-,-,-,,-,3,-,-,"- ",,,N,-,0,1,B,,-,L,04,,O,,-,-,2022
9410111,1,4,Y,M,60,A,-,E,-,-,,-,3,-,-,"- ",,,N,-,0,1,B,,-,L,04,,W,,-,-,2022
9410111,2,1,N,M,61,A,-,S,M,G,Y,-,3,-,-,"- ",,,N,-,0,0,B,2018,-,A,01,,A,,-,-,2022
9418077,1,4,Y,F,54,A,-,W,-,-,,-,3,-,-,"- ",,,-,-,0,1,B,,-,L,04,,B,,-,-,2022
9418077,2,1,N,F,32,A,-,S,M,G,Y,-,3,-,-,"- ",,,N,-,0,0,B,2013,-,A,01,,H,,-,-,2022
9425267,1,1,N,M,58,A,-,E,M,G,Y,-,3,-,-,"- ",,,E,-,0,0,B,2016,-,A,01,,B,,-,-,2022
9425267,2,4,N,M,27,A,-,S,-,-,,-,3,-,-,"- ",,,E,-,0,1,B,,-,L,04,,W,,-,-,2022
9427335,1,1,Y,M,45,A,-,N,M,G,Y,-,3,-,-,"- ",,,N,-,0,0,D,2019,-,A,01,,A,,-,-,2022
9427335,2,4,N,M,76,A,-,N,-,-,,-,3,-,-,"- ",,,N,-,0,1,A,,-,L,04,,A,,-,-,2022
9434245,1,1,Y,X,998,G,G,N,B,-,,-,-,-,,25,22350,,A,-,0,0,B,,-,A,01,,,,-,-,2022
9434245,2,4,N,M,45,A,-,E,-,-,,-,3,-,-,"- ",,,-,-,0,1,B,,-,L,04,,H,,-,-,2022
9434257,1,4,Y,M,998,H,H,S,-,-,,-,-,-,,19,20001,A,A,-,0,0,B,,-,L,04,,B,,-,-,2022
9434257,2,2,N,F,76,H,H,N,-,-,O,-,3,-,-,"- ",,,N,-,0,1,B,,-,N,60,,A,,-,-,2022
9434292,1,1,Y,-,998,G,G,W,B,-,N,-,-,-,,19,20002,,A,-,0,0,B,,-,-,,,,,-,-,2022
9434292,2,4,N,F,61,A,-,W,-,-,,-,3,-,-,"- ",,,-,-,0,1,B,,-,L,04,,H,,-,-,2022
9441188,1,4,Y,M,44,A,-,S,-,-,,-,-,-,-,"- ",,,-,-,0,1,B,,-,L,04,,A,,-,-,2022
9441188,2,1,N,M,65,A,-,S,-,-,Y,-,-,-,-,"- ",,,-,-,0,0,D,2019,-,C,02,,W,,-,-,2022
9446882,1,4,Y,M,27,H,H,E,-,-,N,-,3,-,-,"- ",,,N,-,0,1,B,,-,L,04,,H,,-,-,2022
9446882,2,1,N,M,33,H,H,N,M,G,Y,-,3,-,-,"- ",,,N,-,0,0,E,2007,-,A,01,,W,,-,-,2022
9446887,1,4,Y,M,17,A,-,W,-,-,N,-,3,-,-,"- ",,,N,-,0,1,B,,-,L,04,,A,,-,-,2022
9446887,2,1,N,M,69,A,-,N,M,G,Y,-,3,-,-,"- ",,,N,-,0,0,E,2003,-,A,01,,H,,-,-,2022
9453942,1,1,Y,M,44,A,-,E,M,G,Y,-,3,-,-,"- ",,,N,-,0,0,E,2000,-,A,01,,W,,-,-,2022
9453942,2,4,N,F,24,A,-,N,-,-,,-,3,-,-,"- ",,,N,-,0,1,B,,-,L,04,,W,,-,-,2022
9459050,1,4,Y,M,42,A,-,E,-,-,,-,3,-,-,"- ",,,L,-,0,1,A,,-,L,04,,W,,-,-,2022
9463701,1,5,Y,-,998,A,-,E,-,-,O,-,3,-,-,"- ",,,N,-,0,0,B,,-,C,03,,,,-,-,2021
9463701,2,4,N,F,44,A,-,E,-,-,,-,3,-,-,"- ",,,N,-,0,1,A,,-,L,04,,W,,-,-,2021
9468639,1,1,Y,M,998,-,-,W,B,-,,-,-,-,,19,20001,A,A,M,0,0,B,,-,A,01,,H,,-,-,2023
9468639,2,4,N,M,39,A,-,N,-,-,,-,3,-,-,"- ",,,N,-,0,1,B,,-,L,04,,O,,-,-,2023
9228214,1,1,N,F,998,G,G,E,B,-,,-,-,-,-,"- ",,,N,-,0,0,E,2017,-,A,01,,B,,-,-,2021
9228214,2,4,N,M,41,A,-,W,-,-,,-,3,-,-,"- ",,,N,-,0,1,B,,-,L,04,,W,,-,-,2021
9468784,1,4,Y,F,23,A,-,E,-,-,,-,3,-,-,"- ",,,N,-,0,1,B,,-,L,04,,A,,-,-,2023
9468784,2,1,N,M,41,A,-,W,M,G,Y,-,3,-,-,"- ",,,N,-,0,0,D,2018,FORD,A,01,,B,,-,-,2023
9468787,1,4,Y,M,21,A,-,W,-,-,,-,3,-,,44,21200,A,A,-,0,1,B,,-,L,04,,H,,-,-,2023
9468787,2,1,N,M,47,A,-,S,M,C,Y,-,3,-,-,"- ",,,-,-,0,0,B,2019,-,A,01,,W,,-,-,2023
9468807,1,4,Y,M,34,C,-,-,-,-,,-,3,-,-,"- ",,,M,-,0,1,B,,-,L,04,,A,,-,-,2023
9239145,1,4,N,F,33,A,-,S,-,-,N,-,3,-,-,"- ",,,L,-,0,1,B,,-,L,04,,W,,-,-,2021
9481492,1,4,Y,M,22,H,H,N,-,-,,-,3,-,,26,23103,,A,N,0,1,B,,-,L,04,,W,,-,-,2022
9481492,2,4,N,M,998,G,G,N,-,-,,-,3,-,-,"- ",,,N,-,0,0,B,,-,L,04,,B,,-,-,2022
9483458,1,5,Y,-,998,G,G,E,-,-,O,-,3,-,-,"- ",,,N,-,0,0,A,,-,A,01,,,,-,-,2022
9483458,2,4,N,M,58,A,-,E,-,-,,-,3,-,-,"- ",,,N,-,0,1,B,,-,L,04,,W,,-,-,2022
9503111,1,4,Y,M,36,G,G,S,-,-,,-,-,-,-,"- ",,,N,-,0,1,B,,-,L,04,,W,,-,-,2022
9503112,1,1,N,M,42,A,-,W,M,G,Y,-,3,-,-,"- ",,,N,-,0,0,E,2010,-,A,07,,B,,-,-,2022
9503112,2,4,N,F,26,A,-,N,-,-,,-,3,-,-,"- ",,,N,-,0,1,D,,-,L,04,,W,,-,-,2022
9503159,1,1,Y,M,998,G,G,N,B,-,,-,-,-,-,"- ",,,N,-,0,0,D,,-,-,,,W,,-,-,2022
9503159,2,4,N,M,25,A,-,W,-,-,,-,3,-,-,"- ",,,N,-,0,1,B,,-,L,04,,W,,-,-,2022
9503225,1,1,Y,M,26,A,-,W,M,C,Y,-,-,-,-,"- ",,,N,-,0,0,E,2018,FORD,A,01,,H,,-,-,2022
9503225,2,4,N,M,38,A,-,S,-,-,,-,3,-,-,"- ",,,N,-,0,1,B,,-,L,04,,W,,-,-,2022
9505779,1,4,N,M,39,A,-,W,-,-,N,-,3,-,-,"- ",,,N,-,0,1,I,,-,L,04,,W,,-,-,2022
9505779,2,1,N,M,42,A,-,W,-,-,Y,-,3,-,-,"- ",,,N,-,0,0,B,2021,-,A,01,,A,,-,-,2022
9505808,1,4,Y,M,43,A,-,S,-,-,,-,3,-,-,"- ",,,N,-,0,1,D,,-,L,04,,W,,-,-,2022
9505808,2,1,N,M,43,A,-,S,M,G,Y,-,3,-,-,"- ",,,N,-,0,0,D,2022,-,A,01,,W,,-,-,2022
9505810,1,1,N,M,998,G,G,W,-,-,,-,3,-,-,"- ",,,N,-,0,0,G,,-,C,06,,W,,-,-,2022
9505810,2,4,N,F,78,G,G,E,-,-,,-,3,-,-,"- ",,,N,-,0,1,A,,-,L,04,,W,,-,-,2022
9505975,1,1,Y,F,36,C,-,N,M,G,Y,-,3,-,-,"- ",,,G,-,0,0,B,2006,-,A,01,,B,,-,-,2022
9505975,2,4,N,M,49,C,-,N,-,-,,-,3,-,-,"- ",,,N,-,0,1,B,,-,L,04,,W,,-,-,2022
9506239,1,4,N,M,57,G,G,N,-,-,,-,3,-,-,"- ",,,N,-,0,1,B,,-,L,04,,W,,-,-,2022
9506239,2,5,N,-,998,G,G,S,-,-,O,-,3,-,-,"- ",,,N,-,0,1,B,,-,M,94,,,,-,-,2022
9506601,1,4,N,F,39,A,-,N,-,-,N,-,3,-,-,"- ",,,N,-,0,2,R,,-,L,04,,O,,-,-,2022
9507917,1,4,N,M,24,A,-,E,-,-,,-,3,-,-,"- ",,,M,-,0,1,B,,-,L,04,,W,,-,-,2022
9507917,2,1,N,M,23,A,-,-,M,G,Y,-,3,-,-,"- ",,,-,-,0,0,A,2013,-,A,01,,H,,-,-,2022
9509995,1,4,Y,F,35,A,-,N,-,-,N,-,3,-,-,"- ",,,N,-,0,1,P,,-,L,04,,W,,-,-,2022
9509995,2,1,N,F,23,A,-,N,M,G,Y,-,3,-,-,"- ",,,N,-,0,0,B,2021,-,A,01,,W,,-,-,2022
9510001,1,4,Y,M,56,A,-,S,-,-,,-,3,-,-,"- ",,,-,-,0,1,B,,-,L,04,,A,,-,-,2022
9510001,2,1,N,F,45,A,-,E,M,G,Y,-,3,-,-,"- ",,,-,-,0,0,B,2017,-,A,01,,W,,-,-,2022
9522331,1,1,Y,M,40,A,-,N,M,G,Y,-,3,-,-,"- ",,,N,-,0,0,D,2016,-,A,01,,W,,-,-,2022
9522331,2,4,N,M,41,A,-,E,-,-,,-,3,-,-,"- ",,,N,-,0,1,B,,-,L,04,,W,,-,-,2022
9531447,1,1,Y,M,69,A,-,S,M,G,Y,-,3,-,-,"- ",,,-,-,0,0,E,2021,-,A,07,,B,,-,-,2022
9531447,2,4,N,M,28,A,-,S,-,-,,-,3,-,-,"- ",,,-,-,0,1,B,,-,L,04,,H,,-,-,2022
9531542,1,1,Y,M,998,-,-,W,-,-,,-,-,-,,19,20001,A,A,O,0,0,D,2022,-,A,01,,,,-,-,2022
9531542,2,4,N,M,24,A,-,S,-,-,,-,3,-,-,"- ",,,N,-,0,1,B,,-,L,04,,A,,-,-,2022
9531547,1,1,Y,M,30,A,-,E,M,G,Y,-,3,-,-,"- ",,,N,-,0,0,D,2021,-,A,01,,W,,-,-,2022
9531547,2,4,N,F,32,A,-,E,-,-,,-,3,-,-,"- ",,,N,-,0,1,B,,-,L,04,,W,,-,-,2022
9542784,1,4,Y,M,15,A,-,S,-,-,,-,3,-,-,"- ",,,N,-,0,1,B,,-,L,04,,O,,-,-,2022
9542784,2,1,N,M,43,G,G,W,M,G,Y,-,3,-,-,"- ",,,N,-,0,0,B,2021,FORD,F,26,,H,,-,-,2022
9543277,1,4,Y,M,47,G,G,E,-,-,,-,3,-,-,"- ",,,N,-,0,1,B,,-,L,04,,W,,-,-,2022
9543277,2,1,N,F,52,A,-,N,M,G,Y,-,3,-,-,"- ",,,N,-,0,0,B,2011,-,A,01,,W,,-,-,2022
9543532,1,4,Y,M,29,A,-,W,-,-,,-,1,-,-,"- ",,,N,-,0,0,B,,-,L,04,,W,,-,-,2022
9543532,2,2,N,F,58,A,-,W,-,-,O,-,3,-,-,"- ",,,N,-,0,1,B,,-,N,60,,H,,-,-,2022
9545377,1,4,Y,M,28,A,-,E,-,-,,-,-,-,-,"- ",,,N,-,0,1,B,,-,L,04,,O,,-,-,2023
9545377,2,1,N,F,25,A,-,N,P,A,Y,-,3,-,-,"- ",,,N,-,0,1,B,2005,-,C,02,,W,,-,-,2023
9275107,1,4,Y,M,60,A,-,E,-,-,,-,3,-,,27,21650,1,A,-,0,1,B,,-,L,04,,H,,-,-,2021
9275107,2,1,N,M,57,A,-,W,M,G,Y,-,3,-,-,"- ",,,-,-,0,0,L,2021,-,A,01,,A,,-,-,2021
9545701,1,4,Y,M,33,A,-,N,-,-,N,-,-,-,-,"- ",,,N,-,0,1,B,,-,L,04,,H,,-,-,2022
9545701,2,1,N,F,55,A,-,N,M,G,Y,-,-,-,-,"- ",,,N,-,0,0,B,2020,-,A,01,,W,,-,-,2022
9293039,1,4,Y,M,998,G,G,E,-,-,N,-,-,-,,19,20001,,A,-,0,0,B,,-,L,04,,W,,-,-,2021
9293039,2,2,N,-,998,A,-,S,-,-,O,-,-,-,-,"- ",,,N,-,0,1,A,,-,N,60,,,,-,-,2021
9314620,1,1,Y,M,31,A,-,E,B,-,,-,-,-,-,"- ",,,N,-,0,0,E,2019,-,A,01,,W,,-,-,2021
9314620,2,4,N,F,28,A,-,-,-,-,,-,-,-,-,"- ",,,N,-,0,1,B,,-,L,04,,W,,-,-,2021
9314682,1,4,Y,M,25,A,-,N,-,-,N,-,3,-,-,"- ",,,N,-,0,1,B,,-,L,04,,H,,-,-,2021
9314682,2,1,N,F,39,A,-,E,M,-,Y,-,3,-,-,"- ",,,N,-,0,0,D,2019,MITSUBISHI,A,01,,H,,-,-,2021
9342076,1,1,N,-,998,H,H,-,-,-,,-,-,-,-,"- ",,,-,-,0,0,B,,-,A,01,,,,-,-,2021
9342076,2,4,N,M,30,B,-,S,-,-,,-,3,-,-,"- ",,,-,-,0,1,B,,-,L,04,,W,,-,-,2021
9347438,1,4,Y,M,44,B,-,N,-,-,,-,3,-,,24,22450,A,A,-,0,1,B,,-,L,04,,W,,-,-,2021
9347438,2,1,N,M,25,A,-,W,M,G,Y,-,3,-,-,"- ",,,-,-,0,0,B,2019,FORD,A,01,,H,,-,-,2021
9347438,3,1,N,M,27,A,-,S,M,E,Y,-,3,-,-,"- ",,,-,-,0,0,A,2019,-,A,01,,O,,-,-,2021
9349619,1,4,N,F,22,A,-,E,-,-,,-,3,-,-,"- ",,,N,-,0,1,B,,-,L,04,,W,,-,-,2021
9362847,1,1,N,M,30,H,H,S,M,G,Y,-,-,-,-,"- ",,,N,-,0,0,F,2018,JEEP,A,01,,W,,-,-,2021
9362847,2,4,N,M,52,H,H,W,-,-,,-,-,-,-,"- ",,,N,-,0,1,B,,-,L,04,,W,,-,-,2021
9566798,1,1,Y,M,67,G,G,N,B,-,Y,-,-,-,,28,21658,A,A,-,0,0,B,2008,-,A,01,,B,,-,-,2022
9566798,2,4,N,M,32,A,-,N,-,-,,-,3,-,-,"- ",,,-,-,0,1,B,,-,L,04,,A,,-,-,2022
9362854,1,5,Y,-,998,A,-,-,-,-,O,-,3,-,-,"- ",,,N,-,0,0,A,2011,-,A,01,,,,-,-,2021
9362854,2,4,N,F,37,A,-,E,-,-,,-,3,-,-,"- ",,,N,-,0,1,B,,-,L,04,,A,,-,-,2021
9573329,1,1,Y,M,998,-,-,W,B,-,,-,-,-,,19,20001,A,A,-,0,0,E,2021,-,A,07,,O,,-,-,2023
9573329,2,4,N,M,67,A,-,S,-,-,O,-,3,-,-,"- ",,,N,-,0,1,B,,-,L,04,,B,,-,-,2023
9363626,1,1,N,M,56,A,-,S,M,G,Y,-,-,-,-,"- ",,,N,-,0,0,D,2014,-,M,96,,O,,-,-,2021
9363626,2,4,N,M,41,A,-,S,-,-,,-,3,-,-,"- ",,,N,-,0,1,B,,-,L,04,,H,,-,-,2021
9366724,1,1,Y,-,998,G,G,W,-,-,,-,3,-,,22,22400,A,A,N,0,0,A,,-,A,01,,,,-,-,2021
9366724,2,4,N,M,48,A,-,W,-,-,,-,3,-,-,"- ",,,N,-,0,1,B,,-,-,,,O,,-,-,2021
9368366,1,1,Y,F,998,G,G,N,-,-,,-,-,-,,19,20001,A,A,-,0,0,E,,-,-,,,B,,-,-,2021
9368366,2,4,N,M,35,A,-,S,-,-,,-,3,-,-,"- ",,,N,-,0,1,B,,-,L,04,,W,,-,-,2021
9369311,1,4,Y,M,31,C,-,S,-,-,,-,3,-,-,"- ",,,N,-,0,1,B,,-,L,04,,W,,-,-,2021
9369311,2,1,N,M,82,C,-,N,M,G,Y,-,3,-,-,"- ",,,N,-,0,0,E,2015,-,A,01,,H,,-,-,2021
9370086,1,3,Y,-,998,A,-,E,-,-,O,-,3,-,-,"- ",,,N,-,0,0,O,2015,-,A,01,,,,-,-,2021
9370086,2,4,N,F,62,A,-,E,-,-,,-,3,-,-,"- ",,,N,-,0,1,B,,-,L,04,,W,,-,-,2021
9375727,1,1,Y,-,998,G,G,N,-,-,,-,-,-,,19,20001,,A,-,0,0,E,,-,-,99,,,,-,-,2021
9375727,2,4,N,M,28,A,-,W,-,-,,-,3,-,-,"- ",,,N,-,0,1,B,,-,L,04,,W,,-,-,2021
9391961,1,4,Y,M,67,A,-,S,-,-,,-,3,-,-,"- ",,,N,-,0,1,Q,,-,L,04,,W,,-,-,2021
9391961,2,1,N,F,69,G,G,W,M,G,Y,-,3,-,-,"- ",,,N,-,0,0,D,2018,-,A,07,,A,,-,-,2021
9468694,1,1,Y,F,29,G,G,N,M,G,Y,-,3,-,-,"- ",,,N,-,0,0,D,2017,-,A,01,,H,,-,-,2023
9468694,2,4,N,M,30,G,G,N,-,-,,-,3,-,-,"- ",,,N,-,0,1,B,,-,L,04,,W,,-,-,2023
9469535,1,1,Y,M,60,A,-,S,M,G,Y,-,3,-,-,"- ",,,N,-,0,0,F,2014,-,A,01,,B,,-,-,2023
9469535,2,4,N,F,26,A,-,S,-,-,,-,3,-,-,"- ",,,N,-,0,1,B,,-,L,04,,W,,-,-,2023
9275169,1,1,Y,-,998,D,-,W,B,-,,-,3,-,-,"- ",,,N,-,0,0,B,,-,A,01,,,,-,-,2021
9275169,2,4,N,M,28,A,-,S,-,-,N,-,3,-,-,"- ",,,N,-,0,1,B,,-,L,04,,W,,-,-,2021
9633716,1,1,Y,-,998,G,G,S,B,-,,-,-,-,,31,22108,,A,N,0,0,D,,-,A,01,,,,-,-,2023
9633716,2,4,N,M,62,A,-,E,-,-,,-,3,-,-,"- ",,,N,-,0,1,B,,-,L,04,,W,,-,-,2023
9293290,1,4,N,M,33,G,G,E,-,-,,-,1,-,-,"- ",,,M,-,0,1,B,,-,L,04,,W,,-,-,2021
9294290,1,4,Y,M,43,A,-,S,-,-,N,-,3,-,-,"- ",,,N,-,0,1,E,,-,L,04,,W,,-,-,2021
9294290,2,1,N,F,38,A,-,-,M,G,Y,-,3,-,-,"- ",,,N,-,0,0,B,2013,-,A,01,,W,,-,-,2021
9294291,1,5,Y,-,998,A,-,E,-,-,O,-,3,-,-,"- ",,,N,-,0,0,O,2004,-,-,,,,,-,-,2021
9294291,2,4,N,M,68,A,-,E,-,-,N,-,3,-,-,"- ",,,N,-,0,1,B,,-,L,04,,W,,-,-,2021
9295683,1,1,Y,M,998,G,G,E,-,-,,-,-,-,-,"- ",,,-,-,0,0,B,,-,A,01,,O,,-,-,2021
9295683,2,4,N,M,39,C,-,W,-,-,,-,3,-,-,"- ",,,N,-,0,1,B,,-,L,04,,W,,-,-,2021
9312980,1,1,N,-,998,G,G,N,-,-,,-,-,-,-,"- ",,,M,-,0,0,D,,-,D,22,,,,-,-,2021
9312980,2,4,N,M,57,H,H,W,-,-,,-,3,-,-,"- ",,,N,-,0,1,B,,-,L,04,,W,,-,-,2021
9553994,1,4,Y,M,65,A,-,S,-,-,N,-,3,-,-,"- ",,,A,-,0,1,B,,-,L,04,,W,,-,-,2023
9553994,2,1,N,F,23,A,-,W,M,B,Y,-,3,-,-,"- ",,,H,-,0,0,L,2016,MINI,A,01,,A,,-,-,2023
9554143,1,1,Y,F,55,A,-,S,M,G,Y,-,3,-,-,"- ",,,N,-,0,0,F,2018,-,A,01,,W,,-,-,2023
9554143,2,4,N,M,52,A,-,N,-,-,,-,3,-,-,"- ",,,N,-,0,1,B,,-,L,04,,A,,-,-,2023
9561224,1,1,Y,-,998,H,H,-,-,-,,-,3,-,-,"- ",,,M,-,0,0,G,,-,-,,,,,-,-,2023
9561224,2,4,N,M,27,H,H,S,-,-,,-,3,-,-,"- ",,,M,-,0,1,B,,-,L,04,,W,,-,-,2023
9561285,1,1,Y,-,998,G,G,W,-,-,,-,-,-,-,"- ",,,N,-,0,0,F,2020,-,A,01,,,,-,-,2023
9561285,2,4,N,M,70,A,-,W,-,-,O,-,3,-,-,"- ",,,N,-,0,1,B,,-,L,04,,B,,-,-,2023
9561312,1,1,Y,M,45,A,-,S,M,G,Y,-,3,-,-,"- ",,,N,-,0,0,D,2020,-,A,01,,O,,-,-,2023
9561312,2,4,N,M,33,A,-,S,-,-,,-,3,-,-,"- ",,,N,-,0,1,B,,-,L,04,,H,,-,-,2023
9573300,1,1,Y,F,34,A,-,E,M,-,Y,-,3,-,-,"- ",,,N,-,0,0,O,2017,JEEP,A,07,,W,,-,-,2023
9573300,2,4,N,F,23,-,-,E,-,-,N,-,-,-,-,"- ",,,-,-,0,1,-,,-,L,04,,W,,-,-,2023
9670597,1,4,Y,M,31,A,-,S,-,-,N,-,3,-,,28,21658,A,A,F,0,1,J,,-,L,04,,O,-,-,-,2024
9670597,2,1,N,M,65,A,-,S,M,G,Y,-,3,-,-,"- ",,,N,-,0,0,B,2006,-,-,,,A,,-,-,2024
9670603,1,4,Y,M,18,A,-,N,-,-,N,-,3,-,-,"- ",,,N,-,0,1,B,,-,L,04,,O,,-,-,2024
9670603,2,1,N,M,70,A,-,W,M,G,Y,-,3,-,-,"- ",,,N,-,0,1,B,2014,-,A,07,,W,,-,-,2024
9573805,1,4,Y,M,61,A,-,W,-,-,N,-,-,-,-,"- ",,,N,-,0,1,B,,-,L,04,,W,,-,-,2023
9573805,2,4,N,F,54,A,-,W,-,-,,-,-,-,-,"- ",,,N,-,0,0,D,,-,L,04,,W,,-,-,2023
9576119,1,4,Y,F,23,A,-,W,-,-,O,-,3,-,-,"- ",,,N,-,0,1,B,,-,L,04,,B,,-,-,2023
9576119,2,1,N,F,23,A,-,N,M,G,Y,-,3,-,-,"- ",,,N,-,0,0,B,2018,-,A,01,,O,,-,-,2023
9576699,1,1,Y,M,998,G,G,E,-,B,,-,-,-,,44,21461,A,A,N,0,0,D,,-,A,01,,A,,-,-,2023
9576699,2,4,N,M,43,C,-,E,-,-,,-,3,-,-,"- ",,,N,-,0,1,H,,-,L,04,,B,,-,-,2023
9591074,1,4,Y,M,15,A,-,S,-,-,,-,3,-,-,"- ",,,N,-,0,1,B,,-,L,04,,O,,-,-,2023
9591074,2,1,N,M,41,A,-,W,M,E,Y,-,3,-,-,"- ",,,N,-,0,0,B,2018,-,A,01,,O,,-,-,2023
9591718,1,4,Y,M,24,A,-,E,-,-,,-,3,-,-,"- ",,,-,-,0,1,B,,-,L,04,,O,,-,-,2023
9591840,1,4,Y,M,998,G,G,N,-,-,,-,-,-,-,"- ",,,M,-,0,0,B,,-,L,04,,H,,-,-,2023
9591840,2,4,N,M,34,A,-,W,-,-,,-,3,-,-,"- ",,,N,-,0,1,B,,-,L,04,,O,,-,-,2023
9602295,1,1,Y,M,33,G,G,S,L,B,Y,-,3,-,-,"- ",,,M,-,0,0,B,2019,-,A,01,,B,,-,-,2023
9602295,2,4,N,F,10,H,H,W,-,-,,-,3,-,-,"- ",,,N,-,0,1,B,,-,L,04,,W,,-,-,2023
9603719,1,4,Y,M,31,A,-,N,-,-,,-,3,-,-,"- ",,,-,-,0,1,B,,-,L,04,,W,,-,-,2023
9603719,2,1,N,F,79,A,-,W,M,G,Y,-,3,-,-,"- ",,,-,-,0,0,B,2018,-,A,01,,W,,-,-,2023
9603812,1,1,Y,M,28,A,-,E,M,B,Y,-,2,-,-,"- ",,,F,-,0,0,D,2015,-,A,01,,H,-,-,-,2023
9603812,2,4,N,M,7,-,-,N,-,-,,-,-,-,-,"- ",,,-,-,0,1,E,,-,L,04,,A,,-,-,2023
9626357,1,1,Y,M,68,A,-,S,P,W,Y,-,3,-,-,"- ",,,E,-,0,0,E,2016,-,M,94,,W,,-,-,2023
9626357,2,4,N,M,26,A,-,N,-,-,,-,3,-,-,"- ",,,N,-,0,1,B,,-,L,04,,A,,-,-,2023
9545543,1,5,Y,-,998,H,H,N,-,-,O,-,3,-,-,"- ",,,N,-,0,0,A,,-,-,,,,,-,-,2023
9545543,2,4,N,F,23,H,H,N,-,-,,-,3,-,-,"- ",,,N,-,0,1,B,,-,L,04,,B,,-,-,2023
9545543,3,5,N,-,998,H,H,-,-,-,O,-,3,-,-,"- ",,,N,-,0,0,A,,-,-,,,,,-,-,2023
9553758,1,1,Y,F,35,A,-,E,M,G,Y,-,-,-,-,"- ",,,N,-,0,0,B,2018,AUDI,A,01,,A,,-,-,2023
9553758,2,4,N,M,34,C,-,E,-,-,O,-,-,-,-,"- ",,,N,-,0,1,B,,-,L,04,,A,,-,-,2023
9553758,3,3,N,-,998,A,-,E,-,-,O,-,-,-,-,"- ",,,N,-,0,0,O,2004,-,A,08,,,,-,-,2023
9633822,1,4,Y,M,34,G,G,S,-,-,,-,3,-,-,"- ",,,N,-,0,1,B,,-,L,04,,H,,-,-,2023
9633822,2,1,N,-,998,G,G,-,-,-,N,-,3,-,-,"- ",,,N,-,0,0,E,,-,-,99,,,,-,-,2023
9553856,1,4,Y,M,29,H,H,E,-,-,,-,-,-,-,"- ",,,N,-,0,1,B,,-,L,04,,B,,-,-,2022
9650283,1,4,Y,F,48,-,-,N,-,-,N,-,-,-,-,"- ",,,-,-,0,1,B,,-,L,04,,W,,-,-,2023
9650283,2,1,N,F,25,-,-,E,M,G,Y,-,-,-,-,"- ",,,-,-,0,0,E,2014,-,A,01,,W,,-,-,2023
9658666,1,1,Y,F,998,A,-,E,-,-,,-,3,-,-,"- ",,,N,-,0,0,B,,-,A,01,,W,,-,-,2024
9658666,2,4,N,M,40,G,G,N,-,-,N,-,-,-,-,"- ",,,N,-,0,1,D,,-,L,04,,H,,-,-,2024
9659754,1,1,Y,X,998,G,G,E,B,-,,-,-,-,,34,21950,A,A,-,0,0,M,,-,A,01,,O,,-,-,2024
9659754,2,4,N,M,28,A,-,E,-,-,,-,3,-,,24,22450,,A,-,0,1,B,,-,L,04,,B,,-,-,2024
9659754,3,1,N,M,43,A,-,E,M,G,Y,-,3,-,-,"- ",,,-,-,0,0,C,1999,-,A,01,,W,,-,-,2024
9662513,1,4,Y,M,44,A,-,E,-,-,N,-,3,-,-,"- ",,,N,-,0,1,B,,-,L,04,,W,,-,-,2024
9662513,2,1,N,-,998,G,G,S,-,-,,-,-,-,-,"- ",,,N,-,0,0,B,,-,F,26,,,,-,-,2024
9666525,1,1,Y,F,58,A,-,W,M,G,Y,-,-,-,-,"- ",,,-,-,0,0,J,2024,-,A,01,,B,,-,-,2024
9666525,2,4,N,M,58,A,-,W,-,-,,-,-,-,-,"- ",,,-,-,0,1,R,,-,L,04,,O,,-,-,2024
9677021,1,3,Y,-,998,A,-,N,-,-,O,-,3,-,-,"- ",,,N,-,0,0,O,2003,-,A,01,,,,-,-,2024
9677021,2,4,N,M,45,A,-,N,-,-,,-,3,-,-,"- ",,,N,-,0,2,B,,-,L,04,,W,,-,-,2024
91872295,1,4,Y,F,35,A,-,N,-,W,O,-,3,-,-,"- ",,,N,-,0,1,B,,E11EVEN,L,04,,A,,-,-,2022
9677669,1,4,Y,M,34,A,-,E,-,-,,-,-,-,-,"- ",,,N,-,0,1,B,,-,L,04,,W,,-,-,2024
9690968,1,4,Y,M,34,G,G,E,-,-,,-,3,-,-,"- ",,,N,-,0,1,B,,-,L,04,,W,,-,-,2024
9690968,2,1,N,M,45,A,-,N,L,G,Y,-,3,-,-,"- ",,,N,-,0,0,B,2017,-,C,06,,A,,-,-,2024
9690980,1,4,Y,M,998,G,G,N,-,-,,-,3,-,,19,20001,A,A,-,0,0,Q,,-,L,04,,B,,-,-,2024
9690980,2,2,N,F,56,A,-,E,-,-,O,-,3,-,-,"- ",,,N,-,0,1,B,,-,N,60,,H,,-,-,2024
9690980,3,2,N,F,82,A,-,E,-,-,O,-,3,-,-,"- ",,,N,-,0,1,B,,-,N,60,,H,,-,-,2024
9691006,1,1,Y,-,998,G,G,-,-,-,,-,-,-,-,"- ",,,N,-,0,0,P,2016,-,-,,,,,-,-,2024
9691006,2,4,N,M,15,A,-,W,-,-,,-,3,-,-,"- ",,,N,-,0,1,B,,-,L,04,,H,,-,-,2024
9223784,1,1,Y,F,998,-,-,S,-,-,,-,-,-,-,"- ",,,N,-,0,0,K,2020,-,A,01,,B,,-,-,2021
9223784,2,4,N,M,53,-,-,S,-,-,N,-,-,-,-,"- ",,,N,-,0,1,B,,-,L,04,,B,,-,-,2021
9691147,1,1,N,F,20,A,-,N,M,G,Y,-,3,-,-,"- ",,,N,-,0,0,A,2011,-,A,01,,H,,-,-,2024
9691147,2,1,N,M,36,A,-,N,M,G,Y,-,3,-,-,"- ",,,N,-,0,0,A,2014,-,A,01,,H,,-,-,2024
9691147,3,4,N,M,38,A,-,N,-,-,,-,3,-,-,"- ",,,N,-,0,1,A,,-,L,04,,A,,-,-,2024
9700974,1,4,N,F,41,A,-,S,-,-,,-,3,-,-,"- ",,,N,-,0,1,B,,-,L,04,,W,,-,-,2024
9700974,2,1,N,M,63,A,-,W,M,C,Y,-,3,-,-,"- ",,,N,-,0,0,D,2014,-,A,01,,H,,-,-,2024
9223895,1,1,Y,M,35,A,-,E,M,C,Y,-,3,-,-,"- ",,,N,-,0,0,E,2015,-,A,01,,W,,-,-,2021
9223895,2,4,N,M,56,A,-,N,-,-,,-,3,-,-,"- ",,,N,-,0,1,B,,-,L,04,,H,,-,-,2021
9633844,1,2,Y,F,59,A,-,S,-,-,O,-,-,-,-,"- ",,,N,-,0,1,R,,-,N,60,,A,,-,-,2023
9633844,2,4,N,M,22,A,-,E,-,-,,-,-,-,-,"- ",,,N,-,0,1,B,,-,L,04,,A,,-,-,2023
9634259,1,4,Y,M,45,G,G,N,-,-,,-,3,-,-,"- ",,,F,-,0,1,B,,-,L,04,,W,F,-,-,2023
9634259,2,1,N,M,67,A,-,S,M,G,Y,-,3,-,-,"- ",,,N,-,0,0,A,2005,-,-,,,,,-,-,2023
9224060,1,4,Y,M,37,A,-,N,-,-,N,-,3,-,-,"- ",,,N,-,0,1,H,,-,L,04,,H,,-,-,2021
9634741,1,4,N,M,63,A,-,N,-,-,N,-,3,-,-,"- ",,,N,-,0,1,B,,-,L,04,,W,,-,-,2023
9646225,1,1,Y,M,62,A,-,E,M,G,,-,3,-,-,"- ",,,N,-,0,0,B,2018,-,A,01,,A,,-,-,2023
9646225,2,4,N,M,45,A,-,S,-,-,,-,3,-,-,"- ",,,N,-,0,1,B,,-,L,04,,W,,-,-,2023
9650278,1,1,Y,M,998,G,G,W,B,-,,-,-,-,-,"- ",,,-,-,0,0,D,,-,A,01,,H,,-,-,2023
9650278,2,4,N,M,21,H,H,W,-,-,,-,3,-,-,"- ",,,N,-,0,1,B,,-,L,04,,W,,-,-,2023
9708203,1,1,Y,-,998,G,G,-,-,-,,-,3,-,,19,20002,A,A,-,0,0,D,,-,A,01,,,,-,-,2024
9708203,2,4,N,M,39,A,-,E,-,-,,-,3,-,-,"- ",,,N,-,0,1,B,,-,L,04,,W,,-,-,2024
9708229,1,1,Y,M,23,A,-,S,M,G,Y,-,3,-,-,"- ",,,N,-,0,1,F,2009,-,A,01,,H,,-,-,2024
9708229,2,4,N,M,27,A,-,W,-,-,,-,3,-,-,"- ",,,N,-,0,0,B,,-,L,04,,W,,-,-,2024
9708235,1,2,N,M,998,A,-,W,-,-,O,-,3,-,-,"- ",,,N,-,0,0,B,,-,N,60,,A,,-,-,2024
9708235,2,4,Y,M,53,D,-,N,-,-,,-,3,-,-,"- ",,,-,-,0,1,A,,-,L,04,,W,,-,-,2024
9729767,1,4,Y,-,998,G,G,-,-,-,,-,3,-,-,"- ",,,N,-,0,0,B,,-,L,04,,O,,-,-,2024
9729767,2,2,N,F,65,A,-,N,-,-,O,-,3,-,-,"- ",,,N,-,0,1,B,,-,N,60,,A,,-,-,2024
91459240,1,4,Y,M,50,A,-,S,-,W,O,-,3,-,-,"- ",,,N,-,0,1,B,2016,"TREK MAD",L,04,,W,,-,-,2021
91459240,2,1,N,F,63,A,-,N,P,P,Y,-,3,-,-,"- ",,,N,-,0,0,F,1993,CUSHM,M,96,,W,,-,-,2021
9223609,1,1,Y,M,39,A,-,S,M,G,Y,A,-,-,-,"- ",,,M,-,0,0,B,2007,-,A,01,,W,,-,-,2021
9223609,2,4,N,M,50,A,-,W,-,-,O,A,-,-,-,"- ",,,N,-,0,1,B,,-,L,04,,A,,-,-,2021
9239159,1,4,Y,M,29,A,-,E,-,-,N,-,3,-,,00,22101,E,A,N,0,1,B,,-,L,04,,B,,-,-,2021
9239159,2,1,N,M,34,A,-,W,M,G,Y,-,3,-,-,"- ",,,N,-,0,0,E,2016,-,A,01,,H,,-,-,2021
9223611,1,4,Y,M,25,-,-,E,-,-,O,-,-,-,-,"- ",,,N,-,0,1,-,,-,L,04,,W,,-,-,2021
9223620,1,1,Y,M,41,A,-,S,M,G,Y,-,3,-,-,"- ",,,N,-,0,0,B,2004,-,A,07,,W,,-,-,2021
9223620,2,4,N,M,29,A,-,W,-,-,O,-,3,-,-,"- ",,,N,-,0,1,B,,-,L,04,,W,,-,-,2021
9252818,1,4,Y,F,48,A,-,E,-,-,N,-,3,-,-,"- ",,,-,-,0,1,B,,-,L,04,,W,,-,-,2021
9252818,2,1,N,M,56,A,-,S,M,G,Y,-,3,-,-,"- ",,,-,-,0,0,B,2014,-,A,01,,W,,-,-,2021
9223767,1,1,Y,M,29,A,-,E,M,G,Y,-,3,-,-,"- ",,,N,-,0,0,E,2020,-,A,01,,W,,-,-,2021
9223767,2,4,N,M,75,A,-,W,-,-,,-,3,-,-,"- ",,,N,-,0,1,B,,-,L,04,,W,,-,-,2021
9223807,1,4,N,F,30,A,-,E,-,-,N,-,3,-,-,"- ",,,N,-,0,1,B,,-,L,04,,A,,-,-,2021
9262741,1,4,Y,M,58,A,-,E,-,-,,-,3,-,-,"- ",,,N,-,0,1,H,,-,L,04,,H,,-,-,2021
9691105,1,1,Y,F,30,A,-,E,B,-,Y,-,3,-,-,"- ",,,N,-,0,0,E,2021,-,A,01,,B,,-,-,2024
9691105,2,4,N,F,36,A,-,W,-,-,,-,3,-,-,"- ",,,N,-,0,1,B,,-,L,04,,B,,-,-,2024
9691107,1,4,Y,M,24,G,G,E,-,-,,-,3,-,-,"- ",,,-,-,0,1,B,,-,L,04,,H,,-,-,2024
9691107,2,1,N,M,45,A,-,E,M,E,Y,-,3,-,-,"- ",,,-,-,0,0,D,2023,-,A,01,,A,,-,-,2024
9691113,1,4,Y,M,43,G,G,N,-,-,,-,3,-,-,"- ",,,N,-,0,1,L,,-,L,04,,H,,-,-,2024
9691113,2,1,N,M,46,A,-,E,M,G,Y,-,3,-,-,"- ",,,N,-,0,0,B,2007,-,A,01,,A,,-,-,2024
9275108,1,1,N,F,19,A,-,W,M,G,Y,-,3,-,-,"- ",,,N,-,0,0,B,2003,-,A,01,,H,,-,-,2021
9275108,2,4,N,M,55,A,-,N,-,-,,-,3,-,-,"- ",,,N,-,0,1,B,,-,L,04,,W,,-,-,2021
9275154,1,4,Y,M,46,A,-,E,-,-,,-,1,-,-,"- ",,,F,-,0,1,B,,-,L,04,,B,-,-,-,2021
9275154,2,2,N,F,55,A,-,E,-,-,O,-,3,-,-,"- ",,,N,-,0,1,B,,-,N,60,,W,,-,-,2021
9275174,1,4,Y,M,23,G,G,E,-,-,,-,3,-,,19,20002,,A,-,0,1,B,,-,L,04,,H,,-,-,2021
9275174,2,1,N,F,43,A,-,S,M,G,Y,-,3,-,-,"- ",,,N,-,0,0,B,2012,-,A,01,,W,,-,-,2021
9285678,1,1,Y,-,998,G,G,S,-,-,,-,-,-,,19,20001,A,A,-,0,0,B,,-,A,01,,,,-,-,2021
9285678,2,4,N,F,50,A,-,E,-,-,,-,-,-,-,"- ",,,N,-,0,1,B,,-,L,04,,B,,-,-,2021
9285689,1,4,Y,F,51,A,-,W,-,-,O,-,3,-,-,"- ",,,N,-,0,1,B,,-,L,04,,H,,-,-,2021
9285689,2,1,N,M,51,A,-,W,M,G,Y,-,3,-,-,"- ",,,G,-,0,0,B,2019,-,A,01,,O,,-,-,2021
9285713,1,4,N,M,36,A,-,E,-,-,N,-,3,-,-,"- ",,,N,-,0,1,B,,-,L,04,,W,,-,-,2021
9285713,2,1,N,-,998,G,G,-,-,-,,-,-,-,-,"- ",,,-,-,0,0,E,,-,-,,,,,-,-,2021
9223813,1,4,Y,M,36,A,-,E,-,-,N,-,3,-,-,"- ",,,N,-,0,1,B,,-,L,04,,H,,-,-,2021
9223813,2,1,N,M,23,A,-,N,M,C,N,-,3,-,-,"- ",,,N,-,0,0,B,2000,-,A,01,,H,,-,-,2021
9223916,1,1,Y,M,21,A,-,E,M,G,Y,-,3,-,-,"- ",,,N,-,0,0,E,2013,-,A,07,,O,,-,-,2021
9223916,2,4,N,M,37,A,-,N,-,-,O,-,3,-,-,"- ",,,N,-,0,1,B,,-,L,04,,A,,-,-,2021
9703984,1,4,Y,M,23,A,-,N,P,V,,-,3,-,,27,21202,A,A,-,0,1,B,,-,L,04,,W,,-,-,2024
9703984,2,4,N,M,54,A,-,E,M,G,Y,-,3,-,-,"- ",,,N,-,0,0,D,2023,-,L,04,,W,,-,-,2024
9704956,1,1,Y,M,56,A,-,S,M,G,Y,-,3,-,-,"- ",,,N,-,0,0,B,2008,-,D,82,,O,,-,-,2024
9704956,2,4,N,M,76,G,G,S,-,-,,-,3,-,-,"- ",,,N,-,0,1,B,,-,L,04,,W,,-,-,2024
9705104,1,4,Y,M,54,A,-,S,-,-,,-,-,-,-,"- ",,,N,-,0,1,Q,,-,L,04,,B,,-,-,2024
9705104,2,1,N,F,998,A,-,N,M,B,,-,-,-,-,"- ",,,N,-,0,0,B,2013,-,I,20,,,,-,-,2024
9705166,1,4,Y,M,64,A,-,S,-,-,,-,3,-,-,"- ",,,N,-,0,1,D,,-,L,04,,B,,-,-,2024
9708159,1,1,Y,M,25,A,-,N,P,A,Y,-,3,-,-,"- ",,,N,-,0,0,I,2022,-,C,02,,O,,-,-,2024
9708159,2,4,N,M,26,A,-,W,-,-,,-,3,-,-,"- ",,,N,-,0,1,E,,-,L,04,,A,,-,-,2024
9224041,1,4,Y,M,29,A,-,-,-,-,N,-,3,-,-,"- ",,,E,-,0,1,B,,-,L,04,,H,,-,-,2021
9224041,2,1,N,F,54,A,-,-,M,G,Y,-,3,-,-,"- ",,,N,-,0,0,D,2019,-,A,07,,W,,-,-,2021
9224067,1,1,N,M,23,A,-,N,M,G,Y,-,3,-,,47,12500,A,A,F,0,0,M,2017,-,A,01,,H,-,-,-,2021
9224067,2,4,N,M,47,A,-,N,-,-,N,-,3,-,-,"- ",,,-,-,0,1,P,,-,L,04,,W,,-,-,2021
9227569,1,4,Y,M,43,A,-,W,-,-,,-,3,-,-,"- ",,,N,-,0,1,B,,-,L,04,,W,,-,-,2021
9227569,2,1,N,M,43,A,-,W,M,G,Y,-,3,-,-,"- ",,,N,-,0,0,B,2017,-,A,07,,A,,-,-,2021
9227571,1,4,Y,M,25,A,-,W,-,-,N,-,3,-,,39,21201,D,A,-,0,1,B,,-,L,04,,H,,-,-,2021
9227571,2,1,N,F,33,A,-,S,M,G,Y,-,3,-,-,"- ",,,N,-,0,0,B,2016,-,A,01,,H,,-,-,2021
9227571,3,3,N,-,998,H,H,S,-,-,O,-,3,-,-,"- ",,,N,-,0,0,O,2009,-,A,01,,,,-,-,2021
9227595,1,1,Y,M,52,-,-,E,M,H,Y,-,3,-,-,"- ",,,N,-,0,0,-,2013,-,A,01,,A,,-,-,2021
9227595,2,4,N,M,53,-,-,E,-,-,,-,3,-,-,"- ",,,N,-,0,1,-,,-,L,04,,A,,-,-,2021
9228198,1,5,Y,-,998,A,-,-,-,-,O,-,-,-,-,"- ",,,-,-,0,0,O,2017,-,A,01,,,,-,-,2021
9228198,2,4,N,M,23,A,-,E,-,-,,-,-,-,-,"- ",,,-,-,0,1,B,,-,L,04,,O,,-,-,2021
9341106,1,1,Y,-,998,G,G,S,-,-,,-,-,-,,19,20001,A,A,N,0,0,D,,-,A,01,,,,-,-,2021
9341106,2,4,N,M,50,A,-,E,-,-,O,-,3,-,-,"- ",,,-,-,0,1,B,,-,L,04,,H,,-,-,2021
9341108,1,4,Y,M,39,A,-,N,-,-,N,-,3,-,-,"- ",,,N,-,0,1,B,,-,L,04,,H,,-,-,2021
9341108,2,1,N,M,25,A,-,W,M,G,Y,-,3,-,-,"- ",,,N,-,0,0,B,2019,-,A,01,,O,,-,-,2021
9341110,1,4,Y,M,26,A,-,W,-,-,N,-,3,-,-,"- ",,,N,-,0,1,B,,-,L,04,,A,,-,-,2021
9341110,2,2,N,F,36,A,-,N,-,-,O,-,3,-,-,"- ",,,N,-,0,1,B,,-,N,60,,W,,-,-,2021
9228204,1,4,Y,M,998,H,H,W,-,-,,-,-,-,-,"- ",,,N,-,0,0,B,,-,L,04,,W,,-,-,2021
9228204,2,2,N,M,32,H,H,S,-,-,O,-,-,-,-,"- ",,,N,-,0,1,B,,-,N,60,,O,,-,-,2021
9252275,1,1,Y,M,71,A,-,N,M,G,Y,-,3,-,-,"- ",,,N,-,0,0,E,2012,-,A,01,,A,,-,-,2021
9252275,2,4,N,M,31,A,-,W,-,-,,-,3,-,-,"- ",,,N,-,0,1,B,,-,L,04,,W,,-,-,2021
9252725,1,4,Y,M,28,H,H,N,-,-,N,-,3,-,-,"- ",,,N,-,0,1,B,,-,L,04,,H,,-,-,2021
9252725,2,1,N,M,60,H,H,W,N,G,Y,-,3,-,-,"- ",,,N,-,0,0,B,2008,FORD,A,01,,W,,-,-,2021
9253090,1,1,Y,M,998,D,-,-,-,-,,-,-,-,-,"- ",,,N,-,0,0,A,,-,A,01,,H,,-,-,2021
9253090,2,4,N,F,18,A,-,-,-,-,,-,-,-,-,"- ",,,N,-,0,1,B,,-,L,04,,H,,-,-,2021
9253283,1,4,Y,M,20,A,-,N,-,-,,-,-,-,-,"- ",,,N,-,0,1,E,,-,L,04,,W,,-,-,2021
9253283,2,1,N,M,45,A,-,N,M,G,Y,-,-,-,-,"- ",,,N,-,0,0,B,2016,-,A,01,,W,,-,-,2021
9343320,1,4,Y,M,26,A,-,S,-,-,O,-,3,-,-,"- ",,,N,-,0,1,B,,-,L,04,,H,,-,-,2021
9343320,2,1,N,M,47,A,-,E,M,G,Y,-,3,-,-,"- ",,,N,-,0,0,B,2017,-,A,01,,W,,-,-,2021
9345624,1,4,Y,F,25,A,-,N,-,-,N,-,3,-,-,"- ",,,N,-,0,0,B,,-,L,04,,W,,-,-,2021
9345624,2,2,N,F,81,A,-,N,-,-,O,-,3,-,-,"- ",,,N,-,0,1,B,,-,N,60,,W,,-,-,2021
9345640,1,4,N,M,25,A,-,E,-,-,N,-,3,-,-,"- ",,,N,-,0,1,B,,-,L,04,,H,,-,-,2021
9262779,1,4,Y,M,34,A,-,N,-,-,N,-,-,-,-,"- ",,,-,-,0,1,B,,-,L,04,,W,,-,-,2021
9262779,2,1,N,M,53,A,-,N,M,G,Y,-,-,-,-,"- ",,,N,-,0,0,E,2021,-,A,08,,A,,-,-,2021
9347360,1,1,Y,M,43,A,-,E,M,G,Y,-,3,-,-,"- ",,,N,-,0,0,D,2016,-,A,01,,A,,-,-,2021
9347360,2,4,N,M,20,A,-,E,-,-,,-,3,-,-,"- ",,,N,-,0,1,B,,-,L,04,,H,,-,-,2021
9347439,1,1,Y,M,998,D,-,N,-,-,,-,-,-,-,"- ",,,-,-,0,0,B,,-,-,99,,H,,-,-,2021
9347439,2,4,N,M,37,C,-,W,-,-,,-,-,-,-,"- ",,,-,-,0,1,B,,-,L,04,,B,,-,-,2021
9262785,1,1,Y,F,34,A,-,N,M,G,Y,-,3,-,-,"- ",,,N,-,0,0,E,2020,-,A,01,,A,,-,-,2021
9262785,2,4,N,M,51,A,-,W,-,-,,-,3,-,-,"- ",,,N,-,0,1,B,,-,L,04,,W,,-,-,2021
9262839,1,1,Y,M,998,-,-,W,B,-,,-,-,-,,19,20001,A,A,-,0,0,D,2013,-,A,01,,H,,-,-,2021
9262839,2,4,N,F,18,A,-,W,-,-,,-,3,-,-,"- ",,,N,-,0,1,A,,-,L,04,,A,,-,-,2021
9348919,1,4,Y,M,25,A,-,W,-,-,N,-,3,-,-,"- ",,,N,-,0,1,J,,-,L,04,,W,,-,-,2022
9348919,2,1,N,F,33,A,-,N,M,G,Y,-,3,-,-,"- ",,,N,-,0,0,B,2006,-,A,01,,A,,-,-,2022
9348930,1,4,Y,M,52,A,-,S,-,-,,-,-,-,-,"- ",,,N,-,0,1,B,,-,L,04,,B,,-,-,2022
9349614,1,4,Y,F,35,A,-,E,-,-,,-,3,-,-,"- ",,,N,-,0,1,B,,-,L,04,,W,,-,-,2021
9349614,2,1,N,F,27,A,-,N,M,G,,-,3,-,-,"- ",,,N,-,0,0,E,2021,FORD,A,07,,W,,-,-,2021
9288109,1,1,Y,M,998,G,G,S,-,-,,-,3,-,-,"- ",,,N,-,0,0,D,,-,A,01,,O,,-,-,2021
9288109,2,4,N,M,34,A,-,E,-,-,,-,3,-,-,"- ",,,N,-,0,1,B,,-,L,04,,O,,-,-,2021
9288138,1,1,Y,M,20,A,-,E,M,G,Y,-,3,-,-,"- ",,,N,-,0,0,D,2002,-,A,01,,H,,-,-,2021
9288138,2,4,N,M,34,A,-,N,-,-,,-,3,-,-,"- ",,,N,-,0,1,B,,-,L,04,,W,,-,-,2021
9362823,1,1,Y,M,35,G,G,E,B,-,Y,-,-,-,-,"- ",,,N,-,0,0,B,2018,-,A,01,,W,,-,-,2021
9362823,2,4,N,F,24,G,G,E,-,-,,-,3,-,-,"- ",,,N,-,0,1,B,,-,L,04,,W,,-,-,2021
9362855,1,1,Y,-,998,H,H,W,B,-,N,-,-,-,-,"- ",,,-,-,0,0,B,,-,A,01,,,,-,-,2021
9362855,2,4,N,M,34,H,H,W,-,-,,-,-,-,-,"- ",,,-,-,0,1,B,,-,L,04,,H,,-,-,2021
9290649,1,1,Y,M,76,A,-,E,M,G,Y,-,3,-,-,"- ",,,N,-,0,0,E,2012,-,A,01,,W,,-,-,2021
9290649,2,4,N,M,68,A,-,N,-,-,,-,3,-,-,"- ",,,N,-,0,1,B,,-,L,04,,H,,-,-,2021
9365792,1,1,Y,M,51,A,-,S,M,G,Y,-,3,-,-,"- ",,,N,-,0,0,E,2013,-,A,01,,A,,-,-,2021
9365792,2,4,N,M,20,G,G,N,-,-,,-,3,-,-,"- ",,,N,-,0,1,B,,-,L,04,,W,,-,-,2021
9294125,1,1,N,M,53,A,-,W,M,G,Y,-,3,-,-,"- ",,,-,-,0,0,B,2010,FORD,D,22,,W,,-,-,2021
9294125,2,4,N,M,60,A,-,S,-,-,,-,-,-,-,"- ",,,-,-,0,1,B,,-,L,04,,A,,-,-,2021
9295563,1,1,Y,-,998,G,G,W,-,-,,-,-,-,,19,20001,A,A,N,0,0,D,,-,A,07,,,,-,-,2021
9295563,2,4,N,M,27,A,-,S,-,-,,-,-,-,-,"- ",,,N,-,0,1,B,,-,L,04,,H,,-,-,2021
9295696,1,1,Y,F,29,A,-,N,M,P,Y,-,-,-,-,"- ",,,N,-,0,0,O,2018,-,A,01,,W,,-,-,2021
9295696,2,4,N,F,31,A,-,N,-,-,O,-,-,-,-,"- ",,,N,-,0,1,B,,-,L,04,,A,,-,-,2021
9227530,1,1,Y,M,33,A,-,W,M,B,,-,3,-,-,"- ",,,N,-,0,0,B,1992,-,A,01,,W,,-,-,2021
9227530,2,4,N,M,55,A,-,W,-,-,,-,3,-,-,"- ",,,N,-,0,1,B,,-,L,04,,W,,-,-,2021
9227537,1,2,Y,M,998,A,-,S,-,-,O,-,3,-,-,"- ",,,N,-,0,0,L,,-,N,60,,W,,-,-,2021
9227537,2,4,N,F,41,A,-,W,-,-,,-,3,-,-,"- ",,,N,-,0,1,B,,-,L,04,,W,,-,-,2021
9376333,1,4,Y,M,31,A,-,E,-,-,N,-,3,-,-,"- ",,,N,-,0,1,B,,-,L,04,,H,,-,-,2021
9227557,1,1,Y,F,49,A,-,S,M,H,Y,-,-,-,-,"- ",,,N,-,0,0,A,2011,-,A,08,,H,,-,-,2021
9227557,2,4,N,M,33,A,-,S,-,-,,-,3,-,-,"- ",,,N,-,0,1,B,,-,L,04,,H,,-,-,2021
9313481,1,4,N,M,39,A,-,E,-,-,,-,-,-,-,"- ",,,-,-,0,1,B,,-,L,04,,W,,-,-,2021
9313481,2,3,N,-,998,H,H,E,-,-,O,-,-,-,-,"- ",,,-,-,0,0,O,2016,-,-,,,,,-,-,2021
9389204,1,4,Y,M,54,A,-,S,-,-,,-,3,-,-,"- ",,,N,-,0,1,B,,-,L,04,,W,,-,-,2021
9389204,2,1,N,M,44,A,-,S,M,G,Y,-,3,-,-,"- ",,,N,-,0,0,D,2017,-,I,11,,B,,-,-,2021
9314634,1,4,Y,M,52,B,-,W,-,-,N,-,3,-,-,"- ",,,N,-,0,1,B,,-,L,04,,H,,-,-,2021
9314634,2,1,N,M,29,A,-,S,M,G,Y,-,3,-,-,"- ",,,N,-,0,0,B,2011,-,A,01,,W,,-,-,2021
9391962,1,1,N,M,998,G,G,S,-,-,,-,3,-,-,"- ",,,N,-,0,0,E,,-,A,01,,B,,-,-,2021
9391962,2,4,N,-,74,A,-,W,-,-,,-,3,-,-,"- ",,,N,-,0,1,B,,-,L,04,,W,,-,-,2021
9396439,1,1,Y,X,998,G,G,S,-,-,,-,-,-,,19,20001,A,A,-,0,0,D,,-,A,01,,,,-,-,2022
9396439,2,4,N,M,27,A,-,E,-,-,,-,3,-,-,"- ",,,N,-,0,1,B,,-,L,04,,H,,-,-,2022
9396468,1,4,N,M,34,G,G,W,-,-,,-,-,-,-,"- ",,,N,-,0,1,B,,-,L,04,,W,,-,-,2022
9400642,1,1,Y,F,30,A,-,S,M,G,Y,-,3,-,-,"- ",,,N,-,0,0,E,2015,-,A,01,,A,,-,-,2022
9400642,2,4,N,M,61,A,-,N,-,-,,-,3,-,-,"- ",,,N,-,0,1,B,,-,L,04,,A,,-,-,2022
9316641,1,1,Y,M,60,A,-,E,M,G,Y,-,3,-,-,"- ",,,N,-,0,0,B,2018,-,A,01,,A,,-,-,2021
9316641,2,4,N,M,26,A,-,N,-,-,,-,3,-,-,"- ",,,N,-,0,1,B,,-,L,04,,W,,-,-,2021
9405563,1,4,Y,F,33,A,-,S,-,-,,-,3,-,-,"- ",,,N,-,0,1,B,,-,L,04,,A,,-,-,2021
9405563,2,1,N,F,40,A,-,S,M,G,Y,-,3,-,-,"- ",,,N,-,0,0,D,2015,-,-,,,W,,-,-,2021
9405699,1,4,Y,M,79,A,-,W,-,-,,-,3,-,-,"- ",,,N,-,0,1,B,,-,L,04,,A,,-,-,2022
9405699,2,1,N,F,85,A,-,N,M,G,Y,-,3,-,-,"- ",,,N,-,0,0,E,2002,-,A,07,,A,,-,-,2022
9410014,1,1,Y,M,998,G,G,S,-,-,,-,-,-,-,"- ",,,F,-,0,0,E,,-,A,01,,W,K,-,-,2022
9410014,2,4,N,M,30,A,-,S,-,-,,-,-,-,-,"- ",,,N,-,0,1,A,,-,L,04,,A,,-,-,2022
9410117,1,4,Y,M,63,A,-,N,-,-,,-,3,-,-,"- ",,,N,-,0,1,Q,,-,L,04,,A,,-,-,2022
9410117,2,4,N,M,45,A,-,S,-,-,,-,3,-,-,"- ",,,N,-,0,0,B,,-,L,04,,B,,-,-,2022
9414381,1,4,Y,M,36,A,-,N,-,-,,-,3,-,-,"- ",,,N,-,0,1,E,,-,L,04,,W,,-,-,2022
9414381,2,1,N,M,19,A,-,S,M,G,Y,-,3,-,-,"- ",,,N,-,0,0,B,2020,-,A,01,,B,,-,-,2022
9416980,1,1,Y,M,31,A,-,W,M,G,Y,-,-,-,-,"- ",,,E,-,0,0,L,2011,-,A,01,,A,,-,-,2022
9416980,2,4,N,F,47,A,-,N,-,-,,-,-,-,-,"- ",,,N,-,0,2,B,,-,L,04,,W,,-,-,2022
9422555,1,1,Y,F,56,A,-,S,M,C,Y,-,-,-,-,"- ",,,N,-,0,0,E,2006,-,A,01,,W,,-,-,2022
9422555,2,4,N,F,33,A,-,N,-,-,,-,-,-,-,"- ",,,N,-,0,1,B,,-,L,04,,A,,-,-,2022
9425287,1,1,Y,M,56,A,-,E,M,E,Y,-,3,-,-,"- ",,,N,-,0,0,E,2015,-,A,07,,W,,-,-,2022
9425287,2,4,N,M,50,A,-,S,-,-,O,-,3,-,-,"- ",,,N,-,0,1,B,,-,L,04,,A,,-,-,2022
9425299,1,1,Y,M,73,A,-,S,M,G,Y,-,3,-,-,"- ",,,N,-,0,0,D,2021,-,A,07,,W,,-,-,2022
9425299,2,4,N,-,64,A,-,E,-,-,,-,3,-,-,"- ",,,N,-,0,1,B,,-,L,04,,W,,-,-,2022
9427854,1,4,Y,M,22,A,-,-,-,-,,-,-,-,-,"- ",,,N,-,0,1,B,,-,L,04,,,,-,-,2022
9427854,2,1,N,F,58,A,-,S,M,G,Y,-,-,-,-,"- ",,,N,-,0,0,B,2013,-,A,01,,H,,-,-,2022
9431501,1,1,Y,-,998,G,G,S,-,-,N,-,-,-,,25,22350,,A,-,0,0,B,,-,A,01,,,,-,-,2022
9431501,2,4,N,F,32,G,G,S,-,-,,-,-,-,-,"- ",,,-,-,0,1,B,,-,L,04,,W,,-,-,2022
9431567,1,4,Y,F,45,A,-,N,-,-,,-,3,-,,27,21650,,A,-,0,1,B,,-,L,04,,W,,-,-,2022
9431567,2,4,N,M,28,A,-,E,-,-,,-,3,-,-,"- ",,,E,-,0,1,B,,-,L,04,,W,,-,-,2022
9341994,1,1,Y,M,52,A,-,S,M,C,Y,-,3,-,,47,12500,A,A,-,0,0,D,2002,-,A,01,,H,,-,-,2021
9341994,2,4,N,F,24,A,-,E,-,-,O,-,3,-,-,"- ",,,N,-,0,1,B,,-,L,04,,A,,-,-,2021
9434253,1,1,Y,M,55,H,H,W,M,G,Y,-,-,-,-,"- ",,,N,-,0,0,D,1991,-,A,01,,W,,-,-,2022
9434253,2,4,N,F,58,H,H,-,-,-,,-,-,-,-,"- ",,,N,-,0,1,B,,-,L,04,,W,,-,-,2022
9435242,1,1,Y,M,20,A,-,S,M,B,Y,-,3,-,-,"- ",,,N,-,0,0,E,2017,FORD,A,01,,,,-,-,2022
9435242,2,4,N,M,49,A,-,E,-,-,,-,3,-,-,"- ",,,N,-,0,1,B,,-,L,04,,,,-,-,2022
9435252,1,4,N,M,54,-,-,E,-,-,,-,-,-,-,"- ",,,-,-,0,1,R,,-,L,04,,H,,-,-,2022
9437212,1,4,Y,M,24,G,G,W,-,-,N,-,3,-,-,"- ",,,N,-,0,1,B,,-,L,04,,W,,-,-,2022
9437212,2,1,N,F,30,A,-,S,M,C,Y,-,3,-,-,"- ",,,N,-,0,0,B,2022,-,A,01,,H,,-,-,2022
9343029,1,1,Y,M,998,A,-,S,B,-,,-,3,-,-,"- ",,,N,-,0,0,B,,-,A,07,,H,,-,-,2021
9343029,2,4,N,F,33,G,G,S,-,-,,-,3,-,-,"- ",,,N,-,0,1,O,,-,L,04,,A,,-,-,2021
9442114,1,1,Y,F,998,G,G,N,B,-,,-,-,-,-,"- ",,,N,-,0,0,D,,-,A,08,,B,,-,-,2022
9442114,2,4,N,F,30,A,-,S,-,-,,-,3,-,-,"- ",,,N,-,0,1,B,,-,L,04,,W,,-,-,2022
9446237,1,5,Y,-,998,G,G,E,-,-,O,-,3,-,-,"- ",,,-,-,0,0,B,,-,C,03,,,,-,-,2022
9446237,2,4,N,F,998,A,-,N,-,-,,-,3,-,-,"- ",,,-,-,0,1,L,,-,L,04,,O,,-,-,2022
9446808,1,1,Y,M,33,A,-,S,M,G,Y,-,3,-,-,"- ",,,N,-,0,0,K,2021,-,A,01,,W,,-,-,2022
9446808,2,4,N,M,51,A,-,S,-,-,,-,3,-,-,"- ",,,N,-,0,1,K,,-,L,04,,W,,-,-,2022
9446888,1,1,Y,M,998,G,G,N,-,-,,-,3,-,-,"- ",,,A,N,0,0,E,1999,-,A,01,,B,,-,-,2022
9446888,2,4,N,F,27,G,G,S,-,-,O,-,3,-,-,"- ",,,N,-,0,1,B,,-,L,04,,W,,-,-,2022
9453954,1,4,Y,M,23,A,-,E,-,-,,-,3,-,-,"- ",,,N,-,0,1,B,,-,L,04,,W,,-,-,2022
9453954,2,1,N,M,21,A,-,E,M,G,Y,-,3,-,-,"- ",,,N,-,0,0,D,2018,AUDI,A,01,,W,,-,-,2022
9453961,1,4,Y,F,27,A,-,W,-,-,N,-,1,-,,00,23123,A,A,-,0,0,B,,-,L,04,,W,,-,-,2022
9453961,2,2,N,F,43,A,-,S,-,-,O,-,3,-,-,"- ",,,N,-,0,1,B,,-,N,60,,A,,-,-,2022
9453970,1,4,Y,M,80,G,G,E,-,-,N,-,3,-,-,"- ",,,-,-,1,0,B,,-,L,04,,W,,-,-,2022
9453983,1,1,Y,F,64,A,-,E,M,G,Y,-,3,-,-,"- ",,,N,-,0,0,E,2021,-,A,01,,W,,-,-,2022
9453983,2,4,N,M,29,A,-,E,-,-,,-,3,-,-,"- ",,,N,-,0,1,B,,-,L,04,,W,,-,-,2022
9343037,1,4,Y,M,35,A,-,W,-,-,N,-,3,-,-,"- ",,,N,-,0,1,N,,-,L,04,,H,,-,-,2021
9343037,2,4,N,M,50,A,-,E,-,-,,-,3,-,-,"- ",,,N,-,0,1,B,,-,L,04,,W,,-,-,2021
9459049,1,1,Y,M,49,H,H,S,M,G,Y,-,3,-,-,"- ",,,N,-,0,0,A,2014,-,A,01,,H,,-,-,2022
9459049,2,4,N,M,57,H,H,S,-,-,,-,3,-,-,"- ",,,N,-,0,3,B,,-,L,04,,W,,-,-,2022
9459373,1,3,N,-,998,A,-,N,-,-,O,-,3,-,-,"- ",,,-,-,0,0,O,2016,FORD,A,01,,,,-,-,2022
9459373,2,4,N,F,30,A,-,N,-,-,,-,3,-,-,"- ",,,-,-,0,1,B,,-,L,04,,W,,-,-,2022
9460096,1,1,Y,F,50,A,-,E,M,G,Y,-,3,-,-,"- ",,,N,-,0,0,E,2014,-,A,01,,W,,-,-,2022
9460096,2,4,N,M,64,G,G,W,-,-,,-,3,-,-,"- ",,,N,-,0,1,B,,-,L,04,,B,,-,-,2022
9468618,1,1,Y,M,33,-,-,E,P,G,Y,-,3,-,-,"- ",,,N,-,0,0,-,2021,-,A,01,,W,,-,-,2023
9468618,2,4,N,M,35,-,-,S,-,-,,-,3,-,-,"- ",,,N,-,0,1,-,,-,L,04,,W,,-,-,2023
9468651,1,4,Y,M,64,A,-,N,-,-,N,-,-,-,-,"- ",,,N,-,0,1,B,,-,L,04,,O,,-,-,2023
9468651,2,1,N,-,998,G,G,-,B,-,,-,-,-,-,"- ",,,N,-,0,0,R,,-,-,,,,,-,-,2023
9468657,1,1,Y,F,23,A,-,W,M,G,Y,-,2,-,,47,14601,1,A,-,0,0,E,2016,-,A,01,,B,,-,-,2023
9468657,2,4,N,F,29,A,-,E,-,-,O,-,3,-,-,"- ",,,N,-,0,1,B,,-,L,04,,W,,-,-,2023
9468669,1,1,Y,M,26,A,-,S,M,G,Y,-,3,-,-,"- ",,,N,-,0,0,B,1998,-,A,07,,O,,-,-,2023
9468669,2,4,N,M,49,A,-,S,-,-,N,-,3,-,-,"- ",,,-,-,0,1,B,,-,L,04,,W,,-,-,2023
9468675,1,1,Y,F,36,A,-,N,L,P,Y,-,3,-,-,"- ",,,N,-,0,0,O,2019,-,A,01,,H,,-,-,2023
9468675,2,4,N,M,46,A,-,N,-,-,,-,3,-,-,"- ",,,N,-,0,1,B,,-,L,04,,W,,-,-,2023
9468686,1,3,N,-,998,D,-,-,-,-,O,-,-,-,-,"- ",,,-,-,0,0,O,,-,A,07,,,,-,-,2023
9468686,2,4,N,M,44,D,-,E,-,-,,-,3,-,-,"- ",,,N,-,0,1,B,,-,L,04,,W,,-,-,2023
9468691,1,4,Y,M,53,A,-,S,-,-,,-,3,-,-,"- ",,,N,-,0,1,B,,-,L,04,,W,,-,-,2023
9468691,2,1,N,M,45,A,-,W,M,G,Y,-,3,-,-,"- ",,,N,-,0,0,B,2022,-,A,07,,O,,-,-,2023
9469457,1,4,Y,M,32,A,-,N,-,-,N,-,3,-,-,"- ",,,F,M,0,1,B,,-,L,04,,W,K,-,-,2023
9469457,2,1,N,M,26,A,-,W,M,G,Y,-,3,-,-,"- ",,,-,-,0,0,B,2023,-,A,01,,B,,-,-,2023
9469533,1,4,N,M,46,A,-,S,-,-,N,-,3,-,-,"- ",,,N,-,0,0,D,,-,L,04,,W,,-,-,2023
9469533,2,4,N,M,35,A,-,N,-,-,,-,3,-,-,"- ",,,N,-,0,1,L,,-,L,04,,H,,-,-,2023
9472030,1,4,Y,M,26,A,-,E,-,-,,-,3,-,-,"- ",,,K,-,0,1,D,,-,L,04,,B,,-,-,2022
9472273,1,4,Y,M,30,A,-,W,-,-,,-,3,-,-,"- ",,,-,-,0,1,B,,-,L,04,,W,,-,-,2022
9472273,2,1,N,M,24,A,-,E,M,B,Y,-,3,-,-,"- ",,,-,-,0,0,A,2021,-,A,01,,H,,-,-,2022
9478918,1,1,Y,-,998,G,G,S,-,B,,-,-,-,,19,20001,A,A,-,0,0,B,,-,A,01,,,,-,-,2022
9478918,2,4,N,M,34,A,-,E,-,-,,-,3,-,-,"- ",,,N,-,0,1,B,,-,L,04,,W,,-,-,2022
9478976,1,1,Y,M,30,A,-,-,M,P,Y,-,3,-,-,"- ",,,N,-,0,0,O,2011,FORD,A,01,,O,,-,-,2022
9478976,2,4,N,M,64,A,-,E,-,-,,-,3,-,-,"- ",,,N,-,0,1,B,,-,L,04,,A,,-,-,2022
9481483,1,1,Y,M,27,A,-,S,M,G,Y,-,3,-,-,"- ",,,N,-,0,0,E,2011,-,A,01,,H,,-,-,2022
9481483,2,4,N,F,26,A,-,N,-,-,N,-,3,-,-,"- ",,,N,-,0,1,B,,-,L,04,,O,,-,-,2022
9481509,1,4,Y,M,33,A,-,N,-,-,N,-,3,-,-,"- ",,,N,-,0,1,B,,-,L,04,,W,,-,-,2022
9481512,1,1,Y,-,998,G,G,E,-,-,,-,-,-,-,"- ",,,N,-,0,0,B,2006,-,A,01,,,,-,-,2022
9481512,2,4,N,M,47,A,-,S,-,-,,-,3,-,-,"- ",,,N,-,0,1,B,,-,L,04,,W,,-,-,2022
9481887,1,4,Y,M,16,A,-,E,-,-,,-,3,-,-,"- ",,,N,-,0,1,B,,-,L,04,,W,,-,-,2022
9481887,2,1,N,M,42,A,-,N,M,-,Y,-,3,-,-,"- ",,,N,-,0,0,B,2021,-,A,01,,W,,-,-,2022
9483555,1,4,Y,M,52,A,-,N,-,-,N,-,3,-,,24,22450,A,A,N,0,1,B,,-,L,04,,O,,-,-,2022
9483555,2,1,N,F,49,A,-,E,M,G,Y,-,3,-,-,"- ",,,N,-,0,0,B,2019,-,A,01,,O,,-,-,2022
9483590,1,1,Y,M,30,A,-,E,M,G,Y,-,3,-,-,"- ",,,N,-,0,0,B,2016,-,A,01,,H,,-,-,2022
9483590,2,4,N,M,44,A,-,S,-,-,,-,3,-,-,"- ",,,N,-,0,1,B,,-,L,04,,H,,-,-,2022
9483598,1,1,Y,M,24,A,-,E,M,G,Y,-,3,-,-,"- ",,,N,-,0,0,K,2022,-,A,01,,A,,-,-,2022
9483598,2,4,N,M,30,A,-,E,-,-,,-,3,-,-,"- ",,,N,-,0,1,B,,-,L,04,,W,,-,-,2022
9494255,1,1,Y,M,38,A,-,S,M,G,Y,-,3,-,-,"- ",,,N,-,0,0,B,2012,FORD,F,26,,H,,-,-,2022
9494255,2,4,N,M,43,A,-,W,-,-,N,-,3,-,-,"- ",,,N,-,0,1,B,,-,L,04,,H,,-,-,2022
9343167,1,4,Y,M,64,A,-,E,-,-,O,-,3,-,-,"- ",,,N,-,0,1,B,,-,L,04,,O,,-,-,2021
9343167,2,4,N,M,70,A,-,E,-,-,,-,3,-,-,"- ",,,N,-,0,1,B,,-,L,04,,O,,-,-,2021
9502424,1,4,N,M,20,A,-,-,-,-,,-,3,-,-,"- ",,,N,-,0,1,R,,-,L,04,,W,,-,-,2022
9502424,2,1,N,M,54,A,-,W,M,G,Y,-,3,-,-,"- ",,,N,-,0,0,B,2020,-,D,22,,W,,-,-,2022
9503046,1,4,N,M,48,D,-,N,-,-,,-,-,-,-,"- ",,,N,-,0,0,B,,-,L,04,,B,,-,-,2022
9503046,2,4,N,F,49,A,-,N,-,-,,-,3,-,-,"- ",,,N,-,0,1,B,,-,L,04,,W,,-,-,2022
9503048,1,1,Y,M,59,A,-,W,M,G,Y,-,3,-,-,"- ",,,-,-,0,0,J,2021,-,A,01,,W,,-,-,2022
9503048,2,4,N,M,49,A,-,W,-,-,,-,3,-,-,"- ",,,-,-,0,1,B,,-,L,04,,H,,-,-,2022
9503078,1,4,Y,M,30,H,H,N,-,-,,-,3,-,-,"- ",,,N,-,0,1,B,,-,L,04,,A,,-,-,2022
9503078,2,1,N,F,42,H,H,S,M,G,Y,-,3,-,-,"- ",,,N,-,0,0,E,2022,-,A,07,,W,,-,-,2022
9503097,1,4,Y,F,57,A,-,-,-,-,,-,-,-,-,"- ",,,N,-,0,1,B,,-,L,04,,A,,-,-,2022
9503103,1,1,Y,M,28,A,-,E,M,B,Y,-,3,-,-,"- ",,,N,-,0,0,O,2017,-,A,01,,H,,-,-,2022
9503103,2,1,N,M,46,A,-,E,M,G,Y,-,3,-,-,"- ",,,N,-,0,0,I,2022,-,A,01,,A,,-,-,2022
9503103,3,4,N,M,55,A,-,E,-,-,,-,3,-,-,"- ",,,N,-,0,1,B,,-,L,04,,W,,-,-,2022
9503194,1,4,Y,M,19,A,-,N,-,-,,-,3,-,-,"- ",,,N,-,0,1,E,,-,L,04,,A,,-,-,2022
9503194,2,1,N,M,22,A,-,N,M,G,Y,-,3,-,-,"- ",,,N,-,0,0,A,2019,JEEP,A,01,,H,,-,-,2022
9503224,1,4,N,M,21,A,-,W,-,-,,-,3,-,-,"- ",,,N,-,0,1,B,,-,L,04,,W,,-,-,2022
9503241,1,1,Y,-,998,G,G,W,-,-,,-,-,-,-,"- ",,,N,-,0,0,B,,-,-,99,,,,-,-,2022
9503241,2,4,N,M,27,A,-,N,-,-,,-,3,-,,24,22450,A,A,-,0,1,B,,-,L,04,,W,,-,-,2022
9503246,1,4,Y,M,57,C,-,E,-,-,,-,3,-,-,"- ",,,N,-,0,1,Q,,-,L,04,,B,,-,-,2022
9503246,2,1,N,M,29,C,-,W,M,-,Y,-,3,-,-,"- ",,,N,-,0,0,A,2005,-,A,01,,W,,-,-,2022
9505126,1,4,Y,M,38,A,-,S,-,-,,-,3,-,-,"- ",,,N,-,0,1,B,,-,L,04,,W,,-,-,2022
9505126,2,1,N,M,45,A,-,W,M,G,Y,-,3,-,-,"- ",,,N,-,0,0,B,2010,-,A,01,,O,,-,-,2022
9505611,1,1,Y,M,998,-,-,E,B,-,,-,-,-,,19,20001,,A,-,0,0,B,2002,-,D,22,,W,,-,-,2022
9505611,2,4,N,M,25,H,H,E,-,-,,-,-,-,-,"- ",,,-,-,0,1,R,,-,L,04,,O,,-,-,2022
9505783,1,4,Y,M,68,D,-,E,-,-,,-,-,-,-,"- ",,,N,-,0,1,B,,-,L,04,,B,,-,-,2022
9505796,1,4,Y,M,20,A,-,W,-,-,,-,-,-,-,"- ",,,N,-,0,0,B,,-,L,04,,O,,-,-,2022
9505796,2,2,N,F,54,A,-,S,-,-,O,-,-,-,-,"- ",,,N,-,0,1,B,,-,N,60,,A,,-,-,2022
9505832,1,3,Y,-,998,A,-,-,-,-,O,-,3,-,-,"- ",,,N,-,0,0,O,2006,-,A,01,,,,-,-,2022
9505832,2,4,N,F,44,A,-,S,-,-,,-,3,-,-,"- ",,,N,-,0,1,B,,-,L,04,,H,,-,-,2022
9506045,1,3,Y,-,998,A,-,E,-,-,O,-,3,-,-,"- ",,,-,-,0,0,R,2009,-,A,01,,,,-,-,2022
9506045,2,4,N,M,44,A,-,E,-,-,,-,3,-,-,"- ",,,-,-,0,1,B,,-,L,04,,W,,-,-,2022
9506050,1,1,N,M,71,A,-,S,P,C,Y,-,3,-,,30,21703,,A,-,0,0,B,1954,-,A,01,,H,,-,-,2022
9506050,2,4,N,F,38,A,-,S,-,-,,-,3,-,,27,21202,,A,-,0,1,B,,-,L,04,,W,,-,-,2022
9506373,1,1,Y,M,46,A,-,W,M,G,Y,-,3,-,-,"- ",,,N,-,0,0,E,2007,-,A,01,,W,,-,-,2022
9506373,2,4,N,M,27,A,-,E,-,-,,-,3,-,-,"- ",,,N,-,0,1,B,,-,L,04,,H,,-,-,2022
9506385,1,3,Y,F,24,A,-,S,M,D,O,-,3,-,-,"- ",,,N,-,0,0,A,2012,-,-,,,W,,-,-,2022
9506385,2,4,N,M,32,A,-,S,-,-,,-,3,-,-,"- ",,,N,-,0,1,B,,-,-,,,H,,-,-,2022
9506490,1,4,Y,M,33,A,-,W,-,-,,-,3,-,-,"- ",,,N,-,0,1,B,,-,L,04,,W,,-,-,2022
9506490,2,1,N,F,74,A,-,S,M,G,N,-,3,-,-,"- ",,,N,-,0,0,B,2019,-,-,,,W,,-,-,2022
9506535,1,1,Y,-,998,G,G,E,-,-,,-,-,-,-,"- ",,,N,-,0,0,J,,-,-,,,,,-,-,2022
9506535,2,4,N,M,22,A,-,E,-,-,,-,3,-,-,"- ",,,N,-,0,1,B,,-,L,04,,A,,-,-,2022
9506547,1,4,Y,F,30,A,-,N,-,-,,-,3,-,-,"- ",,,N,-,0,1,B,,-,L,04,,W,,-,-,2022
9506547,2,3,N,-,998,H,H,N,-,-,O,-,3,-,-,"- ",,,N,-,0,0,A,2017,JEEP,A,01,,,,-,-,2022
9506548,1,1,Y,M,998,A,-,W,-,-,,-,3,-,-,"- ",,,-,-,0,0,B,,-,-,,,,,-,-,2022
9506548,2,4,N,M,34,-,-,W,-,-,,-,-,-,-,"- ",,,O,-,0,1,D,,-,L,04,,H,,-,-,2022
9506550,1,4,N,M,56,A,-,N,-,-,,-,3,-,-,"- ",,,N,-,0,1,F,,-,L,04,,W,,-,-,2022
9506552,1,1,Y,F,28,A,-,E,M,G,Y,-,3,-,-,"- ",,,N,-,0,0,D,2017,-,A,01,,A,,-,-,2022
9506552,2,4,N,F,16,A,-,E,-,-,,-,3,-,-,"- ",,,N,-,0,1,B,,-,L,04,,W,,-,-,2022
9509956,1,1,Y,M,998,H,H,E,B,-,,-,-,-,,31,22108,,A,N,0,0,E,2022,-,A,01,,,,-,-,2022
9509956,2,4,N,M,40,A,-,E,-,-,,-,3,-,,19,20001,A,A,N,0,1,B,,-,L,04,,H,,-,-,2022
9509978,1,4,Y,M,998,G,G,N,-,-,,-,-,-,,19,20001,A,A,-,0,0,B,,-,L,04,,H,,-,-,2022
9509978,2,2,N,M,66,G,G,-,-,-,O,-,-,-,-,"- ",,,-,-,0,1,R,,-,N,60,,A,,-,-,2022
9518818,1,4,Y,M,52,G,G,E,-,-,,-,3,-,-,"- ",,,N,-,0,1,B,,-,L,04,,H,,-,-,2022
9522341,1,4,Y,M,50,A,-,N,-,-,N,-,2,-,-,"- ",,,F,-,0,1,B,,-,L,04,,W,-,-,-,2022
9522341,2,3,N,-,998,H,H,-,-,-,O,-,-,-,-,"- ",,,N,-,0,0,O,2015,-,A,01,,,,-,-,2022
9522354,1,5,Y,-,998,A,-,W,-,-,O,-,3,-,-,"- ",,,-,-,0,0,A,2019,-,A,01,,,,-,-,2022
9522354,2,4,N,M,32,A,-,W,-,-,,-,3,-,,29,21755,,A,-,0,1,B,,-,L,04,,O,,-,-,2022
9522372,1,3,Y,-,998,G,G,-,-,-,O,-,-,-,-,"- ",,,-,-,0,0,O,2007,-,A,01,,,,-,-,2022
9522372,2,4,N,M,34,A,-,W,-,-,,-,-,-,-,"- ",,,-,-,0,1,B,,-,L,04,,O,,-,-,2022
9530996,1,1,Y,M,34,A,-,E,P,-,Y,-,3,-,-,"- ",,,N,-,0,0,O,2020,HINO,-,,,A,,-,-,2022
9530996,2,4,N,M,34,A,-,E,-,-,,-,3,-,-,"- ",,,N,-,0,1,B,,-,L,04,,H,,-,-,2022
9343177,1,4,Y,M,54,A,-,N,-,-,O,-,3,-,-,"- ",,,N,-,0,1,J,,-,L,04,,W,,-,-,2021
9343177,2,1,N,M,54,A,-,N,M,G,Y,-,3,-,-,"- ",,,N,-,0,0,B,2011,-,-,,,W,,-,-,2021
9345845,1,4,Y,F,41,A,-,E,-,-,,-,3,-,,25,22350,,A,-,0,1,B,,-,L,04,,B,,-,-,2021
9345845,2,1,N,M,46,A,-,S,M,G,Y,-,3,-,-,"- ",,,N,-,0,0,D,2019,-,A,01,,W,,-,-,2021
9347722,1,1,Y,F,66,A,-,N,M,G,Y,-,3,-,-,"- ",,,N,-,0,0,E,2002,-,A,01,,B,,-,-,2021
9347722,2,4,N,M,42,A,-,S,-,-,,-,3,-,-,"- ",,,N,-,0,1,B,,-,L,04,,W,,-,-,2021
9347722,3,1,N,M,33,A,-,S,M,G,Y,-,3,-,-,"- ",,,N,-,0,0,A,2014,-,A,01,,W,,-,-,2021
9347726,1,1,Y,-,998,G,G,N,-,-,,-,3,-,,19,20002,A,A,N,0,0,B,,-,A,01,,,,-,-,2021
9347726,2,4,N,F,25,H,H,E,-,-,,-,3,-,-,"- ",,,N,-,0,1,B,,-,L,04,,B,,-,-,2021
9363616,1,1,Y,F,40,-,-,S,M,G,N,-,3,-,-,"- ",,,N,-,0,0,-,2004,-,A,01,,W,,-,-,2021
9363616,2,4,N,M,43,-,-,E,-,-,,-,3,-,-,"- ",,,N,-,0,1,-,,-,L,04,,W,,-,-,2021
9297624,1,1,Y,-,998,G,G,W,B,-,,-,-,-,,19,20001,A,A,-,0,0,B,,-,A,07,,,,-,-,2021
9297624,2,4,N,F,35,A,-,W,-,-,N,-,3,-,-,"- ",,,-,-,0,1,B,,-,L,04,,W,,-,-,2021
9297720,1,4,Y,F,32,-,-,E,-,-,N,-,3,-,-,"- ",,,N,-,0,1,M,,-,L,04,,W,,-,-,2021
9297720,2,1,N,M,49,-,-,E,M,G,Y,-,3,-,-,"- ",,,N,-,0,0,B,2018,-,I,20,,H,,-,-,2021
9308295,1,1,Y,M,37,A,-,S,M,E,Y,-,-,-,-,"- ",,,N,-,0,0,D,2020,-,A,01,,W,,-,-,2021
9308295,2,4,N,M,39,A,-,S,-,-,,-,-,-,-,"- ",,,N,-,0,1,B,,-,L,04,,W,,-,-,2021
9313274,1,1,Y,F,28,A,-,E,M,G,Y,-,3,-,-,"- ",,,N,-,0,0,E,2017,-,A,01,,B,,-,-,2021
9313274,2,4,N,M,29,A,-,E,-,-,O,-,3,-,-,"- ",,,N,-,0,1,B,,-,L,04,,O,,-,-,2021
9390950,1,4,Y,M,23,A,-,S,-,-,,-,3,-,-,"- ",,,N,-,0,1,B,,-,L,04,,H,,-,-,2021
9390950,2,1,N,M,34,A,-,W,M,G,Y,-,3,-,-,"- ",,,N,-,0,0,B,2009,-,A,01,,O,,-,-,2021
9405019,1,4,Y,M,73,A,-,N,-,-,N,-,3,-,-,"- ",,,N,-,0,1,B,,-,L,04,,H,,-,-,2022
9405019,2,1,N,M,52,A,-,E,M,G,Y,-,3,-,-,"- ",,,N,-,0,0,D,2019,-,A,01,,A,,-,-,2022
9433281,1,4,Y,M,37,D,-,S,-,-,O,-,3,-,,39,21201,D,A,-,0,1,B,,-,L,04,,H,,-,-,2022
9433281,2,1,N,M,32,A,-,W,M,G,Y,-,3,-,-,"- ",,,N,-,0,0,B,2014,FORD,J,48,,H,,-,-,2022
9437546,1,1,Y,M,998,-,-,E,-,-,,-,-,-,,19,20001,A,A,N,0,0,B,2018,-,A,01,,W,,-,-,2022
9437546,2,4,N,M,42,A,-,S,-,-,,-,-,-,-,"- ",,,N,-,0,1,B,,-,L,04,,B,,-,-,2022
9459042,1,4,Y,M,33,H,H,S,-,-,,-,3,-,-,"- ",,,N,-,0,1,B,,-,L,04,,H,,-,-,2022
9459042,2,1,N,M,42,A,-,N,M,-,Y,-,3,-,-,"- ",,,N,-,0,0,A,2015,-,A,01,,A,,-,-,2022
9502404,1,4,Y,M,49,A,-,W,-,-,,-,3,-,-,"- ",,,N,-,0,1,B,,-,L,04,,O,,-,-,2022
9502404,2,1,N,X,998,G,G,W,B,-,Y,-,3,-,-,"- ",,,N,-,0,0,B,,-,I,20,,,,-,-,2022
9350355,1,4,Y,M,41,A,-,E,-,-,N,-,3,-,-,"- ",,,N,-,0,1,B,,-,L,04,,B,,-,-,2021
9350355,2,1,N,M,60,A,-,S,M,-,Y,-,3,-,-,"- ",,,N,-,0,0,D,2008,FORD,A,01,,H,,-,-,2021
9350738,1,1,Y,F,998,D,-,N,B,-,N,-,3,-,-,"- ",,,N,-,0,0,D,2004,-,A,01,,B,,-,-,2021
9350738,2,4,N,M,34,A,-,S,-,-,N,-,3,-,-,"- ",,,N,-,0,1,R,,-,L,04,,W,,-,-,2021
9369302,1,1,Y,F,24,A,-,S,B,G,Y,-,3,-,-,"- ",,,-,-,0,0,M,2017,-,A,01,,H,,-,-,2021
9369302,2,4,N,M,30,A,-,S,-,-,,-,3,-,-,"- ",,,-,-,0,1,B,,-,L,04,,W,,-,-,2021
9372332,1,1,Y,F,998,G,G,E,B,-,,-,3,-,-,"- ",,,N,-,0,0,E,2012,FORD,-,,,W,,-,-,2021
9372332,2,4,N,F,33,A,-,N,-,-,O,-,3,-,-,"- ",,,N,-,0,1,B,,-,L,04,,W,,-,-,2021
9376219,1,4,Y,M,53,A,-,N,-,-,N,-,3,-,-,"- ",,,N,-,0,1,B,,-,L,04,,A,,-,-,2021
9376233,1,4,Y,M,79,A,-,S,-,-,N,-,3,-,-,"- ",,,N,-,0,1,E,,-,L,04,,W,,-,-,2021
9376233,2,1,N,M,74,A,-,S,M,G,Y,-,3,-,-,"- ",,,H,-,0,0,D,2019,-,A,01,,W,,-,-,2021
9376239,1,1,Y,M,64,A,-,S,M,G,Y,-,3,-,,31,22101,D,A,N,0,0,E,2015,-,A,01,,A,,-,-,2021
9376239,2,4,N,M,36,A,-,W,-,-,,-,3,-,-,"- ",,,N,-,0,1,B,,-,L,04,,W,,-,-,2021
9380630,1,1,Y,M,53,A,-,-,M,-,Y,-,3,-,-,"- ",,,N,-,0,0,E,2009,-,A,01,,A,,-,-,2021
9380630,2,4,N,M,24,A,-,N,-,-,N,-,3,-,-,"- ",,,N,-,0,1,B,,-,L,04,,W,,-,-,2021
9382256,1,1,Y,F,32,A,-,E,M,G,Y,-,3,-,-,"- ",,,N,-,0,0,E,2009,-,A,01,,H,,-,-,2021
9382256,2,4,N,F,30,A,-,W,-,-,,-,3,-,-,"- ",,,N,-,0,1,-,,-,L,04,,A,,-,-,2021
9543115,1,1,Y,X,998,G,G,N,-,-,,-,-,-,,25,22350,,A,-,0,0,B,,-,A,01,,,,-,-,2022
9543115,2,4,N,M,24,G,G,W,-,-,,-,3,-,-,"- ",,,N,-,0,1,B,,-,L,04,,B,,-,-,2022
9543232,1,1,Y,M,26,B,-,N,M,C,N,-,-,-,,25,22350,,A,F,0,0,B,1962,-,A,01,,W,-,-,-,2022
9543232,2,4,N,M,26,A,-,N,-,-,,-,-,-,-,"- ",,,N,-,0,1,B,,-,L,04,,W,,-,-,2022
9545462,1,4,Y,M,37,A,-,W,-,-,,-,3,-,-,"- ",,,E,-,0,1,B,,-,L,04,,A,,-,-,2023
9545462,2,2,N,M,13,A,-,W,-,-,O,-,3,-,-,"- ",,,E,-,0,1,R,,-,N,60,,A,,-,-,2023
9545474,1,4,Y,M,43,A,-,E,-,-,N,-,3,-,-,"- ",,,N,-,0,1,B,,-,L,04,,W,,-,-,2023
9545474,2,1,N,F,36,A,-,N,M,G,Y,-,3,-,-,"- ",,,N,-,0,0,B,2020,-,A,01,,A,,-,-,2023
9545528,1,4,N,M,36,A,-,W,-,-,,-,3,-,-,"- ",,,N,-,0,1,B,,-,L,04,,W,,-,-,2023
9545528,2,1,N,M,27,A,-,N,M,G,Y,-,3,-,-,"- ",,,N,-,0,0,E,2018,-,A,01,,O,,-,-,2023
9545588,1,4,Y,M,60,A,-,W,-,-,N,-,3,-,-,"- ",,,N,-,0,1,L,,-,L,04,,H,,-,-,2023
9545588,2,1,N,M,34,A,-,E,N,W,Y,-,3,-,-,"- ",,,N,-,0,1,B,2018,-,C,02,,H,,-,-,2023
9545588,3,3,N,-,998,H,H,E,-,-,O,-,3,-,-,"- ",,,N,-,0,0,O,2013,-,A,01,,,,-,-,2023
9545704,1,1,N,M,43,C,-,E,P,G,Y,-,3,-,-,"- ",,,N,-,0,0,B,2016,-,A,07,,A,,-,-,2022
9545704,2,4,Y,M,55,C,-,N,-,-,,-,3,-,-,"- ",,,N,-,0,1,E,,-,L,04,,W,,-,-,2022
9553886,1,1,Y,M,31,A,-,N,M,G,Y,-,3,-,-,"- ",,,N,-,0,0,D,2012,-,A,01,,O,,-,-,2023
9553886,2,4,N,M,21,A,-,N,-,-,,-,3,-,-,"- ",,,N,-,0,1,B,,-,L,04,,H,,-,-,2023
9553923,1,4,Y,F,25,A,-,E,-,-,N,-,2,-,-,"- ",,,-,-,0,1,B,,-,L,04,,W,,-,-,2023
9553959,1,1,Y,-,998,G,G,E,B,-,,-,-,-,-,"- ",,,N,-,0,0,B,,-,-,99,,O,,-,-,2023
9553959,2,4,N,M,30,G,G,E,-,-,N,-,-,-,-,"- ",,,N,-,0,1,J,,-,L,04,,W,,-,-,2023
9554081,1,4,Y,M,18,G,G,W,-,-,N,-,-,-,-,"- ",,,N,-,0,1,B,,-,L,04,,H,,-,-,2023
9554081,2,1,N,M,60,G,G,S,B,G,Y,-,3,-,-,"- ",,,N,-,0,0,B,2015,-,A,01,,A,,-,-,2023
9554112,1,1,Y,M,84,A,-,S,M,C,Y,-,3,-,-,"- ",,,N,-,0,0,E,2013,-,A,01,,A,,-,-,2023
9554112,2,4,N,M,25,A,-,E,-,-,,-,3,-,-,"- ",,,N,-,0,1,-,,-,L,04,,W,,-,-,2023
9554134,1,1,Y,F,58,A,-,W,M,G,Y,-,-,-,-,"- ",,,N,-,0,0,P,2016,-,A,07,,A,,-,-,2023
9554134,2,4,N,M,33,A,-,W,-,-,N,-,-,-,-,"- ",,,N,-,0,1,B,,-,L,04,,W,,-,-,2023
9561207,1,1,Y,M,46,A,-,E,M,G,Y,-,3,-,-,"- ",,,N,-,0,0,B,2019,-,A,07,,A,,-,-,2023
9561207,2,4,N,F,42,A,-,S,-,-,,-,3,-,-,"- ",,,N,-,0,1,B,,-,L,04,,H,,-,-,2023
9561211,1,4,Y,F,35,A,-,S,-,-,,-,3,-,-,"- ",,,N,-,0,1,B,,-,L,04,,O,,-,-,2023
9561211,2,1,N,M,39,A,-,S,M,G,Y,-,3,-,-,"- ",,,H,-,0,0,B,2005,-,A,01,,A,,-,-,2023
9561228,1,4,Y,M,36,A,-,W,-,-,N,-,3,-,-,"- ",,,N,-,0,1,B,,-,L,04,,B,,-,-,2023
9561228,2,1,N,F,52,A,-,N,M,G,Y,-,3,-,-,"- ",,,N,-,0,0,B,2015,-,A,01,,A,,-,-,2023
9561238,1,1,Y,M,41,A,-,N,M,G,Y,-,3,-,-,"- ",,,N,-,0,0,G,2018,-,A,01,,W,,-,-,2023
9561238,2,4,N,F,37,A,-,E,-,-,,-,3,-,-,"- ",,,N,-,0,1,B,,-,L,04,,W,,-,-,2023
9561244,1,4,Y,M,24,A,-,W,-,-,N,-,3,-,-,"- ",,,N,-,0,1,B,,-,L,04,,W,,-,-,2023
9561244,2,1,N,M,56,A,-,S,M,-,Y,-,3,-,-,"- ",,,N,-,0,0,E,2015,-,A,01,,A,,-,-,2023
9572301,1,1,Y,M,69,A,-,E,M,G,Y,-,3,-,-,"- ",,,N,-,0,0,B,2016,FORD,A,01,,A,,-,-,2023
9572301,2,4,N,M,25,A,-,N,-,-,,-,-,-,-,"- ",,,-,-,0,1,B,,-,L,04,,W,,-,-,2023
9572308,1,1,Y,M,32,G,G,N,B,-,Y,-,-,-,-,"- ",,,N,-,0,0,D,2016,AUDI,A,01,,H,,-,-,2023
9572308,2,4,N,M,23,A,-,W,-,-,,-,3,-,-,"- ",,,N,-,0,1,B,,-,L,04,,W,,-,-,2023
9573284,1,4,Y,M,62,A,-,W,-,-,O,-,3,-,-,"- ",,,N,-,0,1,B,,-,L,04,,W,,-,-,2023
9573287,1,4,Y,M,72,A,-,E,-,-,N,-,3,-,-,"- ",,,F,-,0,1,B,,-,L,04,,W,K,-,-,2023
9573287,2,2,N,F,79,A,-,E,-,-,O,-,3,-,-,"- ",,,N,-,0,1,B,,-,N,60,,W,,-,-,2023
9573354,1,4,Y,M,36,A,-,E,-,-,,-,-,-,-,"- ",,,N,-,0,1,B,,-,L,04,,W,,-,-,2023
9573354,2,1,N,F,44,A,-,E,M,C,Y,-,-,-,-,"- ",,,N,-,0,0,B,2003,-,A,01,,W,,-,-,2023
9575946,1,1,Y,X,998,G,G,E,B,-,,-,-,-,,19,20001,A,A,-,0,0,B,,-,A,01,,,,-,-,2023
9575946,2,4,N,M,52,G,G,N,-,-,,-,-,-,-,"- ",,,-,-,0,1,A,,-,L,04,,H,,-,-,2023
9576075,1,4,N,M,19,A,-,S,-,-,N,-,3,-,-,"- ",,,N,-,0,1,B,,-,L,04,,B,,-,-,2023
9576085,1,4,Y,M,24,A,-,E,-,-,,-,3,-,-,"- ",,,-,-,0,1,B,,-,L,04,,A,,-,-,2023
9576085,2,1,N,F,37,A,-,N,M,C,Y,-,3,-,-,"- ",,,N,-,0,0,B,1997,-,A,01,,B,,-,-,2023
9576085,3,1,N,M,38,A,-,S,M,C,Y,-,3,-,-,"- ",,,N,-,0,0,A,2018,-,A,01,,H,,-,-,2023
9576096,1,1,Y,M,51,A,-,E,M,H,Y,-,3,-,-,"- ",,,F,-,0,0,B,2017,FORD,A,01,,A,-,-,-,2023
9576096,2,2,N,F,38,A,-,N,-,-,O,-,3,-,-,"- ",,,N,-,0,0,B,,-,N,60,,W,,-,-,2023
9576096,3,4,N,M,4,A,-,N,-,-,,-,3,-,-,"- ",,,N,-,0,1,B,,-,L,04,,W,,-,-,2023
9576136,1,1,Y,M,73,A,-,W,M,G,Y,-,3,-,-,"- ",,,N,-,0,0,B,2021,-,A,01,,A,,-,-,2023
9576136,2,4,N,M,41,A,-,N,-,-,,-,3,-,-,"- ",,,N,-,0,1,B,,-,L,04,,W,,-,-,2023
9576311,1,1,Y,X,998,G,G,E,-,-,,-,-,-,,19,20002,,A,-,0,0,B,,-,A,01,,,,-,-,2023
9576311,2,4,N,M,25,A,-,W,-,-,,-,3,-,-,"- ",,,N,-,0,1,B,,-,L,04,,A,,-,-,2023
9578723,1,1,Y,-,998,G,G,S,B,-,N,-,3,-,-,"- ",,,F,-,0,0,D,,-,A,01,,,-,-,-,2023
9578723,2,4,N,M,60,A,-,S,-,-,,-,3,-,-,"- ",,,-,-,0,1,B,,-,L,04,,W,,-,-,2023
9579923,1,4,Y,M,55,A,-,E,-,-,,-,3,-,-,"- ",,,-,-,0,0,B,,-,L,04,,B,,-,-,2023
9579923,2,2,N,M,66,A,-,S,-,-,O,-,3,-,,35,21954,A,A,-,0,1,R,,-,N,60,,W,,-,-,2023
9579938,1,4,Y,M,32,A,-,W,-,-,N,-,3,-,-,"- ",,,N,-,0,1,B,,-,L,04,,A,,-,-,2023
9579938,2,1,N,F,59,A,-,S,M,H,Y,-,3,-,-,"- ",,,N,-,0,0,B,2022,-,A,01,,W,,-,-,2023
9579945,1,1,N,-,998,G,G,W,B,-,,-,-,-,-,"- ",,,-,-,0,0,E,2014,-,A,01,,A,,-,-,2023
9579945,2,4,Y,M,48,A,-,S,-,-,,-,-,-,,19,20001,A,A,-,0,1,B,,-,L,04,,A,,-,-,2023
9584020,1,1,Y,F,47,A,-,E,M,G,Y,-,3,-,-,"- ",,,N,-,0,0,D,2018,AUDI,A,01,,A,,-,-,2023
9584020,2,4,N,M,31,A,-,N,-,-,,-,3,-,-,"- ",,,N,-,0,1,B,,-,L,04,,W,,-,-,2023
9591113,1,4,Y,M,39,A,-,W,-,-,,-,3,-,-,"- ",,,N,-,0,1,B,,-,L,04,,W,,-,-,2023
9591113,2,1,N,F,35,A,-,S,M,G,Y,-,3,-,-,"- ",,,N,-,0,0,D,2018,-,A,01,,O,,-,-,2023
9591705,1,4,Y,M,44,A,-,E,-,-,,-,3,-,-,"- ",,,N,-,0,1,B,,-,L,04,,H,,-,-,2023
9591705,2,1,N,M,39,A,-,N,M,G,Y,-,3,-,-,"- ",,,N,-,0,0,E,2016,-,A,01,,O,,-,-,2023
9591751,1,-,Y,M,998,G,G,E,B,-,,-,-,-,-,"- ",,,N,-,0,0,D,,-,A,01,,H,,-,-,2023
9591751,2,4,N,M,14,A,-,E,-,-,,-,3,-,-,"- ",,,N,-,0,1,B,,-,L,04,,O,,-,-,2023
9595782,1,1,Y,M,51,A,-,W,M,C,Y,-,3,-,-,"- ",,,N,-,0,0,L,2019,FORD,J,48,,A,,-,-,2023
9595782,2,4,N,M,43,A,-,W,-,-,N,-,3,-,-,"- ",,,N,-,0,1,B,,-,L,04,,H,,-,-,2023
9596194,1,1,Y,-,998,D,-,N,-,-,,-,-,-,-,"- ",,,N,-,0,0,B,,-,A,01,,,,-,-,2023
9596194,2,4,N,M,23,A,-,N,-,-,,-,3,-,-,"- ",,,N,-,0,1,B,,-,L,04,,H,,-,-,2023
9602283,1,1,Y,-,998,D,-,E,-,-,,-,3,-,-,"- ",,,N,-,0,0,D,2007,-,A,01,,,,-,-,2023
9602283,2,4,N,M,36,A,-,E,-,-,,-,3,-,-,"- ",,,N,-,0,1,B,,-,L,04,,W,,-,-,2023
9605313,1,4,Y,F,53,A,-,E,-,-,N,-,3,-,-,"- ",,,N,-,0,1,B,,-,L,04,,W,,-,-,2023
9608419,1,1,Y,M,998,G,G,E,-,-,,-,-,-,-,"- ",,,N,-,0,0,B,,-,A,07,,B,,-,-,2023
9608419,2,4,N,M,61,H,H,E,-,-,,-,3,-,-,"- ",,,N,-,0,1,B,,-,L,04,,W,,-,-,2023
9610661,1,4,Y,M,29,A,-,W,-,-,N,-,3,-,-,"- ",,,N,-,0,1,B,,-,L,04,,O,,-,-,2023
9610661,2,3,N,-,998,-,-,-,-,-,O,-,-,-,-,"- ",,,-,-,0,0,-,2017,-,A,07,,,,-,-,2023
9610715,1,4,Y,M,9,A,-,W,-,-,,-,3,-,-,"- ",,,N,-,0,1,R,,-,L,04,,B,,-,-,2023
9610715,2,1,N,M,63,A,-,N,M,B,Y,-,3,-,-,"- ",,,N,-,0,0,B,2017,-,A,01,,A,,-,-,2023
9624429,1,1,Y,M,26,A,-,N,M,G,Y,-,3,-,-,"- ",,,N,-,0,0,O,2016,-,D,23,,B,,-,-,2023
9624429,2,4,N,F,36,A,-,N,-,-,,-,3,-,-,"- ",,,N,-,0,1,B,,-,L,04,,W,,-,-,2023
9625581,1,1,Y,X,998,G,G,W,-,-,,-,-,-,,19,20001,,A,-,0,0,B,,-,-,99,,,,-,-,2023
9625581,2,4,N,M,49,D,-,W,-,-,,-,3,-,-,"- ",,,N,-,0,1,B,,-,L,04,,W,,-,-,2023
9626174,1,5,Y,-,998,A,-,N,-,-,O,-,3,-,-,"- ",,,N,-,0,1,B,,-,M,94,,,,-,-,2023
9626174,2,4,N,F,27,A,-,W,-,-,,-,3,-,-,"- ",,,N,-,0,1,B,,-,L,04,,W,,-,-,2023
9626178,1,4,Y,M,49,A,-,S,-,-,,-,3,-,-,"- ",,,N,-,0,1,B,,-,L,04,,W,,-,-,2023
9626178,2,1,N,F,47,A,-,S,M,G,Y,-,3,-,-,"- ",,,N,-,0,0,D,2017,-,A,01,,A,,-,-,2023
9626187,1,1,N,M,54,A,-,E,M,W,Y,-,3,-,-,"- ",,,N,-,0,0,B,2003,-,C,02,,W,,-,-,2023
9626187,2,4,N,M,40,A,-,E,-,-,,-,3,-,-,"- ",,,N,-,0,1,M,,-,L,04,,W,,-,-,2023
9626195,1,4,Y,M,34,A,-,W,-,-,,-,-,-,-,"- ",,,-,-,0,1,B,,-,L,04,,W,,-,-,2023
9626195,2,1,N,M,60,A,-,N,M,C,Y,-,-,-,-,"- ",,,-,-,0,0,L,2001,-,-,,,W,,-,-,2023
9626205,1,1,Y,M,33,A,-,N,M,G,Y,-,3,-,-,"- ",,,N,-,0,0,E,2005,-,A,01,,H,,-,-,2023
9626205,2,4,N,M,60,A,-,N,-,-,,-,3,-,-,"- ",,,N,-,0,1,B,,-,L,04,,W,,-,-,2023
9626206,1,4,N,M,42,H,H,E,-,-,,-,3,-,-,"- ",,,N,-,0,1,B,,-,L,04,,H,,-,-,2023
9626212,1,4,Y,F,34,C,-,E,-,-,N,-,3,-,-,"- ",,,L,-,0,1,B,,-,L,04,,A,,-,-,2023
9626237,1,4,Y,M,64,A,-,W,-,-,,-,3,-,-,"- ",,,N,-,0,1,B,,-,L,04,,W,,-,-,2023
9626237,2,1,N,M,54,A,-,W,M,H,Y,-,3,-,,47,22517,,A,N,0,0,O,2014,FORD,A,01,,H,,-,-,2023
9633693,1,4,Y,M,20,H,H,N,-,-,N,-,-,-,-,"- ",,,N,-,0,1,B,,-,L,04,,W,,-,-,2023
9633693,2,1,N,M,41,H,H,N,-,-,,-,-,-,-,"- ",,,N,-,0,0,D,2023,-,A,01,,A,,-,-,2023
9633698,1,4,N,M,998,G,G,N,-,-,N,-,-,-,-,"- ",,,N,-,0,1,B,,-,L,04,,H,,-,-,2023
9633706,1,5,Y,-,998,G,G,E,-,-,O,-,3,-,,19,20001,A,A,-,0,0,B,,-,M,94,,,,-,-,2023
9633706,2,4,N,M,35,A,-,W,-,-,,-,3,-,-,"- ",,,N,-,0,1,H,,-,L,04,,A,,-,-,2023
9633733,1,1,Y,F,45,A,-,E,M,G,Y,-,3,-,-,"- ",,,H,-,0,0,D,2016,-,A,07,,H,,-,-,2023
9633733,2,4,N,M,63,A,-,N,-,-,,-,3,-,-,"- ",,,-,-,0,1,B,,-,L,04,,W,,-,-,2023
9633754,1,1,Y,F,89,A,-,N,M,G,Y,-,3,-,-,"- ",,,-,-,0,0,D,1998,-,A,01,,W,,-,-,2023
9633754,2,4,N,M,49,A,-,N,-,-,,-,3,-,-,"- ",,,-,-,0,1,B,,-,L,04,,H,,-,-,2023
9633787,1,1,Y,F,29,G,G,E,M,B,,-,-,-,-,"- ",,,-,-,0,0,O,2017,-,A,01,,A,,-,-,2023
9633787,2,4,N,M,29,A,-,E,-,-,,-,-,-,-,"- ",,,-,-,0,1,B,,-,L,04,,O,,-,-,2023
9633794,1,1,Y,-,998,G,G,N,B,-,,-,3,-,-,"- ",,,N,-,0,0,E,,-,A,01,,W,,-,-,2023
9633794,2,4,N,F,39,A,-,W,-,-,,-,3,-,-,"- ",,,N,-,0,1,B,,-,L,04,,O,,-,-,2023
9633830,1,4,Y,M,41,A,-,S,-,-,,-,3,-,-,"- ",,,N,-,0,1,B,,-,L,04,,W,,-,-,2023
9634245,1,4,Y,M,51,A,-,S,-,-,,-,3,-,-,"- ",,,F,-,0,1,B,,-,L,04,,A,-,-,-,2023
9634245,2,1,N,M,38,A,-,E,M,G,Y,-,3,-,-,"- ",,,E,-,0,0,H,2017,-,A,01,,H,,-,-,2023
9634750,1,1,Y,F,59,A,-,E,-,-,Y,-,3,-,-,"- ",,,N,-,0,0,A,2015,FIAT,A,01,,W,,-,-,2023
9634750,2,4,N,M,52,A,-,E,-,-,,-,3,-,-,"- ",,,N,-,0,1,B,,-,L,04,,A,,-,-,2023
9634771,1,1,Y,M,42,A,-,S,M,G,Y,-,3,-,-,"- ",,,N,-,0,0,L,2003,-,A,01,,A,,-,-,2023
9634771,2,4,N,M,22,A,-,S,-,-,,-,3,-,,39,21201,D,A,-,0,1,B,,-,L,04,,O,,-,-,2023
9635981,1,4,Y,M,52,-,-,N,-,-,,-,3,-,-,"- ",,,N,-,0,1,B,,-,L,04,,H,,-,-,2023
9635981,2,1,N,M,50,-,-,W,M,G,Y,-,3,-,-,"- ",,,N,-,0,0,B,2016,-,A,01,,B,,-,-,2023
9636293,1,1,Y,M,36,A,-,E,B,-,,-,3,-,-,"- ",,,N,-,0,0,D,2011,-,A,01,,B,,-,-,2023
9636293,2,4,N,M,33,A,-,N,-,-,,-,3,-,-,"- ",,,N,-,0,1,B,,-,L,04,,B,,-,-,2023
9636296,1,1,N,M,998,G,G,N,-,-,,-,-,-,-,"- ",,,N,-,0,0,E,2017,-,C,03,,W,,-,-,2023
9636296,2,4,N,M,31,G,G,W,-,-,,-,-,-,-,"- ",,,N,-,0,1,B,,-,L,04,,W,,-,-,2023
9646229,1,4,Y,M,998,G,G,S,-,-,,-,-,-,,25,22350,,A,-,0,0,B,,-,L,04,,W,,-,-,2023
9646229,2,1,N,M,41,A,-,N,P,W,,-,3,-,-,"- ",,,-,-,0,1,B,,-,M,94,,H,,-,-,2023
9650251,1,1,Y,M,998,G,G,E,-,-,,-,-,-,,19,20001,,A,N,0,0,B,2000,-,A,01,,H,,-,-,2023
9650251,2,4,N,M,59,H,H,N,-,-,,-,-,-,-,"- ",,,N,-,0,1,B,,-,L,04,,H,,-,-,2023
9670583,1,1,Y,X,998,D,-,S,-,-,,-,3,-,-,"- ",,,N,-,0,0,B,,-,-,,,,,-,-,2024
9670583,2,4,N,M,44,C,-,E,-,-,,-,3,-,,40,21201,A,A,-,0,1,B,,-,L,04,,B,,-,-,2024
9677653,1,4,Y,F,33,-,E,W,-,-,,-,3,-,-,"- ",,,N,-,0,1,B,,-,L,04,,W,,-,-,2024
9677653,2,1,N,-,998,G,G,N,B,-,,-,3,-,-,"- ",,,N,-,0,0,B,,-,M,94,,,,-,-,2024
9690997,1,4,N,F,34,A,-,W,-,-,N,-,3,-,-,"- ",,,-,-,0,1,B,,-,L,04,,W,,-,-,2024
9690997,2,1,Y,M,74,A,-,S,M,C,Y,-,3,-,-,"- ",,,G,-,0,0,B,2020,-,A,01,,A,,-,-,2024
9690999,1,1,Y,M,27,A,-,E,M,C,Y,-,3,-,-,"- ",,,N,-,0,0,B,2014,-,A,01,,W,,-,-,2024
9690999,2,4,N,F,21,A,-,E,-,-,,-,3,-,-,"- ",,,N,-,0,1,E,,-,L,04,,W,,-,-,2024
9691101,1,4,Y,M,33,D,-,S,-,-,,-,3,-,-,"- ",,,N,-,0,2,B,,-,L,04,,W,,-,-,2024
9691101,2,1,N,M,59,A,-,S,M,G,Y,-,3,-,-,"- ",,,N,-,0,0,F,2023,-,A,07,,B,,-,-,2024
9691142,1,1,Y,M,54,G,G,N,M,B,,-,3,-,-,"- ",,,N,-,0,0,D,2003,-,A,01,,W,,-,-,2024
9691142,2,4,N,M,29,A,-,N,-,-,,-,3,-,-,"- ",,,N,-,0,1,B,,-,L,04,,A,,-,-,2024
9691158,1,1,Y,M,64,A,-,S,M,G,Y,-,3,-,-,"- ",,,N,-,0,0,D,2010,-,A,01,,O,,-,-,2024
9691158,2,4,N,F,57,A,-,S,-,-,,-,3,-,-,"- ",,,N,-,0,1,B,,-,L,04,,W,,-,-,2024
9704953,1,1,Y,M,998,G,G,W,B,-,,-,3,-,-,"- ",,,N,-,0,0,D,,-,D,23,,,,-,-,2024
9704953,2,4,N,M,43,B,-,W,-,-,,-,3,-,-,"- ",,,N,-,0,1,A,,-,L,04,,W,,-,-,2024
9691064,1,1,Y,F,34,A,-,W,M,G,Y,-,3,-,-,"- ",,,N,-,0,0,G,2019,FORD,A,01,,W,,-,-,2024
9691064,2,4,N,F,31,A,-,N,-,-,,-,3,-,-,"- ",,,N,-,0,1,B,,-,L,04,,W,,-,-,2024
9691051,1,4,N,M,40,A,-,N,-,-,O,-,3,-,-,"- ",,,-,-,0,1,B,,-,L,04,,A,,-,-,2024
9691051,2,1,Y,M,46,A,-,N,-,-,Y,-,3,-,-,"- ",,,E,-,0,0,B,2023,-,A,01,,A,,-,-,2024
9664991,1,4,Y,M,35,A,-,E,-,-,,-,3,-,-,"- ",,,-,-,0,1,B,,-,L,04,,W,,-,-,2024
9664991,2,-,N,M,63,A,-,W,M,G,Y,-,3,-,-,"- ",,,-,-,0,0,B,2013,-,A,01,,W,,-,-,2024
9659712,1,1,Y,F,29,A,-,N,M,G,Y,-,3,-,-,"- ",,,N,-,0,0,B,2012,-,A,01,,A,,-,-,2024
9659712,2,4,N,M,34,A,-,E,-,-,,-,3,-,-,"- ",,,N,-,0,1,B,,-,L,04,,A,,-,-,2024
9708150,1,1,Y,F,26,A,-,N,M,G,Y,-,3,-,-,"- ",,,N,-,0,0,O,2019,-,A,01,,B,,-,-,2024
9708150,2,4,N,F,52,A,-,N,-,-,,-,3,-,-,"- ",,,N,-,0,1,B,,-,L,04,,W,,-,-,2024
9708207,1,4,N,M,46,A,-,N,-,-,,-,3,-,-,"- ",,,N,-,0,1,J,,-,M,91,,A,,-,-,2024
9708207,2,1,N,M,51,A,-,N,M,G,Y,-,3,-,-,"- ",,,N,-,0,1,J,2013,FORD,A,01,,B,,-,-,2024
9708232,1,1,Y,M,58,A,-,W,M,G,Y,-,3,-,-,"- ",,,N,-,0,0,F,2003,-,A,01,,H,,-,-,2024
9708232,2,4,N,M,58,A,-,W,-,-,,-,3,-,-,"- ",,,N,-,0,1,B,,-,L,04,,W,,-,-,2024
9708591,1,4,N,M,60,A,-,W,-,-,,-,3,-,-,"- ",,,N,-,0,1,J,,-,L,04,,A,,-,-,2024
9708591,2,1,N,M,30,A,-,W,M,G,Y,-,3,-,-,"- ",,,N,-,0,0,B,2019,-,A,01,,W,,-,-,2024
9708599,1,4,Y,M,51,A,-,E,-,-,,-,3,-,-,"- ",,,N,-,0,1,B,,-,L,04,,W,,-,-,2024
9708599,2,1,N,M,17,A,-,E,M,G,Y,-,3,-,-,"- ",,,N,-,0,0,B,2017,-,A,01,,H,,-,-,2024
9708599,3,3,N,-,998,-,-,W,-,-,O,-,-,-,-,"- ",,,-,-,0,0,-,2023,-,A,01,,,,-,-,2024
9708604,1,1,Y,M,998,A,-,N,B,-,,-,-,-,,47,16025,A,A,N,0,0,D,2016,AUDI,A,01,,H,,-,-,2024
9708604,2,4,N,F,26,A,-,W,-,-,,-,3,-,-,"- ",,,N,-,0,1,B,,-,L,04,,W,,-,-,2024
9708606,1,4,Y,M,53,A,-,N,-,-,,-,3,-,-,"- ",,,L,-,0,1,B,,-,L,04,,W,,-,-,2024
9708606,2,3,N,-,998,H,H,N,-,-,O,-,3,-,-,"- ",,,N,-,0,0,O,2009,-,A,01,,,,-,-,2024
9708606,3,3,N,-,998,H,H,N,-,-,O,-,3,-,-,"- ",,,N,-,0,0,O,2012,-,A,01,,,,-,-,2024
9658643,1,4,Y,M,71,A,-,S,-,-,N,-,3,-,-,"- ",,,N,-,0,1,J,,-,L,04,,W,,-,-,2024
9658643,2,1,N,M,75,A,-,S,M,G,Y,-,3,-,-,"- ",,,N,-,0,0,B,2020,-,A,01,,A,,-,-,2024
9658562,1,4,Y,M,998,G,G,E,-,-,N,-,3,-,-,"- ",,,N,-,0,0,B,,-,L,04,,W,,-,-,2023
9658562,2,2,N,F,24,A,-,S,-,-,O,-,3,-,-,"- ",,,N,-,0,1,A,,-,N,60,,W,,-,-,2023
9646763,1,1,Y,-,998,G,G,W,-,-,,-,-,-,,19,20001,A,A,H,0,0,B,,-,D,22,,,,-,-,2023
9646763,2,4,N,M,61,A,-,S,-,-,,-,3,-,-,"- ",,,-,-,0,1,B,,-,L,04,,B,,-,-,2023
9641834,1,4,Y,M,998,G,G,W,-,-,,-,3,-,,19,20001,A,A,-,0,0,B,,-,L,04,,B,,-,-,2023
9641834,2,1,N,M,22,A,-,S,M,W,Y,-,3,-,-,"- ",,,N,-,0,1,B,1996,-,C,02,,H,,-,-,2023
91879083,1,4,Y,M,45,A,-,S,-,V,O,-,3,-,-,"- ",,,N,-,0,1,B,,RETROSPEC,L,04,,W,,-,-,2022
91917170,1,4,Y,F,50,A,-,E,-,V,O,-,3,E,-,"- ",,,N,-,0,1,B,,CORTINA,L,04,,W,,-,-,2022
91917170,2,1,N,M,47,A,-,E,P,G,Y,-,3,E,-,"- ",,,N,-,0,0,A,2022,THOB,H,17,,H,,-,-,2022
92054962,1,4,Y,M,25,C,-,S,-,V,O,-,3,-,-,"- ",,,N,-,0,1,B,,BIANCHI,L,04,,W,,-,-,2023
92054962,2,1,N,M,21,A,-,S,M,G,Y,-,3,-,,25,22350,,A,-,0,0,B,2019,DODG,D,22,,H,,-,-,2023
9641814,1,4,Y,M,30,A,-,N,-,-,N,-,3,-,-,"- ",,,N,-,0,1,B,,-,L,04,,W,,-,-,2023
9641814,2,1,N,M,46,A,-,E,M,G,Y,-,3,-,-,"- ",,,N,-,0,0,E,2019,-,A,01,,B,,-,-,2023
9635500,1,1,Y,F,25,A,-,W,M,C,Y,-,-,-,-,"- ",,,N,-,0,0,E,2019,-,A,01,,W,,-,-,2023
9635500,2,4,N,M,45,A,-,E,-,-,,-,-,-,-,"- ",,,N,-,0,1,B,,-,L,04,,W,,-,-,2023
9634703,1,4,Y,M,26,A,-,E,-,-,N,-,-,-,-,"- ",,,N,-,0,1,B,,-,L,04,,O,,-,-,2023
9634703,2,3,N,-,998,-,-,-,-,-,O,-,-,-,-,"- ",,,-,-,0,0,-,2012,-,A,01,,,,-,-,2023
9634516,1,1,Y,F,69,A,-,W,M,G,Y,-,3,-,-,"- ",,,E,-,0,0,B,2018,-,A,01,,W,,-,-,2023
9634516,2,4,N,M,78,-,-,N,-,-,N,-,-,-,-,"- ",,,-,-,0,1,-,,-,L,04,,A,,-,-,2023
9223615,1,4,Y,M,998,A,-,N,-,-,O,-,3,-,-,"- ",,,N,-,0,1,D,,-,L,04,,W,,-,-,2021
9223615,2,1,N,M,39,A,-,E,M,G,,-,3,-,-,"- ",,,F,-,0,0,B,2015,-,A,01,,O,-,-,-,2021
9705285,1,1,Y,-,998,G,G,W,B,-,,-,3,-,-,"- ",,,N,-,0,0,D,,-,-,99,,,,-,-,2024
9705285,2,4,N,M,23,A,-,N,-,-,,-,3,-,-,"- ",,,N,-,0,1,B,,-,L,04,,H,,-,-,2024
9223766,1,1,Y,M,62,A,-,E,M,C,Y,-,3,-,-,"- ",,,N,-,0,0,F,2010,-,A,01,,A,,-,-,2021
9223766,2,4,N,M,37,A,-,-,-,-,,-,3,-,-,"- ",,,N,-,0,1,B,,-,L,04,,W,,-,-,2021
9223768,1,4,Y,M,63,A,-,E,-,-,N,-,3,-,-,"- ",,,N,-,0,1,B,,-,L,04,,W,,-,-,2021
9705273,1,1,Y,X,998,G,G,S,B,-,,-,-,-,-,"- ",,,-,-,0,0,B,,-,A,01,,,,-,-,2024
9705273,2,4,N,M,24,A,-,S,-,-,,-,2,-,-,"- ",,,N,-,0,1,B,,-,L,04,,O,,-,-,2024
9705272,1,1,Y,M,36,A,-,S,M,G,Y,-,1,-,-,"- ",,,N,-,0,0,B,2006,-,A,01,,W,,-,-,2024
9705272,2,4,N,F,31,A,-,W,-,-,,-,3,-,-,"- ",,,N,-,0,1,B,,-,L,04,,W,,-,-,2024
9705137,1,1,N,F,56,G,G,N,B,-,Y,-,3,-,-,"- ",,,M,-,0,0,A,2020,-,A,01,,H,,-,-,2024
9705137,2,4,N,M,28,G,G,N,-,-,,-,3,-,-,"- ",,,N,-,0,1,I,,-,L,04,,O,,-,-,2024
9705137,3,5,Y,-,998,H,H,N,-,-,O,-,3,-,-,"- ",,,N,-,0,0,R,2020,-,A,01,,,,-,-,2024
9704076,1,1,Y,M,27,A,-,E,M,G,Y,-,3,-,-,"- ",,,N,-,0,0,D,2008,-,A,01,,O,,-,-,2024
9704076,2,4,N,F,32,A,-,E,-,-,,-,3,-,-,"- ",,,N,-,0,1,B,,-,L,04,,W,,-,-,2024
9704053,1,1,Y,F,54,-,-,E,B,-,,-,3,-,-,"- ",,,-,-,0,0,B,2015,-,A,01,,A,,-,-,2024
9704053,2,4,N,F,23,A,-,S,-,-,,-,-,-,-,"- ",,,-,-,0,1,-,,-,L,04,,H,,-,-,2024
9223913,1,4,Y,F,33,-,-,S,-,-,O,-,3,-,-,"- ",,,-,-,0,1,B,,-,L,04,,A,,-,-,2021
9223913,2,1,N,M,28,A,-,W,P,W,Y,-,3,-,-,"- ",,,-,-,0,0,B,2016,-,C,02,,W,,-,-,2021
9704040,1,4,Y,-,38,H,H,N,-,-,,-,-,-,,25,22350,,A,-,0,1,D,,-,L,04,,H,,-,-,2024
9704040,2,1,N,M,38,H,H,N,M,G,Y,-,-,-,-,"- ",,,E,-,0,0,B,2001,JEEP,-,,,H,,-,-,2024
9703955,1,4,Y,M,37,A,-,N,-,-,,-,3,-,-,"- ",,,N,-,0,1,B,,-,L,04,,W,,-,-,2024
9703955,2,1,N,M,36,A,-,E,M,G,Y,-,3,-,-,"- ",,,N,-,0,0,D,2008,-,A,01,,W,,-,-,2024
9227534,1,4,Y,M,30,-,-,S,-,-,,-,-,-,-,"- ",,,N,-,0,1,Q,,-,L,04,,W,,-,-,2021
9227534,2,1,N,-,998,-,-,W,-,-,,-,-,-,-,"- ",,,N,-,0,0,B,,-,A,01,,,,-,-,2021
9227542,1,4,N,F,13,A,-,W,-,-,N,-,3,-,-,"- ",,,N,-,0,1,B,,-,L,04,,H,,-,-,2021
9227547,1,4,Y,M,30,A,-,S,-,-,N,-,3,-,-,"- ",,,N,-,0,0,B,,-,L,04,,A,,-,-,2021
9227547,2,2,N,F,44,A,-,N,-,-,O,-,1,-,-,"- ",,,F,-,0,1,-,,-,N,60,,H,A,-,-,2021
9227562,1,1,Y,M,998,G,G,-,-,-,,-,-,-,,19,20001,A,A,-,0,0,B,2006,-,A,01,,B,,-,-,2021
9227562,2,4,N,M,27,A,-,S,-,-,,-,3,-,-,"- ",,,N,-,0,1,B,,-,L,04,,H,,-,-,2021
9708081,1,1,Y,M,998,G,G,N,B,-,,-,-,-,-,"- ",,,N,-,0,0,E,,-,A,01,,B,,-,-,2024
9708081,2,4,N,F,39,A,-,W,-,-,,-,3,-,-,"- ",,,N,-,0,1,B,,-,L,04,,W,,-,-,2024
9708122,1,1,Y,F,69,A,-,E,M,G,Y,-,3,-,-,"- ",,,N,-,0,0,D,2018,FORD,A,01,,B,,-,-,2024
9708122,2,4,N,F,32,A,-,E,-,-,,-,3,-,-,"- ",,,N,-,0,1,B,,-,L,04,,A,,-,-,2024
9227599,1,4,Y,M,998,H,H,N,-,-,N,-,3,-,-,"- ",,,N,-,0,0,B,,-,L,04,,H,,-,-,2021
9227599,2,4,N,F,998,H,H,-,-,-,,-,3,-,-,"- ",,,N,-,0,0,B,,-,L,04,,H,,-,-,2021
9227599,3,1,N,-,54,A,-,-,P,W,N,-,3,-,-,"- ",,,N,-,0,1,B,2014,-,C,03,,W,,-,-,2021
9686716,1,4,Y,F,40,A,-,W,-,-,,-,-,-,-,"- ",,,-,-,0,1,J,,-,L,04,,W,,-,-,2024
9686716,2,1,N,-,998,A,-,-,M,G,,-,-,-,-,"- ",,,-,-,0,0,B,2014,-,I,19,,,,-,-,2024
9228205,1,1,Y,F,19,A,-,E,M,G,N,-,3,-,,47,12500,A,A,-,0,0,F,2007,-,A,01,,B,,-,-,2021
9228205,2,4,N,M,45,A,-,N,-,-,,-,3,-,-,"- ",,,N,-,0,1,B,,-,L,04,,H,,-,-,2021
9228206,1,4,Y,M,52,-,-,E,-,-,,-,3,-,-,"- ",,,F,-,0,1,B,,-,L,04,,O,-,-,-,2021
9678266,1,1,Y,M,998,G,G,E,B,-,,-,-,-,-,"- ",,,-,-,0,0,D,,-,A,01,,,,-,-,2024
9678266,2,4,N,F,31,A,-,S,-,-,,-,3,-,-,"- ",,,-,-,0,1,B,,-,L,04,,W,,-,-,2024
9678248,1,4,Y,M,65,A,-,E,-,-,O,-,3,-,-,"- ",,,F,-,0,1,B,,-,L,04,,W,-,-,-,2024
9673393,1,4,Y,M,49,B,-,W,-,-,O,-,3,-,-,"- ",,,-,-,0,1,B,,-,L,04,,H,,-,-,2024
9673393,2,1,N,X,998,G,G,S,B,-,,-,3,-,,19,20001,A,A,-,0,0,B,,-,A,01,,,,-,-,2024
9673367,1,1,Y,M,22,A,-,E,M,G,N,-,3,-,,47,12500,A,A,N,0,0,D,2005,-,A,01,,H,,-,-,2024
9673367,2,4,N,M,45,A,-,-,-,-,,-,3,-,,39,21201,D,A,N,0,1,B,,-,L,04,,H,,-,-,2024
9239154,1,1,Y,M,36,A,-,W,M,G,Y,-,3,-,-,"- ",,,N,-,0,0,F,2021,-,-,,,A,,-,-,2021
9239154,2,4,N,M,30,A,-,W,-,-,,-,3,-,-,"- ",,,N,-,0,1,B,,-,L,04,,B,,-,-,2021
9239178,1,1,N,M,22,A,-,E,M,G,Y,-,3,-,-,"- ",,,-,-,0,0,D,2014,-,A,01,,H,,-,-,2021
9239178,2,4,N,M,56,A,-,E,-,-,,-,3,-,-,"- ",,,-,-,0,1,B,,-,L,04,,W,,-,-,2021
9708138,1,4,Y,M,61,A,-,S,-,-,,-,3,-,-,"- ",,,N,-,0,1,A,,-,L,04,,W,,-,-,2024
9708138,2,1,N,F,37,A,-,N,M,G,Y,-,3,-,-,"- ",,,N,-,0,0,D,2023,FORD,A,01,,W,,-,-,2024
9710168,1,3,Y,-,998,A,-,N,-,-,O,-,3,-,-,"- ",,,N,-,0,0,O,2019,FORD,D,22,,,,-,-,2024
9710168,2,4,N,M,70,A,-,N,-,-,,-,3,-,-,"- ",,,N,-,0,1,B,,-,L,04,,W,,-,-,2024
9710178,1,4,Y,M,49,A,-,E,-,-,,-,3,-,-,"- ",,,N,-,0,1,B,,-,L,04,,W,,-,-,2024
9710178,2,1,N,M,58,A,-,S,M,G,,-,3,-,-,"- ",,,N,-,0,0,D,2011,-,F,26,,W,,-,-,2024
9711937,1,4,Y,M,26,A,-,S,-,-,N,-,3,-,-,"- ",,,N,-,0,1,B,,-,L,04,,O,,-,-,2023
9711937,2,1,N,M,35,A,-,S,M,G,Y,-,3,-,-,"- ",,,N,-,0,0,D,2010,-,A,01,,O,,-,-,2023
9247463,1,3,Y,-,998,H,H,W,-,-,O,-,3,-,-,"- ",,,-,-,0,0,O,2020,-,-,,,,,-,-,2021
9247463,2,4,N,F,26,H,H,W,-,-,,-,3,-,-,"- ",,,-,-,0,1,B,,-,L,04,,W,,-,-,2021
9247465,1,1,Y,M,0,A,-,W,P,-,Y,-,3,-,-,"- ",,,F,-,0,0,R,2018,-,-,,,W,-,-,-,2021
9247465,2,4,N,F,0,A,-,W,-,-,,-,3,-,-,"- ",,,N,-,0,1,B,,-,L,04,,O,,-,-,2021
9247469,1,1,Y,M,68,A,-,N,M,N,Y,-,-,-,-,"- ",,,-,-,0,0,A,2016,-,A,01,,H,,-,-,2021
9247469,2,4,N,F,25,A,-,N,-,-,,-,-,-,-,"- ",,,-,-,0,1,B,,-,L,04,,,,-,-,2021
9728952,1,1,Y,F,64,A,-,W,M,G,Y,-,3,-,-,"- ",,,N,-,0,0,E,2005,-,A,01,,A,,-,-,2024
9728952,2,4,N,F,27,A,-,S,-,-,,-,3,-,-,"- ",,,N,-,0,1,B,,-,L,04,,H,,-,-,2024
92103090,1,4,Y,F,31,A,-,S,-,W,O,-,3,-,-,"- ",,,N,-,0,1,B,,URBANXCAPE,L,04,,O,,-,-,2023
9223817,1,4,Y,M,998,H,H,E,-,-,,-,-,-,-,"- ",,,-,-,0,0,B,,-,L,04,,H,,-,-,2021
9223817,2,1,N,M,42,A,-,W,P,W,Y,-,-,-,-,"- ",,,-,-,0,1,B,2015,-,C,03,,A,,-,-,2021
9223824,1,4,Y,M,51,G,G,-,-,-,N,-,3,-,-,"- ",,,-,-,0,1,B,,-,L,04,,,,-,-,2021
9223824,2,1,N,F,998,G,G,W,-,-,,-,-,-,-,"- ",,,-,-,0,0,E,1997,-,A,01,,,,-,-,2021
9252806,1,4,N,M,32,A,-,S,-,-,,A,-,-,-,"- ",,,-,-,0,1,H,,-,L,04,,W,,-,-,2021
9253095,1,2,Y,F,56,A,-,W,-,-,O,-,3,-,-,"- ",,,N,-,0,1,A,,-,N,60,,W,,-,-,2021
9253095,2,4,N,M,30,A,-,N,-,-,,-,3,-,-,"- ",,,N,-,0,0,B,,-,L,04,,A,,-,-,2021
9253096,1,4,N,M,45,A,-,E,-,-,N,-,-,-,-,"- ",,,N,-,0,0,B,,-,L,04,,B,,-,-,2021
9253096,2,2,N,F,62,A,-,E,-,-,O,-,-,-,-,"- ",,,N,-,0,1,A,,-,N,60,,A,,-,-,2021
9253261,1,4,Y,M,41,-,-,N,-,-,,-,3,-,-,"- ",,,N,-,0,1,-,,-,L,04,,B,,-,-,2021
9253261,2,1,N,F,41,-,-,N,M,G,Y,-,3,-,-,"- ",,,N,-,0,0,-,2013,-,I,12,,B,,-,-,2021
9253281,1,1,Y,F,35,A,-,W,M,G,Y,-,3,-,-,"- ",,,N,-,0,0,B,2013,-,-,,,O,,-,-,2021
9253281,2,4,N,M,34,A,-,S,-,-,O,-,3,-,-,"- ",,,N,-,0,1,A,,-,L,04,,H,,-,-,2021
9223825,1,1,Y,M,46,A,-,N,M,C,Y,-,-,-,-,"- ",,,N,-,0,0,E,2019,-,A,01,,A,,-,-,2021
9223825,2,4,N,M,18,A,-,W,-,-,N,-,-,-,,39,21201,D,A,-,0,1,B,,-,L,04,,W,,-,-,2021
9223898,1,4,Y,M,45,A,-,N,-,-,N,-,-,-,-,"- ",,,N,-,0,1,E,,-,L,04,,W,,-,-,2021
9223898,2,1,N,F,76,A,-,W,M,G,Y,-,-,-,-,"- ",,,N,-,0,0,A,2006,-,A,01,,W,,-,-,2021
9223903,1,1,Y,F,44,A,-,N,M,B,Y,-,3,-,-,"- ",,,N,-,0,0,L,2015,-,A,01,,H,,-,-,2021
9223903,2,4,N,M,54,A,-,N,-,-,O,-,3,-,-,"- ",,,N,-,0,1,B,,-,L,04,,H,,-,-,2021
9262678,1,1,Y,M,55,A,-,W,M,H,Y,-,3,-,-,"- ",,,N,-,0,0,A,1994,-,-,,,B,,-,-,2021
9262678,2,4,N,M,23,A,-,W,-,-,,-,3,-,-,"- ",,,N,-,0,1,B,,-,L,04,,W,,-,-,2021
9262687,1,4,N,M,38,A,-,N,-,-,,-,3,-,-,"- ",,,M,-,0,1,B,,-,L,04,,A,,-,-,2021
9262729,1,1,Y,M,45,A,-,E,M,C,Y,-,3,-,-,"- ",,,E,-,0,0,E,2000,FORD,A,01,,W,,-,-,2021
9262729,2,4,N,M,38,A,-,W,-,-,,-,3,-,-,"- ",,,N,-,0,1,B,,-,L,04,,A,,-,-,2021
9262752,1,1,N,M,58,D,-,N,B,-,Y,-,-,-,-,"- ",,,-,-,0,0,J,2014,-,A,01,,A,,-,-,2021
9262752,2,4,N,M,27,A,-,N,-,-,,-,3,-,-,"- ",,,-,-,0,1,B,,-,L,04,,W,,-,-,2021
9262781,1,4,Y,M,24,A,-,S,-,-,,-,3,-,-,"- ",,,N,-,0,1,B,,-,L,04,,H,,-,-,2021
9262781,2,1,N,F,71,A,-,N,M,G,Y,-,3,-,-,"- ",,,N,-,0,0,L,2014,-,A,07,,W,,-,-,2021
9262840,1,4,Y,M,26,A,-,W,-,-,,-,3,-,-,"- ",,,N,-,0,1,B,,-,L,04,,W,,-,-,2021
9262840,2,1,N,M,47,A,-,S,M,G,Y,-,3,-,-,"- ",,,N,-,0,0,E,2015,-,A,01,,O,,-,-,2021
9262916,1,1,Y,M,998,D,-,E,B,-,,-,3,-,-,"- ",,,N,-,0,0,B,,-,-,,,O,,-,-,2021
9262916,2,4,N,F,24,A,-,S,-,-,,-,3,-,-,"- ",,,N,-,0,1,B,,-,L,04,,W,,-,-,2021
9275151,1,4,Y,F,53,A,-,N,-,-,N,-,3,-,-,"- ",,,N,-,0,1,B,,-,L,04,,A,,-,-,2021
9275157,1,4,Y,M,30,A,-,S,-,-,O,-,3,-,,25,22350,,A,N,0,1,B,,-,L,04,,W,,-,-,2021
9275157,2,1,N,F,36,A,-,W,M,G,Y,-,3,-,-,"- ",,,N,-,0,0,E,2021,-,A,01,,A,,-,-,2021
9275159,1,4,Y,M,24,G,G,W,-,-,N,-,3,-,-,"- ",,,N,-,0,1,M,,-,L,04,,W,,-,-,2021
9275176,1,1,Y,F,42,A,-,E,M,G,Y,-,3,-,-,"- ",,,G,J,0,0,D,2014,-,A,01,,W,,-,-,2021
9275176,2,4,N,M,25,A,-,E,-,-,,-,3,-,-,"- ",,,N,-,0,1,B,,-,L,04,,W,,-,-,2021
9224045,1,4,Y,F,41,A,-,N,-,-,,-,3,-,-,"- ",,,N,-,0,1,B,,-,L,04,,A,,-,-,2021
9224051,1,1,Y,F,25,A,-,-,M,G,Y,-,3,-,-,"- ",,,N,-,0,0,L,2018,-,A,01,,W,,-,-,2021
9224051,2,4,N,M,30,A,-,W,-,-,N,-,3,-,-,"- ",,,N,-,0,1,B,,-,L,04,,,,-,-,2021
9227575,1,1,Y,F,23,A,-,N,M,G,Y,-,3,-,-,"- ",,,N,-,0,0,B,2019,-,A,01,,O,,-,-,2021
9227575,2,4,N,M,31,A,-,E,-,-,,-,3,-,,44,21657,,A,N,0,1,B,,-,L,04,,H,,-,-,2021
9227581,1,4,N,M,69,G,G,W,-,-,N,-,-,-,-,"- ",,,-,-,0,1,B,,-,L,04,,H,,-,-,2021
9228187,1,4,Y,M,24,A,-,S,-,-,,-,3,-,-,"- ",,,-,-,0,1,B,,-,L,04,,B,,-,-,2021
9228187,2,1,N,M,63,A,-,N,M,C,Y,-,3,-,-,"- ",,,-,-,0,0,B,2013,FORD,A,01,,A,,-,-,2021
9228232,1,4,Y,F,48,A,-,W,-,-,,-,3,-,-,"- ",,,N,-,0,1,B,,-,L,04,,W,,-,-,2021
9228232,2,2,N,M,27,A,-,W,-,-,O,-,3,-,-,"- ",,,N,-,0,1,-,,-,N,60,,O,,-,-,2021
9285663,1,4,Y,M,59,A,-,N,-,-,,-,3,-,-,"- ",,,N,-,0,1,B,,-,L,04,,H,,-,-,2021
9285663,2,1,N,-,998,G,G,N,-,-,,-,3,-,-,"- ",,,N,-,0,0,A,,-,-,,,,,-,-,2021
9285686,1,4,N,M,51,A,-,W,-,-,,-,3,-,-,"- ",,,L,-,0,1,B,,-,L,04,,W,,-,-,2021
9285688,1,4,Y,M,36,A,-,N,-,-,,-,3,-,-,"- ",,,N,-,0,1,B,,-,L,04,,B,,-,-,2021
9285688,2,1,N,M,51,A,-,E,M,G,Y,-,3,-,-,"- ",,,N,-,0,0,E,2006,-,-,,,W,,-,-,2021
9285702,1,4,Y,M,40,G,G,S,-,-,N,-,3,-,-,"- ",,,N,-,0,1,E,,-,L,04,,W,,-,-,2021
9285702,2,1,N,M,35,A,-,W,M,G,Y,-,3,-,-,"- ",,,N,-,0,0,B,2002,-,A,01,,B,,-,-,2021
9285704,1,1,Y,M,49,A,-,N,M,G,Y,-,3,-,-,"- ",,,N,-,0,0,F,2019,FORD,A,01,,B,,-,-,2021
9285704,2,4,N,M,31,A,-,E,-,-,,-,3,-,-,"- ",,,N,-,0,1,B,,-,L,04,,A,,-,-,2021
9285710,1,4,Y,F,29,A,-,W,-,-,N,-,3,-,-,"- ",,,N,-,0,1,B,,-,L,04,,W,,-,-,2021
9285710,2,1,N,M,48,A,-,W,M,G,Y,-,3,-,-,"- ",,,N,-,0,0,A,2018,-,A,01,,A,,-,-,2021
9290648,1,4,Y,M,52,A,-,E,-,-,N,-,-,-,-,"- ",,,N,-,0,1,B,,-,L,04,,W,,-,-,2021
9290653,1,4,Y,F,23,A,-,W,-,-,N,-,3,-,-,"- ",,,N,-,0,1,I,,-,L,04,,W,,-,-,2021
9290653,2,1,N,M,45,A,-,W,M,G,Y,-,3,-,-,"- ",,,N,-,0,0,B,2021,FORD,A,08,,H,,-,-,2021
9290658,1,4,Y,M,30,G,G,W,-,-,N,-,3,-,-,"- ",,,N,-,0,1,B,,-,L,04,,W,,-,-,2021
9290658,2,1,N,M,28,A,-,N,M,G,Y,-,3,-,-,"- ",,,N,-,0,2,B,2018,-,A,07,,A,,-,-,2021
9230024,1,1,Y,M,24,A,-,S,M,H,Y,-,3,-,-,"- ",,,N,-,0,0,O,2015,-,A,01,,H,,-,-,2021
9230024,2,4,N,M,73,A,-,S,-,-,,-,3,-,-,"- ",,,N,-,0,1,B,,-,L,04,,W,,-,-,2021
9239142,1,4,Y,F,47,A,-,S,-,-,N,-,-,-,-,"- ",,,M,-,0,1,B,,-,L,04,,A,,-,-,2021
9209119,1,4,N,M,61,A,-,E,-,-,N,-,3,-,-,"- ",,,N,-,0,1,B,,-,L,04,,W,,-,-,2020
9209119,2,1,N,M,36,A,-,S,M,G,Y,-,3,-,-,"- ",,,N,-,0,0,B,2014,-,A,01,,O,,-,-,2020
9293043,1,1,Y,M,58,A,-,W,M,G,Y,-,3,-,-,"- ",,,N,-,0,0,E,2018,-,A,01,,B,,-,-,2021
9293043,2,4,N,M,49,A,-,W,-,-,,-,3,-,-,"- ",,,N,-,0,1,B,,-,L,04,,W,,-,-,2021
9293045,1,4,Y,M,72,A,-,E,-,-,,-,3,-,-,"- ",,,N,-,0,1,B,,-,L,04,,W,,-,-,2021
9293045,2,3,N,-,998,H,H,-,-,-,O,-,-,-,-,"- ",,,N,-,0,0,O,2017,-,A,01,,,,-,-,2021
9293069,1,4,Y,M,32,G,G,E,-,-,,-,3,-,,24,22450,A,A,-,0,1,B,,-,L,04,,H,,-,-,2021
9293090,1,1,N,M,63,A,-,E,M,E,Y,-,3,-,-,"- ",,,N,-,0,0,B,2019,-,A,07,,W,,-,-,2021
9293090,2,4,N,M,50,A,-,E,-,-,,-,3,-,-,"- ",,,N,-,0,1,B,,-,L,04,,W,,-,-,2021
9293091,1,1,Y,M,19,A,-,E,M,G,Y,-,3,-,-,"- ",,,F,-,0,0,E,2016,-,A,01,,W,K,-,-,2021
9293091,2,4,N,F,24,A,-,W,-,-,,-,3,-,-,"- ",,,N,-,0,1,B,,-,L,04,,W,,-,-,2021
9293297,1,4,Y,F,60,G,G,S,-,-,,-,3,-,-,"- ",,,N,-,0,1,B,,-,L,04,,W,,-,-,2021
9293299,1,4,Y,M,45,A,-,N,-,-,,-,-,-,-,"- ",,,N,-,0,0,D,,-,L,04,,W,,-,-,2021
9293299,2,4,N,M,67,A,-,E,-,-,,-,-,-,-,"- ",,,N,-,0,1,B,,-,L,04,,W,,-,-,2021
9211845,1,4,Y,M,63,G,G,N,-,-,,-,-,-,-,"- ",,,N,-,0,1,C,,-,L,04,,A,,-,-,2021
92208095,1,4,Y,F,66,A,-,S,-,W,O,-,3,-,-,"- ",,,N,-,0,1,B,,CANNON,L,04,,W,,-,-,2023
9295584,1,4,Y,M,62,A,-,S,-,-,,-,3,-,-,"- ",,,N,-,0,1,I,,-,L,04,,B,,-,-,2021
9295584,2,1,N,F,30,A,-,S,M,G,Y,-,3,-,-,"- ",,,N,-,0,0,A,2015,-,A,01,,W,,-,-,2021
9295596,1,4,N,M,38,A,-,S,-,-,,-,-,-,-,"- ",,,N,-,0,1,B,,-,L,04,,W,,-,-,2021
9295596,2,3,N,-,998,H,H,S,-,-,O,-,-,-,-,"- ",,,N,-,0,0,O,2013,FORD,A,01,,,,-,-,2021
9295690,1,1,Y,F,40,A,-,N,M,G,Y,-,3,-,-,"- ",,,N,-,0,0,E,2020,-,A,01,,H,,-,-,2021
9295690,2,4,N,F,50,A,-,W,-,-,,-,3,-,-,"- ",,,N,-,0,1,B,,-,L,04,,W,,-,-,2021
9223735,1,4,Y,M,69,A,-,N,-,-,,-,3,-,-,"- ",,,N,-,0,1,B,,-,L,04,,A,,-,-,2021
9223735,2,1,N,M,34,A,-,E,M,G,Y,-,3,-,-,"- ",,,N,-,0,0,E,2016,-,F,27,,H,,-,-,2021
9297623,1,4,Y,F,23,A,-,S,-,-,N,-,-,-,-,"- ",,,-,-,0,1,B,,-,L,04,,A,,-,-,2021
9297623,2,1,N,M,48,A,-,W,M,-,Y,-,-,-,-,"- ",,,-,-,0,0,B,2017,-,A,01,,B,,-,-,2021
9297625,1,4,Y,M,998,D,-,N,-,-,N,-,3,-,-,"- ",,,N,-,0,1,F,,-,L,04,,H,,-,-,2021
9297625,2,1,N,M,59,A,-,S,M,-,Y,-,3,-,-,"- ",,,N,-,0,0,B,2017,-,A,01,,W,,-,-,2021
9252274,1,1,Y,F,82,A,-,S,M,G,Y,-,3,-,-,"- ",,,N,-,0,0,E,2014,-,A,01,,W,,-,-,2021
9252274,2,4,N,F,50,A,-,-,-,-,N,-,3,-,-,"- ",,,N,-,0,1,B,,-,L,04,,W,,-,-,2021
9253290,1,4,Y,F,24,G,G,E,-,-,N,-,3,-,-,"- ",,,N,-,0,1,B,,-,L,04,,A,,-,-,2021
9253290,2,1,N,M,71,A,-,S,M,G,Y,-,3,-,-,"- ",,,N,-,0,0,B,2011,-,A,08,,A,,-,-,2021
9253299,1,1,Y,F,45,A,-,W,M,G,Y,-,3,-,-,"- ",,,N,-,0,0,D,2005,-,A,01,,B,,-,-,2021
9253299,2,4,N,M,37,A,-,W,-,-,,-,3,-,-,"- ",,,N,-,0,1,B,,-,L,04,,H,,-,-,2021
9308296,1,4,Y,M,47,A,-,E,-,-,N,-,3,-,-,"- ",,,N,-,0,1,B,,-,L,04,,W,,-,-,2021
9308296,2,1,N,M,45,A,-,N,M,G,Y,-,3,-,-,"- ",,,N,-,0,0,B,2019,-,A,01,,O,,-,-,2021
9313264,1,4,Y,M,28,A,-,S,-,-,O,-,3,-,-,"- ",,,N,-,0,1,Q,,-,L,04,,O,,-,-,2021
9313264,2,1,N,M,38,A,-,N,M,G,Y,-,3,-,-,"- ",,,N,-,0,0,L,2020,-,A,01,,B,,-,-,2021
9313267,1,1,Y,F,17,C,-,E,M,G,Y,-,3,-,-,"- ",,,N,-,0,0,D,2004,-,A,07,,H,,-,-,2021
9313267,2,4,N,F,37,C,-,E,-,-,O,-,3,-,-,"- ",,,N,-,0,1,B,,-,L,04,,A,,-,-,2021
9256809,1,1,N,M,998,G,G,W,B,-,,-,-,-,-,"- ",,,-,-,0,0,B,,FORD,A,01,,B,,-,-,2021
9256809,2,4,N,M,42,G,G,N,-,-,,-,-,-,-,"- ",,,-,-,0,1,B,,-,L,04,,W,,-,-,2021
9314638,1,4,Y,M,25,A,-,E,-,-,N,-,3,-,-,"- ",,,F,-,0,1,B,,-,L,04,,W,-,-,-,2021
9314638,2,1,N,M,42,A,-,E,M,G,Y,-,3,-,-,"- ",,,-,-,0,0,D,2016,-,A,01,,B,,-,-,2021
9314694,1,4,Y,M,38,A,-,E,-,-,N,-,2,-,-,"- ",,,N,-,0,1,B,,-,L,04,,B,,-,-,2021
9314694,2,1,N,M,62,A,-,S,M,A,Y,-,3,-,-,"- ",,,N,-,0,0,B,2011,-,A,01,,W,,-,-,2021
9275211,1,4,Y,M,998,H,H,S,-,-,,-,3,-,-,"- ",,,N,-,0,0,B,,-,L,04,,W,,-,-,2021
9275211,2,2,N,F,51,A,-,E,-,-,O,-,3,-,-,"- ",,,N,-,0,1,B,,-,N,60,,A,,-,-,2021
9275212,1,4,Y,M,48,A,-,N,-,-,,-,3,-,-,"- ",,,N,-,0,1,B,,-,L,04,,B,,-,-,2021
9275212,2,1,N,M,50,A,-,E,M,G,Y,-,3,-,-,"- ",,,N,-,0,0,B,2017,-,A,01,,W,,-,-,2021
9316658,1,4,Y,F,32,A,-,E,-,-,,-,3,-,-,"- ",,,N,-,0,1,E,,-,L,04,,W,,-,-,2021
9316659,1,4,Y,F,32,A,-,E,-,-,,-,3,-,-,"- ",,,N,-,0,1,J,,-,L,04,,O,,-,-,2021
9341104,1,4,N,M,62,A,-,N,-,-,N,-,3,-,-,"- ",,,G,-,0,1,H,,-,L,04,,W,,-,-,2021
9341104,2,1,N,F,62,A,-,N,M,G,Y,-,3,-,-,"- ",,,G,-,0,0,I,2021,-,A,01,,W,,-,-,2021
9280814,1,4,Y,M,49,A,-,E,-,-,,-,3,-,-,"- ",,,K,-,0,1,B,,-,L,04,,A,,-,-,2021
9341983,1,1,Y,M,998,-,-,-,-,-,,-,-,-,,25,22350,,A,-,0,0,B,,-,-,,,,,-,-,2021
9341983,2,4,N,M,29,A,-,S,-,-,,-,3,-,-,"- ",,,N,-,0,1,B,,-,L,04,,W,,-,-,2021
9341989,1,1,Y,M,75,A,-,N,N,G,Y,-,3,-,-,"- ",,,N,-,0,0,B,1997,-,A,01,,W,,-,-,2021
9341989,2,4,N,M,39,A,-,N,-,-,,-,3,-,-,"- ",,,N,-,0,1,B,,-,L,04,,W,,-,-,2021
9343021,1,1,Y,X,998,G,G,E,B,-,,-,-,-,,25,22350,,A,-,0,0,B,,-,A,01,,,,-,-,2021
9343021,2,4,N,M,29,G,G,S,-,-,,-,3,-,-,"- ",,,-,-,0,1,B,,-,L,04,,W,,-,-,2021
9343021,3,1,N,X,998,G,G,E,-,-,,-,-,-,-,"- ",,,-,-,0,0,B,,-,A,01,,,,-,-,2021
9343036,1,4,Y,M,78,A,-,N,-,-,O,-,3,-,-,"- ",,,N,-,0,1,B,,-,L,04,,W,,-,-,2021
9343036,2,4,N,F,50,A,-,N,-,-,,-,3,-,-,"- ",,,N,-,0,1,B,,-,L,04,,W,,-,-,2021
9281898,1,4,Y,M,28,A,-,E,-,-,N,-,3,-,-,"- ",,,N,-,0,1,B,,-,L,04,,O,,-,-,2021
9281898,2,1,N,F,43,A,-,S,M,G,Y,-,3,-,-,"- ",,,N,-,0,0,B,2018,-,A,01,,A,,-,-,2021
9282480,1,4,Y,M,52,A,-,E,-,-,,-,3,-,-,"- ",,,N,-,0,1,B,,-,L,04,,W,,-,-,2021
9285649,1,1,N,-,998,G,G,-,B,-,,-,-,-,,19,20001,A,A,-,0,0,E,,-,A,01,,,,-,-,2021
9285649,2,4,Y,M,51,A,-,-,-,-,,-,3,-,-,"- ",,,N,-,0,1,D,,-,L,04,,B,,-,-,2021
9343158,1,4,Y,-,998,G,G,E,-,-,,-,3,-,-,"- ",,,N,-,0,1,B,,-,-,,,,,-,-,2021
9343158,2,3,N,-,998,H,H,-,-,-,O,-,3,-,-,"- ",,,N,-,0,0,O,2015,-,A,08,,,,-,-,2021
9343170,1,1,Y,F,67,A,-,W,M,G,Y,-,3,-,-,"- ",,,N,-,0,0,B,2014,-,A,01,,A,,-,-,2021
9343170,2,4,N,M,47,A,-,N,-,-,,-,3,-,-,"- ",,,N,-,0,1,B,,-,L,04,,A,,-,-,2021
9343286,1,1,N,-,998,G,G,-,-,-,,-,-,-,-,"- ",,,-,-,0,0,-,,-,-,,,,,-,-,2021
9343286,2,4,N,F,34,A,-,-,-,-,,-,-,-,-,"- ",,,-,-,0,1,-,,-,L,04,,W,,-,-,2021
9343314,1,4,Y,M,57,A,-,E,-,-,O,-,3,-,-,"- ",,,-,-,0,1,B,,-,L,04,,W,,-,-,2021
9343314,2,4,N,M,29,A,-,N,-,-,O,-,3,-,,31,22108,,A,-,0,0,E,,-,L,04,,W,,-,-,2021
9343330,1,4,Y,M,78,H,H,N,-,-,O,-,3,-,-,"- ",,,N,-,0,1,D,,-,L,04,,W,,-,-,2021
9343330,2,1,N,F,45,H,H,S,M,G,Y,-,3,-,-,"- ",,,N,-,0,0,B,2005,-,A,01,,A,,-,-,2021
9290703,1,1,Y,-,998,G,G,S,-,-,,-,-,-,-,"- ",,,M,-,0,0,F,2014,FORD,A,01,,,,-,-,2021
9290703,2,4,N,M,33,A,-,S,-,-,,-,3,-,-,"- ",,,N,-,0,1,B,,-,L,04,,B,,-,-,2021
9228288,1,4,Y,M,31,G,G,E,-,-,O,-,-,-,-,"- ",,,N,-,0,1,B,,-,L,04,,B,,-,-,2021
9228288,2,1,N,M,49,H,H,S,M,C,,-,3,-,-,"- ",,,N,-,0,0,B,2017,-,-,,,A,,-,-,2021
9290709,1,1,Y,M,20,A,-,W,L,G,Y,-,3,-,-,"- ",,,N,-,0,0,B,2019,-,A,01,,B,,-,-,2021
9290709,2,4,N,F,26,A,-,S,-,-,,-,3,-,-,"- ",,,N,-,0,1,B,,-,L,04,,A,,-,-,2021
9290717,1,4,Y,M,37,A,-,N,-,-,N,-,3,-,-,"- ",,,A,N,0,1,D,,-,L,04,,W,,-,-,2021
9290717,2,1,N,M,32,A,-,N,P,V,,-,3,-,-,"- ",,,N,-,0,0,B,,-,C,03,,H,,-,-,2021
9239266,1,1,Y,M,29,A,-,E,M,G,Y,-,3,-,-,"- ",,,J,-,0,0,D,2005,-,D,22,,H,,-,-,2021
9239266,2,4,N,F,51,A,-,E,-,-,,-,3,-,-,"- ",,,-,-,0,1,B,,-,L,04,,W,,-,-,2021
9240414,1,1,Y,M,998,H,H,W,B,-,,-,-,-,,19,20001,A,A,-,0,0,B,,-,-,,,O,,-,-,2021
9240414,2,4,N,M,39,H,H,W,-,-,N,-,-,-,,39,21201,D,A,-,0,1,B,,-,L,04,,B,,-,-,2021
92409597,1,4,Y,M,18,A,-,W,-,P,O,-,3,-,-,"- ",,,N,-,0,1,M,,MOTOBECANE,L,04,,W,,-,-,2024
9247106,1,1,N,F,34,A,-,S,M,C,Y,-,-,-,-,"- ",,,N,-,0,0,B,2017,-,-,,,A,,-,-,2021
9247106,2,4,N,M,35,A,-,W,-,-,,-,-,-,-,"- ",,,N,-,0,1,B,,-,L,04,,W,,-,-,2021
9252248,1,1,Y,F,36,A,-,N,M,G,N,-,3,-,-,"- ",,,N,-,0,0,H,2003,FORD,A,01,,B,,-,-,2021
9252248,2,4,N,M,54,A,-,W,-,-,,-,3,-,-,"- ",,,N,-,0,1,B,,-,L,04,,W,,-,-,2021
9345622,1,4,Y,M,39,H,H,S,-,-,N,-,-,-,-,"- ",,,-,-,0,1,B,,-,L,04,,,,-,-,2021
9345622,2,2,N,M,42,H,H,N,-,-,O,-,-,-,-,"- ",,,-,-,0,1,A,,-,N,60,,W,,-,-,2021
9345631,1,4,Y,M,20,A,-,W,-,-,N,-,3,-,-,"- ",,,N,-,0,1,E,,-,L,04,,B,,-,-,2021
9345631,2,1,N,F,18,A,-,W,M,H,Y,-,3,-,-,"- ",,,N,-,0,0,B,2017,-,A,01,,A,,-,-,2021
9345636,1,4,Y,M,57,A,-,S,-,-,N,-,-,-,-,"- ",,,N,-,0,1,B,,-,L,04,,W,,-,-,2021
9345649,1,4,N,M,60,A,-,-,-,-,,-,-,-,,39,21201,D,A,-,0,1,R,,-,L,04,,W,,-,-,2021
9345649,2,1,N,M,49,A,-,N,M,G,Y,-,3,-,-,"- ",,,N,-,0,0,L,2016,AUDI,A,01,,W,,-,-,2021
9345656,1,1,Y,M,998,G,G,S,M,B,,-,-,-,,19,20001,A,A,-,0,0,B,,-,A,01,,O,,-,-,2021
9345656,2,4,N,M,53,A,-,S,-,-,,-,3,-,-,"- ",,,N,-,0,1,B,,-,L,04,,A,,-,-,2021
9345657,1,2,Y,F,70,A,-,E,-,-,O,-,3,-,-,"- ",,,E,-,0,1,L,,-,N,60,,A,,-,-,2021
9345657,2,4,N,M,33,A,-,S,-,-,,-,3,-,-,"- ",,,N,-,0,0,B,,-,L,04,,W,,-,-,2021
9345847,1,1,Y,M,43,A,-,S,M,G,Y,-,3,-,-,"- ",,,N,-,0,0,D,2010,-,A,01,,A,,-,-,2021
9345847,2,4,N,M,43,A,-,E,-,-,,-,3,-,-,"- ",,,N,-,0,1,B,,-,L,04,,H,,-,-,2021
9252266,1,4,N,M,25,-,-,E,-,-,N,-,-,-,-,"- ",,,-,-,0,1,-,,-,L,04,,W,,-,-,2021
9252266,2,1,N,F,998,-,-,N,B,-,,-,-,-,-,"- ",,,-,-,0,0,-,2004,-,A,01,,,,-,-,2021
9348911,1,4,Y,M,33,A,-,N,-,-,N,-,3,-,-,"- ",,,L,-,0,1,B,,-,L,04,,W,,-,-,2022
9348911,2,1,N,F,53,A,-,-,M,-,Y,-,3,-,-,"- ",,,-,-,0,0,E,2015,-,A,01,,W,,-,-,2022
9348923,1,4,Y,F,58,A,-,E,-,-,,-,3,-,-,"- ",,,-,-,0,1,H,,-,L,04,,W,,-,-,2022
9348932,1,4,Y,F,26,A,-,S,-,-,,-,3,-,-,"- ",,,N,-,0,1,E,,-,L,04,,W,,-,-,2022
9348932,2,1,N,F,40,A,-,W,M,G,Y,-,2,-,-,"- ",,,N,-,0,0,B,2021,-,A,01,,B,,-,-,2022
9348933,1,2,Y,F,24,H,H,S,-,-,O,-,3,-,-,"- ",,,N,-,0,0,B,,-,N,60,,W,,-,-,2022
9348933,2,4,N,F,61,H,H,W,-,-,,-,3,-,-,"- ",,,N,-,0,1,B,,-,L,04,,W,,-,-,2022
9348947,1,4,N,M,27,G,G,W,-,-,,-,3,-,-,"- ",,,-,-,0,1,B,,-,L,04,,W,,-,-,2022
9294563,1,4,Y,F,0,A,-,E,-,-,N,-,-,-,-,"- ",,,N,-,0,1,J,,-,L,04,,W,,-,-,2021
9252269,1,1,Y,F,36,A,-,S,M,G,Y,-,3,-,-,"- ",,,N,-,0,0,G,2016,-,A,01,,A,,-,-,2021
9252269,2,4,N,M,41,A,-,W,-,-,O,-,3,-,-,"- ",,,N,-,0,1,B,,-,L,04,,W,,-,-,2021
9301723,1,4,Y,M,47,G,G,N,-,-,,-,-,-,-,"- ",,,N,-,1,0,B,,-,L,04,,W,,-,-,2021
9301723,2,3,N,-,998,H,H,N,-,-,O,-,-,-,-,"- ",,,N,-,0,0,O,2005,-,A,01,,,,-,-,2021
9350357,1,1,Y,F,998,D,-,W,-,-,,-,-,-,-,"- ",,,G,-,0,0,J,2001,FORD,A,01,,B,,-,-,2021
9350357,2,4,N,M,62,A,-,W,-,-,N,-,3,-,-,"- ",,,N,-,0,1,B,,-,L,04,,W,,-,-,2021
9308180,1,4,Y,F,40,A,-,E,-,-,N,-,-,-,-,"- ",,,N,-,0,1,B,,-,L,04,,A,,-,-,2021
9308180,2,1,N,M,75,A,-,E,M,G,Y,-,-,-,-,"- ",,,N,-,0,0,D,2002,JEEP,A,01,,W,,-,-,2021
9362539,1,4,Y,M,31,D,-,W,-,-,N,-,3,-,,23,21453,A,A,J,0,1,Q,,-,L,04,,H,,-,-,2021
9362539,2,1,N,M,45,A,-,N,M,G,Y,-,3,-,-,"- ",,,-,-,0,0,D,2020,FORD,A,08,,W,,-,-,2021
9362549,1,4,Y,F,23,C,-,W,-,-,N,-,3,-,-,"- ",,,N,-,0,1,B,,-,L,04,,W,,-,-,2021
9313294,1,4,Y,M,26,A,-,N,-,-,,-,3,-,-,"- ",,,N,-,0,1,B,,-,L,04,,O,,-,-,2021
9313294,2,5,N,-,998,A,-,N,-,-,O,-,3,-,-,"- ",,,N,-,0,1,B,1983,-,M,94,,,,-,-,2021
9362815,1,4,Y,M,36,A,-,S,-,-,N,-,3,-,-,"- ",,,F,-,0,1,B,,-,L,04,,W,C,-,-,2021
9362815,2,1,N,M,73,A,-,S,M,G,Y,-,3,-,-,"- ",,,N,-,0,0,A,2009,-,A,01,,B,,-,-,2021
9362861,1,1,Y,M,998,G,G,S,M,B,,-,-,-,-,"- ",,,N,-,0,0,D,,-,-,,,,,-,-,2021
9362861,2,4,N,M,27,A,-,E,-,-,,-,3,-,-,"- ",,,N,-,0,1,B,,-,L,04,,H,,-,-,2021
9365803,1,1,Y,M,45,A,-,E,M,G,Y,-,3,-,,44,21461,A,A,-,0,0,D,2018,FORD,A,01,,W,,-,-,2021
9365803,2,4,N,M,27,A,-,N,-,-,,-,3,-,-,"- ",,,N,-,0,1,B,,-,L,04,,O,,-,-,2021
9314800,1,4,Y,M,50,H,H,S,-,-,,-,3,-,-,"- ",,,N,-,0,1,B,,-,L,04,,B,,-,-,2021
9314800,2,1,N,F,56,H,H,W,M,G,Y,-,3,-,-,"- ",,,N,-,0,0,D,2019,-,A,01,,H,,-,-,2021
9365917,1,1,Y,M,51,A,-,W,M,G,Y,-,3,-,-,"- ",,,N,-,0,0,B,2013,-,A,01,,W,,-,-,2021
9365917,2,4,N,M,27,A,-,W,-,-,,-,3,-,,28,21658,A,A,N,0,1,J,,-,L,04,,W,,-,-,2021
9366730,1,1,Y,M,38,-,-,N,M,G,Y,-,3,-,-,"- ",,,N,-,0,0,D,2021,FORD,A,01,,O,,-,-,2021
9366730,2,4,N,F,22,-,-,W,-,-,,-,3,-,-,"- ",,,N,-,0,1,B,,-,L,04,,A,,-,-,2021
9372335,1,1,Y,M,18,A,-,S,M,G,Y,-,3,-,-,"- ",,,N,-,0,0,E,1998,-,A,01,,B,,-,-,2021
9372335,2,4,N,M,54,A,-,E,-,-,O,-,3,-,-,"- ",,,N,-,0,1,B,,-,L,04,,W,,-,-,2021
9372336,1,1,Y,F,32,C,-,W,M,C,Y,-,3,-,-,"- ",,,N,-,0,0,F,2014,-,A,01,,A,,-,-,2021
9372336,2,4,N,M,38,C,-,E,-,-,O,-,3,-,-,"- ",,,N,-,0,1,B,,-,L,04,,W,,-,-,2021
9372339,1,1,Y,M,57,A,-,E,M,G,Y,-,-,-,,47,22517,,A,M,0,0,A,2021,-,A,01,,H,,-,-,2021
9372339,2,4,N,M,60,A,-,E,-,-,O,-,3,-,-,"- ",,,N,-,0,1,B,,-,L,04,,H,,-,-,2021
9315081,1,4,Y,M,998,G,G,E,-,-,,-,-,-,-,"- ",,,-,-,0,0,Q,,-,L,04,,W,,-,-,2021
9315081,2,2,N,F,47,G,G,N,-,-,O,-,-,-,-,"- ",,,-,-,0,1,-,,-,N,60,,W,,-,-,2021
9375685,1,4,Y,M,49,A,-,S,-,-,,-,3,-,-,"- ",,,N,-,0,1,B,,-,L,04,,A,,-,-,2021
9375685,2,1,N,M,37,A,-,W,M,G,Y,-,3,-,-,"- ",,,N,-,0,0,D,2021,-,A,01,,O,,-,-,2021
9375706,1,1,Y,F,77,A,-,S,M,G,Y,-,3,-,-,"- ",,,N,-,0,1,B,2013,-,-,,,A,,-,-,2021
9375706,2,4,N,F,25,A,-,W,-,-,N,-,3,-,-,"- ",,,N,-,0,1,B,,-,L,04,,W,,-,-,2021
9375711,1,4,Y,M,69,G,G,N,-,-,,-,-,-,-,"- ",,,N,-,0,1,B,,-,L,04,,H,,-,-,2021
9375714,1,4,Y,M,54,A,-,N,-,-,N,-,3,-,,39,21201,D,A,-,0,1,B,,-,L,04,,W,,-,-,2021
9375714,2,1,N,F,39,A,-,W,M,G,Y,-,3,-,-,"- ",,,N,-,0,0,E,2015,-,A,01,,H,,-,-,2021
9375737,1,4,Y,M,48,A,-,W,-,-,N,-,3,-,-,"- ",,,N,-,0,1,B,,-,L,04,,W,,-,-,2021
9375737,2,1,N,M,36,A,-,-,M,G,Y,-,3,-,-,"- ",,,N,-,0,0,E,2020,-,A,01,,O,,-,-,2021
9376210,1,1,Y,-,998,H,H,S,-,-,,-,-,-,,19,20001,A,A,-,0,0,E,,-,A,01,,,,-,-,2021
9376210,2,4,N,M,74,A,-,E,-,-,,-,3,-,-,"- ",,,N,-,0,1,B,,-,L,04,,W,,-,-,2021
9376232,1,4,N,M,998,D,-,N,-,-,N,-,-,-,-,"- ",,,-,-,0,0,B,,-,L,04,,W,,-,-,2021
9376232,2,2,N,F,85,A,-,E,-,-,O,-,3,-,-,"- ",,,N,-,0,1,B,,-,N,60,,A,,-,-,2021
9341907,1,4,Y,M,26,A,-,N,-,-,,-,3,-,-,"- ",,,N,-,0,1,B,,-,L,04,,W,,-,-,2021
9341907,2,1,N,M,60,A,-,N,M,G,Y,-,3,-,-,"- ",,,N,-,0,0,D,2019,-,A,01,,O,,-,-,2021
9380636,1,1,Y,M,34,H,H,S,M,G,Y,-,-,-,-,"- ",,,N,-,0,0,J,2012,-,A,01,,H,,-,-,2021
9380636,2,4,N,M,44,H,H,S,-,-,N,-,-,-,-,"- ",,,N,-,0,1,B,,-,L,04,,H,,-,-,2021
9380651,1,4,Y,M,67,A,-,E,-,-,N,-,3,-,-,"- ",,,N,-,0,1,E,,-,L,04,,W,,-,-,2021
9380651,2,1,N,M,62,A,-,E,M,G,Y,-,3,-,-,"- ",,,N,-,0,0,D,1993,-,A,01,,W,,-,-,2021
9380653,1,4,Y,M,29,C,-,S,-,-,N,-,3,-,-,"- ",,,N,-,0,1,J,,-,L,04,,O,,-,-,2021
9380653,2,1,N,M,42,C,-,S,M,-,Y,-,3,-,-,"- ",,,N,-,0,0,B,2017,FORD,A,01,,A,,-,-,2021
9343089,1,1,Y,M,40,A,-,E,M,G,Y,-,3,-,-,"- ",,,-,-,0,0,E,2004,FORD,A,07,,A,,-,-,2021
9343089,2,4,N,F,53,A,-,W,-,-,,-,3,-,-,"- ",,,-,-,0,1,B,,-,L,04,,W,,-,-,2021
9343123,1,1,Y,M,49,A,-,N,P,W,N,-,-,-,,47,12500,B,A,H,0,1,B,2014,-,C,02,,W,,-,-,2021
9343123,2,4,N,M,998,G,G,E,-,-,O,-,-,-,-,"- ",,,N,-,0,1,R,,-,L,04,,B,,-,-,2021
9391955,1,4,Y,M,47,A,-,S,-,-,,-,3,-,-,"- ",,,N,-,0,1,B,,-,L,04,,W,,-,-,2021
9391963,1,1,Y,X,998,G,G,N,-,-,,-,3,-,-,"- ",,,N,-,0,0,B,,-,A,01,,,,-,-,2021
9391963,2,4,N,M,59,A,-,W,-,-,,-,3,-,-,"- ",,,N,-,0,1,B,,-,L,04,,H,,-,-,2021
9391985,1,1,Y,M,50,A,-,E,M,-,Y,-,3,-,-,"- ",,,E,-,0,0,E,2002,-,A,01,,A,,-,-,2021
9391985,2,4,N,M,43,A,-,W,-,-,N,-,3,-,-,"- ",,,N,-,0,1,B,,-,L,04,,H,,-,-,2021
9343131,1,1,Y,M,998,A,-,S,L,D,Y,-,3,-,-,"- ",,,N,-,0,0,A,2017,-,-,,,W,,-,-,2021
9343131,2,4,N,F,25,A,-,S,-,-,O,-,3,-,-,"- ",,,N,-,0,1,O,,-,L,04,,A,,-,-,2021
9396418,1,4,Y,M,36,A,-,S,-,-,N,-,3,-,-,"- ",,,N,-,0,1,B,,-,L,04,,H,,-,-,2022
9396418,2,1,N,M,61,A,-,E,M,B,N,-,3,-,-,"- ",,,N,-,0,0,K,1988,JEEP,A,01,,W,,-,-,2022
9396419,1,4,Y,M,34,H,H,W,-,-,N,-,3,-,-,"- ",,,N,-,0,1,D,,-,L,04,,W,,-,-,2022
9396419,2,1,N,M,998,H,H,S,-,-,,-,3,-,-,"- ",,,N,-,0,0,B,2009,-,A,01,,O,,-,-,2022
9396438,1,4,Y,M,54,A,-,N,-,-,N,-,3,-,-,"- ",,,M,-,0,1,B,,-,L,04,,A,,-,-,2022
9396451,1,1,Y,M,998,G,G,S,B,-,,-,3,-,-,"- ",,,N,-,0,0,F,2007,-,A,01,,W,,-,-,2022
9396451,2,4,N,M,37,A,-,S,-,-,,-,3,-,-,"- ",,,N,-,0,1,B,,-,L,04,,H,,-,-,2022
9396463,1,4,Y,M,36,A,-,W,-,-,,-,3,-,-,"- ",,,N,-,0,1,J,,-,L,04,,B,,-,-,2022
9396463,2,1,N,M,65,A,-,W,M,G,Y,-,3,-,-,"- ",,,N,-,0,0,B,2019,-,-,,,A,,-,-,2022
9396465,1,4,Y,M,19,A,-,N,-,-,,-,3,-,-,"- ",,,N,-,0,1,M,,-,L,04,,W,,-,-,2022
9396474,1,1,Y,M,18,A,-,W,M,G,Y,-,3,-,-,"- ",,,N,-,0,0,B,2021,-,A,01,,W,,-,-,2022
9396474,2,4,N,M,51,A,-,N,-,-,,-,3,-,-,"- ",,,N,-,0,1,B,,-,L,04,,W,,-,-,2022
9400474,1,4,Y,F,998,G,G,W,-,-,N,-,-,-,-,"- ",,,N,-,0,0,D,,-,L,04,,W,,-,-,2022
9400474,2,4,N,F,53,A,-,W,-,-,,-,3,-,-,"- ",,,N,-,0,1,B,,-,L,04,,W,,-,-,2022
9403538,1,1,Y,F,19,G,G,E,M,G,Y,-,3,-,-,"- ",,,N,-,0,0,E,2009,-,A,01,,H,,-,-,2022
9403538,2,4,N,M,32,G,G,W,-,-,,-,3,-,-,"- ",,,N,-,0,1,B,,-,L,04,,H,,-,-,2022
9403626,1,1,Y,M,52,A,-,-,L,D,,-,3,-,-,"- ",,,N,-,0,0,O,2001,FORD,A,07,,W,,-,-,2022
9403626,2,4,N,M,21,A,-,E,-,-,,-,3,-,-,"- ",,,N,-,0,1,B,,-,L,04,,H,,-,-,2022
9343359,1,4,Y,M,998,G,G,S,-,-,,-,-,-,-,"- ",,,N,-,0,0,B,,-,L,04,,B,,-,-,2021
9343359,2,2,N,M,79,G,G,S,-,-,O,-,-,-,-,"- ",,,N,-,0,1,B,,-,N,60,,A,,-,-,2021
9405008,1,4,Y,M,30,H,H,W,-,-,N,-,3,-,-,"- ",,,N,-,0,1,J,,-,L,04,,W,,-,-,2022
9405008,2,1,N,-,998,G,G,E,-,-,,-,-,-,-,"- ",,,N,-,0,0,H,,FORD,A,01,,,,-,-,2022
9410023,1,1,Y,M,29,A,-,N,M,G,Y,-,3,-,-,"- ",,,N,-,0,0,E,2013,-,A,01,,W,,-,-,2022
9410023,2,4,N,M,49,A,-,W,-,-,,-,3,-,-,"- ",,,N,-,0,1,B,,-,L,04,,W,,-,-,2022
9410046,1,1,Y,M,23,A,-,S,M,G,N,-,3,-,-,"- ",,,N,-,0,0,E,2015,-,A,01,,H,,-,-,2022
9410046,2,4,N,M,65,A,-,N,-,-,,-,3,-,-,"- ",,,N,-,0,1,B,,-,L,04,,W,,-,-,2022
9410082,1,5,N,-,998,A,-,W,-,-,O,-,-,-,-,"- ",,,N,-,0,1,B,,-,M,94,,,,-,-,2022
9410082,2,4,N,M,22,A,-,N,-,-,,-,-,-,-,"- ",,,N,-,0,0,D,,-,L,04,,A,,-,-,2022
9410088,1,4,Y,F,998,G,G,E,-,-,,-,3,-,-,"- ",,,N,-,0,0,B,,-,L,04,,W,,-,-,2022
9410088,2,2,N,M,62,A,-,E,-,-,O,-,3,-,-,"- ",,,N,-,0,1,B,,-,N,60,,A,,-,-,2022
9410119,1,3,Y,-,998,H,H,S,-,-,O,-,3,-,-,"- ",,,N,-,0,0,O,2019,-,A,01,,,,-,-,2022
9410119,2,4,N,M,45,A,-,S,-,-,,-,3,-,-,"- ",,,N,-,0,1,B,,-,L,04,,H,,-,-,2022
9422554,1,1,N,M,998,G,G,N,-,B,Y,-,-,-,-,"- ",,,M,-,0,0,-,2017,-,A,01,,H,,-,-,2022
9422554,2,4,N,M,29,A,-,N,-,-,,-,-,-,-,"- ",,,-,-,0,1,-,,-,L,04,,W,,-,-,2022
9425262,1,1,Y,M,49,A,-,E,M,G,Y,-,3,-,-,"- ",,,N,-,0,0,D,2017,-,A,01,,O,,-,-,2022
9425262,2,4,N,M,66,A,-,E,-,-,,-,3,-,-,"- ",,,N,-,0,1,B,,-,L,04,,W,,-,-,2022
9431502,1,4,Y,M,34,A,-,-,-,-,,-,3,-,-,"- ",,,N,-,0,1,B,,-,L,04,,W,,-,-,2022
9431502,2,1,N,F,51,A,-,W,M,G,Y,-,3,-,-,"- ",,,N,-,0,0,E,2015,-,A,01,,B,,-,-,2022
9431511,1,4,Y,M,19,H,H,E,-,-,,-,-,-,-,"- ",,,G,M,0,1,J,,-,L,04,,W,,-,-,2022
9431572,1,1,Y,F,25,D,-,S,B,-,Y,-,3,-,-,"- ",,,N,-,0,0,B,2017,-,A,01,,B,,-,-,2022
9431572,2,4,N,M,11,A,-,E,-,-,,-,3,-,-,"- ",,,N,-,0,1,B,,-,L,04,,H,,-,-,2022
9431591,1,1,Y,M,54,A,-,W,M,G,Y,-,-,-,-,"- ",,,N,-,0,0,E,2011,FORD,A,01,,H,,-,-,2022
9431591,2,4,N,M,47,A,-,E,-,-,,-,-,-,-,"- ",,,N,-,0,1,B,,-,L,04,,W,,-,-,2022
9434252,1,5,Y,-,998,A,-,S,-,-,O,-,3,-,-,"- ",,,N,-,0,0,R,,-,-,,,,,-,-,2022
9434252,2,1,N,M,18,A,-,S,M,G,Y,-,3,-,-,"- ",,,N,-,0,0,A,2021,-,A,01,,W,,-,-,2022
9434252,3,4,N,M,30,A,-,S,-,-,,-,3,-,-,"- ",,,N,-,0,1,I,,-,L,04,,O,,-,-,2022
9434258,1,1,Y,M,27,A,-,W,M,B,Y,-,3,-,-,"- ",,,N,-,0,0,G,2006,FORD,A,01,,,,-,-,2022
9434258,2,4,N,M,37,A,-,S,-,-,,-,3,-,-,"- ",,,N,-,0,1,B,,-,L,04,,W,,-,-,2022
9434583,1,1,Y,M,998,D,-,-,-,-,N,-,-,-,-,"- ",,,N,-,0,0,D,2000,-,A,01,,B,,-,-,2022
9434583,2,4,N,M,35,A,-,-,-,-,,-,3,-,-,"- ",,,N,-,0,1,B,,-,L,04,,W,,-,-,2022
9435243,1,1,Y,M,46,A,-,N,M,C,Y,-,3,-,-,"- ",,,N,-,0,0,F,2009,-,A,01,,O,,-,-,2022
9435243,2,4,N,M,24,A,-,N,-,-,,-,3,-,-,"- ",,,N,-,0,1,B,,-,L,04,,W,,-,-,2022
9435251,1,5,Y,F,14,A,-,E,-,-,O,-,3,-,-,"- ",,,N,-,0,1,B,,-,-,,,H,,-,-,2022
9435251,2,4,N,M,45,A,-,N,-,-,,-,3,-,-,"- ",,,N,-,0,1,B,,-,L,04,,W,,-,-,2022
9437197,1,1,Y,F,998,G,G,W,M,B,,-,-,-,-,"- ",,,N,-,0,0,L,2015,-,-,,,A,,-,-,2022
9437197,2,4,N,F,37,A,-,W,-,-,,-,3,-,-,"- ",,,N,-,0,2,B,,-,L,04,,W,,-,-,2022
9437213,1,4,Y,M,63,C,-,S,-,-,,-,3,-,-,"- ",,,N,-,0,1,B,,-,L,04,,B,,-,-,2022
9437213,2,1,N,M,56,C,-,S,M,E,Y,-,3,-,-,"- ",,,N,-,0,0,P,2016,-,A,01,,A,,-,-,2022
9437221,1,4,Y,M,20,A,-,N,-,-,,-,3,-,-,"- ",,,N,-,0,1,B,,-,L,04,,H,,-,-,2022
9437221,2,1,N,F,21,A,-,N,L,G,Y,-,3,-,-,"- ",,,N,-,0,0,E,2022,-,A,01,,W,,-,-,2022
9437224,1,4,N,M,47,A,-,E,-,-,,-,3,-,-,"- ",,,N,-,0,1,B,,-,L,04,,O,,-,-,2022
9437226,1,4,Y,F,11,A,-,N,-,-,,-,3,-,-,"- ",,,N,-,0,1,B,,-,L,04,,O,,-,-,2022
9437226,2,1,N,M,63,A,-,-,M,G,,-,3,-,-,"- ",,,N,-,0,0,B,2014,-,A,01,,A,,-,-,2022
9437231,1,4,Y,M,63,A,-,S,-,-,,-,-,-,-,"- ",,,N,-,0,1,E,,-,L,04,,W,,-,-,2022
9437231,2,1,N,-,998,G,G,N,-,-,,-,3,-,-,"- ",,,N,-,0,0,B,,-,A,01,,,,-,-,2022
9437542,1,4,Y,M,25,A,-,S,-,-,,-,3,-,-,"- ",,,N,-,0,1,B,,-,L,04,,O,,-,-,2022
9437542,2,1,N,F,28,A,-,S,M,G,Y,-,3,-,-,"- ",,,N,-,0,0,B,2015,-,A,07,,B,,-,-,2022
9437545,1,4,N,M,49,A,-,S,-,-,,-,3,-,-,"- ",,,N,-,0,1,B,,-,L,04,,W,,-,-,2022
9437545,2,1,N,M,57,A,-,E,M,G,Y,-,3,-,-,"- ",,,N,-,0,0,B,2014,FORD,A,01,,W,,-,-,2022
9437561,1,4,Y,M,68,A,-,S,-,-,,-,-,-,-,"- ",,,N,-,0,1,J,,-,L,04,,W,,-,-,2022
9438256,1,2,N,M,32,A,-,W,-,-,O,-,3,-,-,"- ",,,N,-,0,1,B,,-,N,60,,A,,-,-,2022
9438256,2,4,N,M,58,A,-,E,-,-,,-,3,-,-,"- ",,,N,-,0,1,B,,-,L,04,,W,,-,-,2022
9438256,3,2,N,M,56,A,-,E,-,-,O,-,3,-,-,"- ",,,N,-,0,1,A,,-,N,60,,W,,-,-,2022
9441197,1,1,Y,M,53,A,-,S,M,G,Y,-,3,-,-,"- ",,,N,-,0,0,J,2015,-,A,07,,A,,-,-,2022
9441197,2,4,N,M,21,A,-,S,-,-,,-,3,-,-,"- ",,,N,-,0,1,B,,-,L,04,,H,,-,-,2022
9442090,1,1,Y,M,998,G,G,W,B,-,,-,-,-,-,"- ",,,N,-,0,0,F,,-,A,01,,B,,-,-,2022
9442090,2,4,N,M,43,H,H,E,-,-,,-,3,-,-,"- ",,,N,-,0,1,B,,-,L,04,,B,,-,-,2022
9446809,1,4,Y,M,25,A,-,S,-,-,,-,3,-,-,"- ",,,N,-,0,1,B,,-,L,04,,H,,-,-,2022
9446809,2,1,N,F,43,A,-,W,M,G,,-,3,-,-,"- ",,,N,-,0,0,H,2018,-,A,01,,H,,-,-,2022
9446818,1,1,Y,M,49,A,-,S,M,C,Y,-,3,-,-,"- ",,,N,-,0,1,E,2016,-,A,01,,W,,-,-,2022
9446818,2,4,N,M,27,A,-,S,-,-,,-,3,-,-,"- ",,,N,-,0,0,B,,-,L,04,,W,,-,-,2022
9446819,1,4,Y,F,38,A,-,E,-,-,N,-,-,-,-,"- ",,,-,-,0,1,B,,-,L,04,,H,,-,-,2022
9446819,2,1,N,M,64,A,-,W,P,W,,-,-,-,-,"- ",,,-,-,0,0,D,2007,-,M,50,,A,,-,-,2022
9343968,1,4,Y,M,33,H,H,E,-,-,N,-,-,-,-,"- ",,,N,-,0,1,L,,-,L,04,,H,,-,-,2021
9343968,2,1,N,M,29,H,H,E,M,G,Y,-,-,-,-,"- ",,,N,-,0,0,B,2012,-,-,,,W,,-,-,2021
9343974,1,1,N,M,65,A,-,E,M,G,Y,-,3,-,-,"- ",,,N,-,0,0,B,1998,-,A,01,,B,,-,-,2021
9343974,2,4,N,M,38,A,-,S,-,-,,-,3,-,-,"- ",,,N,-,0,1,B,,-,L,04,,O,,-,-,2021
9343978,1,1,Y,F,32,B,-,W,M,B,,-,-,-,,33,21802,A,A,-,0,0,E,2001,-,A,01,,W,,-,-,2021
9343978,2,4,N,M,54,-,-,E,-,-,,-,3,-,-,"- ",,,N,-,0,1,B,,-,L,04,,B,,-,-,2021
9343993,1,4,Y,M,21,G,G,E,-,-,O,-,-,-,-,"- ",,,N,-,0,1,B,,-,L,04,,B,,-,-,2021
9343993,2,1,N,M,998,G,G,-,-,-,,-,-,-,,19,20001,A,A,N,0,0,B,,-,A,01,,O,,-,-,2021
9343994,1,4,Y,M,23,H,H,W,-,-,O,-,3,-,-,"- ",,,K,-,0,1,B,,-,L,04,,A,,-,-,2021
9344189,1,4,Y,F,14,A,-,E,-,-,,-,3,-,,44,21200,A,A,N,0,1,B,,-,L,04,,W,,-,-,2021
9344189,2,1,N,F,36,A,-,S,M,C,Y,-,3,-,-,"- ",,,N,-,0,0,B,2001,-,A,01,,O,,-,-,2021
9345614,1,4,Y,M,31,A,-,S,-,-,N,-,-,-,-,"- ",,,-,-,0,1,B,,-,L,04,,H,,-,-,2021
9345614,2,1,N,M,30,D,-,E,-,-,Y,-,-,-,-,"- ",,,-,-,0,0,A,2013,-,A,01,,A,,-,-,2021
9345615,1,1,Y,M,57,A,-,N,M,G,Y,-,3,-,-,"- ",,,N,-,0,0,F,2021,-,A,01,,W,,-,-,2021
9345615,2,4,N,M,28,A,-,S,-,-,,-,3,-,-,"- ",,,N,-,0,1,D,,-,L,04,,W,,-,-,2021
9294579,1,4,Y,M,33,A,-,E,-,-,N,-,3,-,-,"- ",,,N,-,0,1,B,,-,L,04,,H,,-,-,2021
9297277,1,4,Y,M,73,C,-,N,-,-,,-,3,-,-,"- ",,,N,-,0,1,L,,-,L,04,,W,,-,-,2021
9297277,2,1,N,M,41,C,-,E,M,G,Y,-,3,-,-,"- ",,,N,-,0,0,B,2018,-,I,19,,H,,-,-,2021
9297639,1,1,Y,F,24,A,-,N,M,-,Y,-,3,-,-,"- ",,,N,-,0,0,E,2002,-,A,01,,H,,-,-,2021
9297639,2,4,N,F,15,A,-,S,-,-,N,-,3,-,-,"- ",,,N,-,0,1,B,,-,L,04,,W,,-,-,2021
9361160,1,1,Y,F,35,A,-,W,M,G,Y,-,3,-,-,"- ",,,N,-,0,0,D,2006,-,D,22,,W,,-,-,2021
9361160,2,4,N,F,33,A,-,S,-,-,,-,3,-,-,"- ",,,N,-,0,1,B,,-,L,04,,W,,-,-,2021
9362805,1,4,Y,M,77,A,-,E,-,-,N,-,3,-,-,"- ",,,N,-,0,1,B,,-,L,04,,B,,-,-,2021
9362805,2,1,N,M,39,A,-,E,M,G,Y,-,3,-,-,"- ",,,N,-,0,0,A,2017,-,A,01,,B,,-,-,2021
9365807,1,4,Y,M,82,A,-,S,-,-,,-,3,-,-,"- ",,,N,-,0,1,B,,-,L,04,,A,,-,-,2021
9365807,2,1,N,M,45,A,-,W,M,C,Y,-,3,-,-,"- ",,,N,-,0,0,B,2019,-,I,19,,A,,-,-,2021
9372377,1,1,Y,M,35,D,-,S,M,B,,-,-,-,,38,22500,H,A,-,0,0,A,2021,-,A,01,,A,,-,-,2021
9372377,2,4,N,M,60,D,-,S,-,-,,-,-,-,-,"- ",,,N,-,0,1,B,,-,L,04,,H,,-,-,2021
9378719,1,4,Y,M,55,G,G,N,-,-,,-,-,-,-,"- ",,,M,-,0,1,L,,-,L,04,,W,,-,-,2021
9378719,2,1,N,M,30,A,-,E,M,G,,-,3,-,-,"- ",,,-,-,0,0,B,1999,-,A,01,,B,,-,-,2021
9380667,1,4,Y,M,37,A,-,E,-,-,,-,-,-,-,"- ",,,A,-,0,1,B,,-,L,04,,W,,-,-,2021
9380667,2,1,N,M,26,A,-,W,M,G,Y,-,3,-,-,"- ",,,-,-,0,0,K,2018,-,A,01,,A,,-,-,2021
9382398,1,1,Y,F,28,A,-,S,M,G,Y,-,3,-,-,"- ",,,N,-,0,0,M,2016,-,A,01,,W,,-,-,2021
9382398,2,4,N,M,59,A,-,S,-,-,,-,3,-,-,"- ",,,N,-,0,1,B,,-,L,04,,W,,-,-,2021
9393262,1,4,N,M,39,A,-,E,-,-,,-,3,-,-,"- ",,,N,-,0,1,B,,-,L,04,,W,,-,-,2021
9403954,1,1,Y,X,998,G,G,W,B,-,,-,3,-,,19,20001,A,A,-,0,0,B,2012,-,A,01,,,,-,-,2022
9403954,2,4,N,M,66,A,-,N,-,-,,-,3,-,-,"- ",,,-,-,0,1,E,,-,L,04,,W,,-,-,2022
9347229,1,1,Y,M,42,A,-,W,M,C,Y,-,3,-,-,"- ",,,N,-,0,0,E,2001,-,A,01,,A,,-,-,2021
9347229,2,4,N,M,18,A,-,N,-,-,,-,3,-,-,"- ",,,N,-,0,1,E,,-,L,04,,B,,-,-,2021
9349583,1,4,N,M,41,C,-,W,-,-,,-,3,-,-,"- ",,,N,-,0,1,B,,-,L,04,,W,,-,-,2021
9349606,1,4,Y,M,30,A,-,E,-,-,,-,3,-,,39,21201,D,A,-,0,1,B,,-,L,04,,W,,-,-,2021
9349606,2,1,N,F,60,A,-,S,M,G,,-,3,-,-,"- ",,,H,-,0,0,E,2008,-,A,01,,A,,-,-,2021
9350320,1,4,N,M,26,G,G,E,-,-,N,-,3,-,-,"- ",,,N,-,0,1,B,,-,L,04,,B,,-,-,2021
9446858,1,1,Y,M,83,C,-,W,M,G,Y,-,3,-,-,"- ",,,N,-,0,0,B,2007,-,A,01,,A,,-,-,2022
9446858,2,4,N,M,27,C,-,W,-,-,,-,3,-,-,"- ",,,N,-,0,1,B,,-,L,04,,W,,-,-,2022
9446864,1,1,N,F,48,A,-,E,M,G,Y,-,3,-,-,"- ",,,N,-,0,0,H,2007,FORD,A,01,,W,,-,-,2022
9446864,2,4,N,M,38,A,-,E,-,-,,-,3,-,-,"- ",,,N,-,0,1,G,,-,L,04,,A,,-,-,2022
9446900,1,1,Y,F,27,H,H,E,M,G,Y,-,3,-,-,"- ",,,N,-,0,0,D,2020,-,A,01,,W,,-,-,2022
9446900,2,4,N,M,28,H,H,N,-,-,,-,3,-,-,"- ",,,N,-,0,1,B,,-,L,04,,B,,-,-,2022
9450821,1,4,Y,M,61,A,-,N,-,-,N,-,3,-,-,"- ",,,-,-,0,1,E,,-,L,04,,W,,-,-,2022
9450821,2,1,N,F,62,A,-,N,M,C,Y,-,3,-,-,"- ",,,-,-,0,0,B,2020,HYUNDAI,A,01,,A,,-,-,2022
9453171,1,4,Y,F,59,A,-,N,-,-,,-,3,-,-,"- ",,,N,-,0,1,B,,-,L,04,,A,,-,-,2022
9453171,2,1,N,M,48,A,-,W,M,G,Y,-,3,-,-,"- ",,,N,-,0,0,R,2008,FORD,D,22,,A,,-,-,2022
9453825,1,4,Y,M,67,A,-,E,-,-,,-,3,-,-,"- ",,,N,-,0,1,B,,-,L,04,,W,,-,-,2022
9453825,2,1,N,M,52,A,-,S,M,G,Y,-,3,-,-,"- ",,,N,-,0,0,B,2009,-,D,22,,H,,-,-,2022
9453909,1,4,Y,M,31,D,-,E,-,-,,-,3,-,-,"- ",,,-,-,0,1,B,,-,L,04,,B,,-,-,2022
9453914,1,4,Y,M,22,A,-,N,-,-,,-,3,-,-,"- ",,,-,-,0,0,G,,-,L,04,,A,,-,-,2022
9453914,2,1,N,F,39,A,-,W,P,-,,-,3,-,-,"- ",,,-,-,0,1,B,,-,-,,,W,,-,-,2022
9453927,1,1,Y,M,24,A,-,N,M,G,Y,-,3,-,-,"- ",,,N,-,0,0,E,2012,-,A,01,,O,,-,-,2022
9453927,2,4,N,F,39,A,-,W,-,-,,-,3,-,-,"- ",,,N,-,0,1,B,,-,L,04,,H,,-,-,2022
9453928,1,1,Y,-,998,G,G,E,-,-,,-,-,-,,19,20001,,A,F,0,0,E,,JEEP,-,,,,-,-,-,2022
9453928,2,4,N,M,23,A,-,N,-,-,,-,-,-,-,"- ",,,N,-,0,1,B,,-,L,04,,W,,-,-,2022
9453947,1,1,Y,F,58,A,-,E,M,G,Y,-,3,-,-,"- ",,,N,-,0,0,K,2015,MINI,A,01,,W,,-,-,2022
9453947,2,4,N,F,30,A,-,E,-,-,,-,3,-,-,"- ",,,N,-,0,1,B,,-,L,04,,W,,-,-,2022
9453980,1,1,Y,M,25,H,H,W,M,B,Y,-,3,-,-,"- ",,,N,-,0,0,K,2008,-,A,01,,O,,-,-,2022
9453980,2,4,N,-,33,H,H,W,-,-,,-,3,-,-,"- ",,,N,-,0,1,B,,-,L,04,,W,,-,-,2022
9453991,1,4,N,M,33,A,-,N,-,-,N,-,3,-,-,"- ",,,N,-,0,2,B,,-,L,04,,O,,-,-,2022
9453991,2,3,N,-,998,H,H,N,-,-,O,-,-,-,-,"- ",,,-,-,0,0,O,2014,-,A,01,,,,-,-,2022
9453993,1,1,Y,M,45,-,-,N,M,G,Y,-,3,-,-,"- ",,,N,-,0,0,E,2016,-,A,07,,W,,-,-,2022
9453993,2,4,N,M,54,-,-,W,-,-,,-,3,-,-,"- ",,,N,-,0,1,B,,-,L,04,,A,,-,-,2022
9454023,1,4,Y,F,32,A,-,E,-,-,,-,3,-,-,"- ",,,N,-,0,1,H,,-,L,04,,B,,-,-,2022
9454163,1,1,Y,M,23,A,-,W,P,W,Y,-,3,-,-,"- ",,,N,-,0,0,E,2020,-,C,03,,H,,-,-,2022
9454163,2,4,N,M,18,A,-,E,-,-,,-,3,-,-,"- ",,,N,-,0,1,B,,-,L,04,,A,,-,-,2022
9459051,1,1,Y,M,998,G,G,E,B,-,,-,3,-,-,"- ",,,M,-,0,0,B,,-,A,01,,,,-,-,2022
9459051,2,4,N,M,47,A,-,E,-,-,,-,3,-,-,"- ",,,N,-,0,1,B,,-,L,04,,W,,-,-,2022
9468655,1,1,Y,M,41,G,G,W,M,C,Y,-,3,-,-,"- ",,,-,-,0,0,O,2008,-,A,01,,O,,-,-,2023
9468655,2,4,N,M,45,G,G,W,-,-,,-,3,-,-,"- ",,,-,-,0,1,B,,-,L,04,,H,,-,-,2023
9468660,1,4,Y,M,14,A,-,E,-,-,N,-,3,-,-,"- ",,,N,-,0,1,L,,-,L,04,,B,,-,-,2023
9468660,2,1,N,M,24,A,-,S,M,G,Y,-,3,-,-,"- ",,,N,-,0,0,E,2000,-,A,01,,W,,-,-,2023
9468683,1,1,Y,M,55,A,-,E,M,G,Y,-,3,-,-,"- ",,,N,-,0,0,D,2005,FORD,D,22,,O,,-,-,2023
9468683,2,4,N,M,32,A,-,-,-,-,,-,3,-,-,"- ",,,N,-,0,1,B,,-,L,04,,A,,-,-,2023
9468706,1,1,Y,M,66,A,-,S,M,G,Y,-,3,-,-,"- ",,,N,-,0,0,B,2009,-,A,01,,A,,-,-,2023
9468706,2,4,N,M,31,A,-,S,-,-,,-,3,-,-,"- ",,,N,-,0,1,B,,-,L,04,,H,,-,-,2023
9468711,1,4,Y,M,14,-,-,E,-,-,N,-,3,-,-,"- ",,,J,-,0,1,B,,-,L,04,,H,,-,-,2023
9468783,1,1,Y,F,27,G,G,E,P,-,,-,3,-,,00,21221,,A,N,0,1,Q,,-,M,94,,B,,-,-,2023
9468783,2,4,N,M,29,G,G,W,-,-,,-,3,-,-,"- ",,,N,-,0,1,B,,-,L,04,,H,,-,-,2023
9468800,1,1,Y,F,52,A,-,S,M,G,Y,-,3,-,-,"- ",,,N,-,0,0,D,2022,-,A,01,,O,,-,-,2023
9468800,2,4,N,F,25,A,-,S,-,-,,-,3,-,-,"- ",,,N,-,0,1,B,,-,L,04,,W,,-,-,2023
9468801,1,1,N,M,22,A,-,W,-,-,Y,-,-,-,-,"- ",,,N,-,0,0,B,2023,-,A,01,,W,,-,-,2023
9468801,2,4,N,M,19,G,G,W,-,-,,-,-,-,-,"- ",,,N,-,0,1,B,,-,L,04,,B,,-,-,2023
9468812,1,3,Y,-,998,A,-,-,-,-,O,-,3,-,-,"- ",,,N,-,0,0,O,2024,-,A,01,,,,-,-,2023
9468812,2,4,N,M,35,A,-,S,-,-,,-,3,-,-,"- ",,,N,-,0,1,B,,-,L,04,,W,,-,-,2023
9468831,1,5,Y,-,998,G,G,S,-,-,O,-,-,-,-,"- ",,,-,-,0,0,B,,-,C,03,,,,-,-,2023
9468831,2,4,N,M,52,A,-,N,-,-,,-,3,-,-,"- ",,,-,-,0,1,B,,-,L,04,,W,,-,-,2023
9469448,1,4,Y,M,30,A,-,S,-,-,N,-,3,-,-,"- ",,,N,-,0,1,B,,-,L,04,,O,,-,-,2023
9469448,2,1,N,M,36,A,-,E,M,G,Y,-,3,-,-,"- ",,,N,-,0,0,B,2017,-,A,01,,H,,-,-,2023
9469458,1,4,Y,M,55,C,-,E,-,-,N,-,3,-,-,"- ",,,N,-,0,1,E,,-,L,04,,W,,-,-,2023
9469458,2,1,N,F,24,C,-,N,M,C,Y,-,3,-,-,"- ",,,N,-,0,0,B,2017,-,A,08,,H,,-,-,2023
9469530,1,1,Y,M,53,A,-,W,M,G,Y,-,3,-,-,"- ",,,N,-,0,0,E,2023,-,A,01,,O,,-,-,2023
9469530,2,4,N,F,24,A,-,E,-,-,,-,3,-,-,"- ",,,N,-,0,1,B,,-,L,04,,A,,-,-,2023
9472117,1,1,Y,-,998,G,G,-,-,-,,-,-,-,,19,20001,,A,N,0,0,B,2012,-,A,01,,,,-,-,2022
9472117,2,4,N,F,29,A,-,W,-,-,,-,-,-,-,"- ",,,N,-,0,1,A,,-,L,04,,A,,-,-,2022
9472269,1,1,Y,M,28,A,-,E,M,G,Y,-,-,-,-,"- ",,,-,-,0,0,J,2019,-,-,,,A,,-,-,2022
9472269,2,4,N,M,49,A,-,E,-,-,,-,-,-,-,"- ",,,-,-,0,1,B,,-,L,04,,,,-,-,2022
9478917,1,5,Y,-,998,G,G,W,-,-,O,-,3,-,-,"- ",,,N,-,0,0,R,,-,-,,,,,-,-,2022
9478917,2,4,N,M,43,A,-,N,-,-,,-,3,-,-,"- ",,,N,-,0,1,B,,-,L,04,,H,,-,-,2022
9478917,3,1,N,F,25,A,-,N,M,A,Y,-,-,-,-,"- ",,,N,-,0,0,A,2017,-,A,01,,W,,-,-,2022
9481463,1,4,Y,M,65,A,-,W,-,-,,-,3,-,-,"- ",,,N,-,0,1,B,,-,L,04,,A,,-,-,2022
9481463,2,1,N,F,55,A,-,S,M,G,Y,-,3,-,,24,22450,A,A,N,0,0,B,2022,-,A,01,,W,,-,-,2022
9481500,1,1,Y,-,998,G,G,N,B,-,,-,-,-,-,"- ",,,M,-,0,0,E,,-,-,,,,,-,-,2022
9481500,2,4,N,M,50,A,-,N,-,-,,-,3,-,-,"- ",,,-,-,0,1,B,,-,L,04,,W,,-,-,2022
9481507,1,4,N,F,23,C,-,E,-,-,N,-,-,-,-,"- ",,,N,-,0,1,I,,-,L,04,,B,,-,-,2022
9481517,1,1,Y,-,998,G,G,N,-,-,,-,-,-,-,"- ",,,N,-,0,0,L,2019,-,-,,,,,-,-,2022
9481517,2,4,N,F,27,A,-,E,-,-,,-,-,-,-,"- ",,,N,-,0,1,B,,-,L,04,,W,,-,-,2022
9483549,1,1,Y,F,998,G,G,-,-,-,N,-,-,-,-,"- ",,,N,-,0,0,E,2000,-,A,01,,B,,-,-,2022
9483549,2,4,N,F,52,A,-,-,-,-,,-,3,-,-,"- ",,,N,-,0,1,B,,-,L,04,,W,,-,-,2022
9483557,1,4,Y,M,34,A,-,W,-,-,,-,3,-,-,"- ",,,N,-,0,1,B,,-,L,04,,A,,-,-,2022
9483600,1,3,Y,-,998,A,-,N,-,-,O,-,3,-,-,"- ",,,N,-,0,0,A,2006,-,A,01,,,,-,-,2022
9483600,2,4,N,M,55,A,-,N,-,-,,-,3,-,-,"- ",,,N,-,0,1,B,,-,L,04,,W,,-,-,2022
9502436,1,4,Y,M,17,A,-,E,-,-,N,-,3,-,,33,21800,C,A,-,0,1,B,,-,L,04,,W,,-,-,2022
9502436,2,1,N,M,52,A,-,N,M,G,Y,-,3,-,-,"- ",,,-,-,0,0,B,2018,-,D,22,,W,,-,-,2022
9502463,1,1,Y,M,54,A,-,W,M,G,Y,-,3,-,-,"- ",,,-,-,0,0,J,2011,FORD,D,22,,H,,-,-,2022
9502463,2,4,N,M,48,A,-,W,-,-,,-,3,-,,39,21201,D,A,-,0,1,B,,-,L,04,,A,,-,-,2022
9502480,1,1,Y,-,998,G,G,S,-,-,,-,3,-,-,"- ",,,N,-,0,0,D,,-,D,22,,,,-,-,2022
9502480,2,4,N,F,52,A,-,S,-,-,,-,3,-,-,"- ",,,N,-,0,1,B,,-,L,04,,W,,-,-,2022
9503051,1,1,Y,M,42,A,-,S,M,G,,-,3,-,-,"- ",,,H,-,0,0,E,2020,FORD,A,01,,W,,-,-,2022
9503051,2,4,N,M,36,A,-,W,-,-,,-,3,-,-,"- ",,,N,-,0,1,B,,-,L,04,,W,,-,-,2022
9503059,1,1,N,M,53,G,G,E,B,-,,-,3,-,,31,22107,,A,M,0,0,D,,-,A,01,,B,,-,-,2022
9503059,2,4,N,M,55,A,-,N,-,-,,-,3,-,,27,21650,1,A,N,0,1,B,,-,L,04,,B,,-,-,2022
9503061,1,4,Y,M,31,C,-,N,-,-,,-,1,-,-,"- ",,,N,-,0,1,B,,-,L,04,,O,,-,-,2022
9503061,2,1,N,F,41,C,-,W,M,G,Y,-,1,-,-,"- ",,,N,-,0,0,B,2020,-,A,01,,A,,-,-,2022
9503072,1,5,Y,-,998,-,-,N,-,-,O,-,-,-,-,"- ",,,N,-,0,0,R,2012,-,A,01,,,,-,-,2022
9503072,2,4,N,M,49,A,-,N,-,-,,-,3,-,-,"- ",,,N,-,0,1,I,,-,L,04,,H,,-,-,2022
9503095,1,4,Y,M,40,-,-,N,-,-,,-,3,-,-,"- ",,,N,-,0,1,E,,-,L,04,,W,,-,-,2022
9503095,2,1,N,M,48,-,-,W,M,G,Y,-,3,-,-,"- ",,,N,-,0,0,B,2012,-,A,01,,B,,-,-,2022
9503106,1,4,Y,F,46,A,-,E,-,-,,-,3,-,-,"- ",,,N,-,0,1,B,,-,L,04,,W,,-,-,2022
9503117,1,1,Y,M,23,A,-,W,M,G,Y,-,3,-,-,"- ",,,-,-,0,0,E,2011,-,A,01,,H,,-,-,2022
9503117,2,4,N,F,39,A,-,E,-,-,,-,3,-,,39,21201,D,A,-,0,1,B,,-,L,04,,W,,-,-,2022
9503141,1,4,Y,M,26,G,G,E,-,-,N,-,3,-,-,"- ",,,N,-,0,1,B,,-,L,04,,H,,-,-,2022
9503141,2,1,N,F,19,A,-,N,M,G,Y,-,3,-,-,"- ",,,N,-,0,0,B,1999,-,A,01,,B,,-,-,2022
9503187,1,4,Y,M,998,-,-,S,-,-,,-,-,-,-,"- ",,,-,-,0,0,B,,-,L,04,,H,,-,-,2022
9503187,2,5,N,-,998,A,-,W,-,-,O,-,3,-,-,"- ",,,N,-,0,1,B,,-,C,03,,,,-,-,2022
9503197,1,4,Y,M,55,A,-,N,-,-,,-,3,-,-,"- ",,,N,-,0,1,D,,-,L,04,,W,,-,-,2022
9503252,1,1,Y,M,44,A,-,S,M,-,Y,-,3,-,-,"- ",,,N,-,0,0,B,2003,-,A,01,,B,,-,-,2022
9503252,2,4,N,F,16,A,-,W,-,-,,-,3,-,-,"- ",,,N,-,0,1,B,,-,L,04,,W,,-,-,2022
9503260,1,5,N,-,998,A,-,W,-,-,O,-,-,-,-,"- ",,,F,-,0,1,B,,-,M,94,,,-,-,-,2022
9503260,2,4,N,M,27,A,-,E,-,-,,-,-,-,-,"- ",,,F,-,0,1,B,,-,L,04,,W,-,-,-,2022
9503318,1,1,Y,F,998,G,G,S,-,-,N,-,-,-,-,"- ",,,N,-,0,0,E,2004,-,A,01,,O,,-,-,2022
9503318,2,4,N,M,29,A,-,E,-,-,,-,3,-,-,"- ",,,N,-,0,1,B,,-,L,04,,O,,-,-,2022
9505231,1,4,Y,M,33,A,-,S,-,-,,-,3,-,,44,21200,A,A,-,0,1,B,,-,L,04,,W,,-,-,2022
9505231,2,1,N,M,38,A,-,W,M,G,Y,-,3,-,-,"- ",,,-,-,0,0,B,2017,-,A,01,,B,,-,-,2022
9505647,1,1,Y,M,59,A,-,N,M,G,Y,-,3,-,-,"- ",,,N,-,0,0,B,2018,FORD,D,22,,H,,-,-,2022
9505647,2,4,N,M,28,A,-,E,-,-,O,-,3,-,-,"- ",,,N,-,0,1,B,,-,L,04,,W,,-,-,2022
9505785,1,4,N,M,28,A,-,E,-,-,,-,3,-,-,"- ",,,F,N,0,1,B,,-,L,04,,W,-,-,-,2022
9505789,1,4,Y,M,33,A,-,E,-,-,,-,-,-,-,"- ",,,L,-,0,1,E,,-,L,04,,H,,-,-,2022
9505789,2,1,N,M,29,A,-,S,P,W,Y,-,-,-,-,"- ",,,L,-,0,0,B,1992,-,C,02,,W,,-,-,2022
9505790,1,1,Y,M,29,A,-,S,M,G,Y,-,3,-,-,"- ",,,N,-,0,0,E,2015,-,A,01,,H,,-,-,2022
9505790,2,4,N,M,31,A,-,N,-,-,,-,3,-,-,"- ",,,N,-,0,1,B,,-,L,04,,B,,-,-,2022
9505806,1,1,Y,-,998,G,G,-,-,-,,-,3,-,,19,20001,A,A,-,0,0,B,,-,-,,,,,-,-,2022
9505806,2,4,N,M,47,A,-,W,-,-,,-,3,-,,27,21650,1,A,-,0,1,R,,-,L,04,,W,,-,-,2022
9505809,1,1,Y,M,71,A,-,W,M,G,N,-,-,-,-,"- ",,,N,-,0,0,E,2003,-,A,01,,A,,-,-,2022
9505809,2,4,N,F,37,A,-,E,-,-,,-,-,-,-,"- ",,,N,-,0,1,B,,-,L,04,,A,,-,-,2022
9505812,1,1,Y,M,998,G,G,N,B,-,,-,-,-,-,"- ",,,N,-,0,0,D,2017,-,A,01,,B,,-,-,2022
9505812,2,4,N,M,23,A,-,N,-,-,,-,3,-,-,"- ",,,N,-,0,1,B,,-,L,04,,A,,-,-,2022
9505815,1,1,Y,M,42,A,-,W,M,G,Y,-,3,-,-,"- ",,,N,-,0,0,D,2012,FIAT,-,,,O,,-,-,2022
9505815,2,4,N,M,35,A,-,S,-,-,,-,3,-,-,"- ",,,N,-,0,1,B,,-,L,04,,W,,-,-,2022
9505828,1,1,Y,M,30,A,-,S,M,C,,-,3,-,,19,20001,A,A,J,0,0,B,2017,-,A,01,,H,,-,-,2022
9505828,2,4,N,M,42,C,-,E,-,-,,-,3,-,-,"- ",,,N,-,0,1,B,,-,L,04,,A,,-,-,2022
9505837,1,1,Y,M,18,A,-,E,M,G,Y,-,3,-,-,"- ",,,N,-,0,0,E,2002,-,A,01,,H,,-,-,2022
9505837,2,4,N,F,33,A,-,N,-,-,,-,3,-,-,"- ",,,N,-,0,1,B,,-,L,04,,H,,-,-,2022
9505838,1,1,Y,X,998,G,G,E,-,-,,-,-,-,-,"- ",,,-,-,0,0,B,,-,A,01,,,,-,-,2022
9505838,2,4,N,M,46,A,-,S,-,-,,-,3,-,-,"- ",,,-,-,0,1,B,,-,L,04,,W,,-,-,2022
9505929,1,4,Y,F,32,A,-,S,-,-,,-,3,-,-,"- ",,,-,-,0,1,B,,-,L,04,,B,,-,-,2022
9505929,2,1,N,M,47,A,-,E,M,G,Y,-,3,-,-,"- ",,,-,-,0,0,Q,2019,-,-,,,A,,-,-,2022
9505940,1,4,Y,M,42,A,-,S,-,-,,-,3,-,-,"- ",,,A,N,0,1,B,,-,L,04,,B,,-,-,2022
9505940,2,1,N,M,38,A,-,W,M,C,Y,-,3,-,-,"- ",,,N,-,0,0,A,2022,-,A,01,,W,,-,-,2022
9505962,1,4,Y,M,59,H,H,E,-,-,,-,3,-,-,"- ",,,-,-,0,1,B,,-,L,04,,O,,-,-,2022
9505962,2,1,N,F,998,H,H,S,M,B,,-,-,-,-,"- ",,,H,M,0,0,D,2013,-,A,01,,A,,-,-,2022
9505966,1,4,Y,M,50,A,-,E,-,-,,-,3,-,,25,22350,,A,-,0,1,E,,-,L,04,,W,,-,-,2022
9505966,2,1,N,M,53,A,-,W,M,G,Y,-,3,-,-,"- ",,,-,-,0,0,A,2017,FORD,A,01,,A,,-,-,2022
9506051,1,1,Y,M,26,A,-,W,M,G,Y,-,3,-,-,"- ",,,E,-,0,0,E,2011,-,A,01,,B,,-,-,2022
9506051,2,4,N,M,31,A,-,E,-,-,N,-,3,-,-,"- ",,,N,-,0,1,B,,-,L,04,,O,,-,-,2022
9506058,1,4,Y,M,33,H,H,W,-,-,O,-,3,-,-,"- ",,,N,-,0,1,I,,-,L,04,,W,,-,-,2022
9506058,2,1,N,M,48,H,H,S,M,-,Y,-,3,-,-,"- ",,,N,-,0,0,E,2020,-,A,01,,B,,-,-,2022
9506063,1,4,Y,M,36,A,-,W,-,-,N,-,3,-,,44,21200,A,A,-,0,1,B,,-,L,04,,H,,-,-,2022
9506063,2,1,N,F,40,A,-,W,M,G,Y,-,3,-,-,"- ",,,N,-,0,0,H,2021,-,A,01,,A,,-,-,2022
9506068,1,4,Y,M,21,A,-,E,-,-,N,-,3,-,-,"- ",,,N,-,0,1,I,,-,L,04,,W,,-,-,2022
9506068,2,1,N,F,54,A,-,E,M,G,Y,-,3,-,-,"- ",,,N,-,0,0,E,2016,-,A,01,,A,,-,-,2022
9506229,1,1,Y,M,27,A,-,W,M,G,N,-,3,-,-,"- ",,,N,-,0,0,E,2016,-,A,01,,A,,-,-,2022
9506229,2,4,N,F,65,A,-,E,-,-,O,-,3,-,-,"- ",,,N,-,0,1,B,,-,L,04,,H,,-,-,2022
9506345,1,4,Y,M,998,G,G,N,-,-,N,-,3,-,,19,20001,A,A,N,0,0,B,,-,L,04,,W,,-,-,2022
9506345,2,2,N,F,62,C,-,N,-,-,O,-,3,-,-,"- ",,,N,-,0,1,C,,-,N,60,,W,,-,-,2022
9506392,1,1,Y,X,998,G,G,W,-,-,,-,-,-,-,"- ",,,N,-,0,0,B,,-,-,99,,,,-,-,2022
9506392,2,4,N,F,45,A,-,N,-,-,,-,3,-,-,"- ",,,N,-,0,1,B,,-,L,04,,H,,-,-,2022
9506394,1,1,Y,M,19,A,-,S,M,G,Y,-,-,-,-,"- ",,,-,-,0,0,D,2007,-,A,01,,O,,-,-,2022
9506394,2,4,N,M,40,A,-,S,-,-,,-,-,-,-,"- ",,,-,-,0,1,D,,-,L,04,,A,,-,-,2022
9506418,1,2,Y,M,41,G,G,E,-,-,O,-,-,-,-,"- ",,,-,-,0,0,R,,-,N,60,,W,,-,-,2022
9506418,2,4,N,M,28,G,G,S,-,-,,-,-,-,-,"- ",,,-,-,0,1,B,,-,L,04,,W,,-,-,2022
9506418,3,1,N,F,27,G,G,S,M,G,Y,-,-,-,-,"- ",,,-,-,0,0,A,2008,-,A,01,,H,,-,-,2022
9506489,1,1,Y,M,998,-,-,E,-,-,,-,-,-,-,"- ",,,-,-,0,0,-,,-,-,,,W,,-,-,2022
9506489,2,4,N,M,45,-,-,W,-,-,,-,3,-,-,"- ",,,-,-,0,1,-,,-,L,04,,W,,-,-,2022
9506514,1,1,Y,M,52,A,-,S,M,G,Y,-,3,-,-,"- ",,,N,-,0,0,E,2022,-,A,01,,W,,-,-,2022
9506514,2,4,N,M,40,A,-,W,-,-,,-,3,-,-,"- ",,,N,-,0,1,B,,-,L,04,,H,,-,-,2022
9506521,1,1,Y,M,24,A,-,W,M,G,Y,-,3,-,-,"- ",,,E,-,0,0,F,2008,-,A,01,,H,,-,-,2022
9506521,2,4,N,M,40,A,-,E,-,-,,-,3,-,-,"- ",,,N,-,0,1,B,,-,L,04,,W,,-,-,2022
9506609,1,4,Y,M,56,A,-,N,-,-,N,-,3,-,-,"- ",,,N,-,0,1,E,,-,L,04,,W,,-,-,2022
9506609,2,3,N,-,998,-,-,N,-,-,O,-,-,-,-,"- ",,,N,-,0,0,O,2000,-,-,,,,,-,-,2022
9506616,1,1,N,F,78,A,-,S,M,G,Y,-,3,-,-,"- ",,,-,-,0,0,B,2021,-,A,01,,A,,-,-,2022
9506616,2,4,N,M,64,A,-,S,-,-,,-,3,-,-,"- ",,,-,-,0,1,B,,-,L,04,,A,,-,-,2022
9506630,1,4,Y,F,54,A,-,E,-,-,N,-,3,-,,44,21200,A,A,N,0,1,B,,-,L,04,,A,,-,-,2022
9506634,1,4,N,F,34,C,-,S,-,-,N,-,3,-,-,"- ",,,-,-,0,1,B,,-,L,04,,W,,-,-,2022
9506634,2,1,N,M,47,C,-,S,M,C,Y,-,3,-,-,"- ",,,F,-,0,0,E,2020,-,A,01,,O,-,-,-,2022
9506636,1,1,Y,M,20,H,H,N,P,A,,-,3,-,,23,21453,A,A,-,0,1,B,,-,C,03,,O,,-,-,2022
9506636,2,4,N,M,998,H,H,S,-,-,,-,3,-,-,"- ",,,N,-,0,0,B,,-,L,04,,H,,-,-,2022
9509942,1,4,Y,M,58,A,-,W,-,-,,-,3,-,-,"- ",,,N,-,0,1,B,,-,L,04,,H,,-,-,2022
9509942,2,1,N,M,42,A,-,N,M,G,Y,-,3,-,-,"- ",,,N,-,0,0,D,2004,-,A,01,,A,,-,-,2022
9509950,1,1,Y,-,998,G,G,W,-,-,,-,3,-,-,"- ",,,N,-,0,0,L,,-,A,01,,,,-,-,2022
9509950,2,4,N,M,56,A,-,N,-,-,,-,3,-,-,"- ",,,N,-,0,1,B,,-,L,04,,W,,-,-,2022
9509967,1,1,Y,F,43,A,-,N,M,G,Y,-,3,-,-,"- ",,,N,-,0,0,D,2020,-,A,01,,A,,-,-,2022
9509967,2,4,N,M,38,A,-,E,-,-,,-,3,-,-,"- ",,,N,-,0,1,B,,-,L,04,,O,,-,-,2022
9510077,1,1,Y,M,71,A,-,W,M,G,Y,-,3,-,-,"- ",,,N,-,0,0,E,2016,FORD,A,01,,W,,-,-,2022
9510077,2,4,N,M,0,A,-,E,-,-,,-,3,-,-,"- ",,,N,-,0,1,B,,-,L,04,,W,,-,-,2022
9510133,1,1,Y,M,24,A,-,S,M,G,Y,-,3,-,-,"- ",,,N,-,0,0,D,2023,-,A,01,,H,,-,-,2022
9510133,2,4,N,M,38,A,-,S,-,-,,-,3,-,-,"- ",,,N,-,0,1,B,,-,L,04,,H,,-,-,2022
9516462,1,1,Y,M,50,A,-,E,M,G,Y,-,3,-,-,"- ",,,N,-,0,0,D,2018,-,A,01,,O,,-,-,2022
9516462,2,4,N,M,40,A,-,N,-,-,,-,3,-,-,"- ",,,N,-,0,1,B,,-,L,04,,A,,-,-,2022
9520422,1,4,N,M,71,G,G,-,-,-,O,-,-,-,-,"- ",,,-,-,1,0,B,,-,L,04,,W,,-,-,2022
9522323,1,4,Y,M,59,A,-,W,-,-,,-,3,-,-,"- ",,,N,-,0,1,B,,-,L,04,,W,,-,-,2022
9522323,2,1,N,F,28,A,-,S,M,E,Y,-,3,-,-,"- ",,,N,-,0,0,F,2005,-,A,01,,O,,-,-,2022
9522356,1,4,Y,M,26,G,G,N,-,-,N,-,-,-,-,"- ",,,N,-,0,1,B,,-,L,04,,A,,-,-,2022
9529305,1,1,Y,X,998,G,G,S,-,-,,-,3,-,,25,22350,,A,-,0,0,B,2001,-,A,01,,,,-,-,2022
9529305,2,4,N,M,34,G,G,N,-,-,,-,3,-,,44,21657,,A,-,0,1,Q,,-,L,04,,W,,-,-,2022
9531182,1,4,Y,M,29,A,-,N,-,-,N,-,3,-,-,"- ",,,N,-,0,1,E,,-,L,04,,W,,-,-,2022
9531182,2,1,N,F,63,A,-,E,M,G,Y,-,3,-,-,"- ",,,N,-,0,0,B,2004,-,A,07,,H,,-,-,2022
9531191,1,4,N,M,19,A,-,E,-,-,,-,3,-,-,"- ",,,N,-,0,1,B,,-,L,04,,H,,-,-,2022
9531229,1,4,Y,M,55,A,-,E,-,-,,-,3,-,-,"- ",,,N,-,0,1,B,,-,L,04,,B,,-,-,2022
9531229,2,1,N,F,67,A,-,S,M,G,Y,-,3,-,-,"- ",,,N,-,0,0,B,2017,-,A,01,,W,,-,-,2022
9531239,1,3,Y,-,998,A,-,S,-,-,O,-,3,-,-,"- ",,,N,-,0,0,R,2005,-,A,01,,,,-,-,2022
9531239,2,4,N,M,27,A,-,S,-,-,,-,3,-,-,"- ",,,N,-,0,1,B,,-,L,04,,W,,-,-,2022
9531356,1,4,Y,M,33,A,-,N,-,-,,-,-,-,-,"- ",,,N,-,0,1,B,,-,L,04,,A,,-,-,2022
9531356,2,1,N,F,24,A,-,S,M,G,Y,-,-,-,-,"- ",,,N,-,0,0,D,2009,-,A,01,,W,,-,-,2022
9531456,1,2,Y,F,64,A,-,S,-,-,O,-,3,-,-,"- ",,,N,-,0,1,B,,-,N,60,,W,,-,-,2022
9531456,2,4,N,F,53,A,-,E,-,-,,-,3,-,-,"- ",,,N,-,0,1,B,,-,L,04,,W,,-,-,2022
9531457,1,1,Y,M,43,A,-,N,M,G,Y,-,3,-,-,"- ",,,N,-,0,0,J,2018,-,A,01,,A,,-,-,2022
9531457,2,4,N,M,27,A,-,N,-,-,,-,3,-,-,"- ",,,N,-,0,1,B,,-,L,04,,W,,-,-,2022
9532079,1,1,Y,F,60,A,-,S,M,C,Y,-,3,-,-,"- ",,,N,-,0,0,B,2000,-,A,01,,W,,-,-,2022
9532079,2,4,N,M,54,A,-,W,-,-,,-,3,-,-,"- ",,,N,-,0,1,B,,-,L,04,,W,,-,-,2022
9532089,1,4,Y,M,46,A,-,W,-,-,,-,3,-,-,"- ",,,N,-,0,1,A,,-,L,04,,H,,-,-,2022
9532089,2,1,N,M,64,A,-,N,M,G,Y,-,3,-,-,"- ",,,N,-,0,0,D,2010,-,A,07,,A,,-,-,2022
9532107,1,1,Y,M,32,A,-,-,M,B,Y,-,3,-,-,"- ",,,-,-,0,0,A,2013,-,A,01,,B,,-,-,2022
9532107,2,5,N,-,998,A,-,-,-,-,O,-,3,-,-,"- ",,,N,-,0,0,A,2013,-,A,01,,,,-,-,2022
9532107,3,4,N,M,44,A,-,N,-,-,,-,3,-,-,"- ",,,-,-,0,1,B,,-,L,04,,H,,-,-,2022
9543057,1,4,N,M,27,A,-,N,-,-,,-,3,-,-,"- ",,,N,-,0,1,B,,-,L,04,,H,,-,-,2022
9543108,1,4,Y,M,44,B,-,E,-,-,O,-,3,-,,24,22450,A,A,N,0,1,B,,-,L,04,,O,,-,-,2022
9543108,2,1,N,M,998,G,G,E,-,-,,-,-,-,-,"- ",,,N,-,0,0,F,2009,-,A,01,,H,,-,-,2022
9543152,1,3,Y,-,998,A,-,S,-,-,O,-,3,-,-,"- ",,,N,-,0,0,O,2018,-,A,07,,,,-,-,2022
9543152,2,4,N,M,31,A,-,S,-,-,,-,3,-,,39,21201,D,A,-,0,1,B,,-,L,04,,O,,-,-,2022
9543169,1,1,Y,M,60,H,H,N,M,G,Y,-,3,-,-,"- ",,,-,-,0,0,E,2000,FORD,A,07,,W,,-,-,2022
9543169,2,4,N,M,31,H,H,W,-,-,O,-,3,-,-,"- ",,,-,-,0,1,B,,-,L,04,,O,,-,-,2022
9543175,1,1,Y,M,50,H,H,N,M,G,Y,-,-,-,-,"- ",,,F,-,0,0,M,2018,AUDI,A,01,,W,-,-,-,2022
9543175,2,4,N,M,54,H,H,E,-,-,,-,-,-,-,"- ",,,N,-,0,1,B,,-,L,04,,H,,-,-,2022
9543250,1,5,Y,-,998,A,-,W,-,-,O,-,3,-,-,"- ",,,N,-,0,0,A,2012,-,A,01,,,,-,-,2022
9543250,2,1,N,M,21,A,-,W,M,G,,-,3,-,-,"- ",,,N,-,0,0,A,2021,-,A,01,,O,,-,-,2022
9543250,3,4,N,M,53,A,-,W,-,-,O,-,3,-,-,"- ",,,N,-,0,1,B,,-,L,04,,A,,-,-,2022
9543279,1,1,Y,M,47,A,-,N,M,G,Y,-,3,-,-,"- ",,,N,-,0,0,E,2017,FORD,A,01,,H,,-,-,2022
9543279,2,4,N,F,32,A,-,S,-,-,,-,3,-,-,"- ",,,N,-,0,1,A,,-,L,04,,W,,-,-,2022
9543437,1,4,Y,M,24,G,G,E,-,-,,-,3,-,-,"- ",,,N,-,0,1,B,,-,L,04,,H,,-,-,2022
9543437,2,1,N,M,51,A,-,E,M,G,Y,-,3,-,-,"- ",,,N,-,0,0,D,2018,-,I,11,,A,,-,-,2022
9543437,3,2,N,F,41,A,-,-,-,-,O,-,3,-,-,"- ",,,N,-,0,1,R,,-,N,60,,A,,-,-,2022
9543536,1,1,Y,M,27,A,-,S,M,C,Y,-,-,E,-,"- ",,,-,-,0,0,D,2019,-,-,,,A,,-,-,2022
9543536,2,4,N,M,71,A,-,E,-,-,,-,-,-,-,"- ",,,-,-,0,1,B,,-,L,04,,W,,F,-,2022
9543558,1,2,Y,F,36,B,-,E,-,-,O,-,3,-,-,"- ",,,N,-,0,1,L,,-,N,60,,H,,-,-,2022
9543558,2,4,N,M,40,G,G,N,-,-,,-,3,-,-,"- ",,,N,-,0,1,B,,-,L,04,,W,,-,-,2022
9545384,1,1,Y,M,36,A,-,W,M,G,Y,-,3,-,-,"- ",,,N,-,0,0,L,2015,-,A,01,,W,,-,-,2023
9545384,2,4,N,M,63,A,-,-,-,-,O,-,3,-,-,"- ",,,N,-,0,1,B,,-,L,04,,W,,-,-,2023
9545432,1,1,Y,-,998,D,-,-,-,-,,-,-,-,,19,20002,A,A,N,0,0,D,2018,-,A,01,,,,-,-,2023
9545432,2,4,N,M,66,A,-,W,-,-,N,-,3,-,-,"- ",,,N,-,0,1,D,,-,L,04,,W,,-,-,2023
9545544,1,1,Y,-,998,G,G,-,-,-,N,-,-,-,-,"- ",,,-,-,0,0,B,,-,A,01,,,,-,-,2023
9545544,2,4,N,M,34,A,-,N,-,-,,-,-,-,,24,22450,A,A,-,0,1,B,,-,L,04,,A,,-,-,2023
9545582,1,4,N,M,46,A,-,S,-,-,N,-,3,-,-,"- ",,,N,-,0,1,B,,-,L,04,,W,,-,-,2023
9545582,2,4,N,M,14,A,-,N,-,-,,-,3,-,-,"- ",,,N,-,0,1,E,,-,L,04,,W,,-,-,2023
9545728,1,1,Y,M,68,A,-,W,M,G,,-,3,-,-,"- ",,,N,-,0,0,B,2006,-,A,08,,W,,-,-,2022
9545728,2,4,N,M,28,A,-,N,-,-,,-,3,-,-,"- ",,,N,-,0,1,B,,-,L,04,,A,,-,-,2022
9548721,1,1,Y,F,57,A,-,N,M,G,Y,-,-,-,-,"- ",,,N,-,0,0,D,2010,-,A,07,,A,,-,-,2023
9548721,2,4,N,M,58,A,-,N,-,-,N,-,-,-,-,"- ",,,N,-,0,1,B,,-,L,04,,A,,-,-,2023
9553663,1,1,Y,M,32,H,H,E,M,-,Y,-,3,-,-,"- ",,,N,-,0,0,B,2021,-,A,01,,W,,-,-,2023
9553663,2,4,N,M,66,H,H,N,-,-,,-,3,-,-,"- ",,,N,-,0,1,B,,-,L,04,,A,,-,-,2023
9553761,1,1,Y,M,998,A,-,N,-,-,,-,-,-,,19,20001,A,A,-,0,0,B,,-,A,01,,B,,-,-,2023
9553761,2,4,N,M,41,A,-,N,-,-,,-,-,-,-,"- ",,,-,-,0,1,L,,-,L,04,,O,,-,-,2023
9553855,1,4,N,M,61,A,-,N,-,-,,-,3,-,-,"- ",,,N,-,0,1,B,,-,L,04,,W,,-,-,2022
9553858,1,4,Y,M,47,A,-,S,-,-,N,-,3,-,-,"- ",,,N,-,0,1,B,,-,L,04,,H,,-,-,2022
9553858,2,1,N,M,55,A,-,E,M,G,Y,-,3,-,-,"- ",,,N,-,0,0,B,2013,-,A,01,,A,,-,-,2022
9553872,1,1,Y,X,998,G,G,N,-,B,,-,-,-,,19,20001,A,A,M,0,0,B,2006,-,A,01,,,,-,-,2022
9553872,2,4,N,M,35,C,-,N,-,-,,-,3,-,-,"- ",,,N,-,0,1,B,,-,L,04,,W,,-,-,2022
9553888,1,4,Y,M,30,A,-,S,-,-,N,-,3,-,-,"- ",,,N,-,0,1,B,,-,L,04,,B,,-,-,2023
9553888,2,1,N,M,52,A,-,W,M,B,Y,-,3,-,-,"- ",,,N,-,0,0,B,2010,-,A,01,,W,,-,-,2023
9553935,1,1,Y,M,25,A,-,W,M,G,Y,-,3,-,-,"- ",,,N,-,0,0,F,2020,-,A,01,,H,,-,-,2023
9553935,2,4,N,M,23,A,-,E,-,-,N,-,3,-,-,"- ",,,N,-,0,1,B,,-,L,04,,O,,-,-,2023
9553971,1,4,Y,M,24,G,G,S,-,-,N,-,-,-,-,"- ",,,N,-,0,1,E,,-,L,04,,A,,-,-,2023
9553971,2,1,N,M,68,G,G,E,M,E,N,-,-,-,-,"- ",,,N,-,0,0,B,,-,A,07,,B,,-,-,2023
9553973,1,4,Y,M,24,C,-,S,-,-,N,-,3,-,-,"- ",,,N,-,0,1,B,,-,L,04,,H,,-,-,2023
9553973,2,1,N,M,62,C,-,N,M,G,Y,-,3,-,-,"- ",,,N,-,0,0,E,2011,-,A,01,,B,,-,-,2023
9553997,1,4,Y,F,28,A,-,E,-,-,,-,3,-,-,"- ",,,N,-,0,1,B,,-,L,04,,W,,-,-,2023
9553997,2,1,N,M,41,A,-,N,M,G,Y,-,3,-,-,"- ",,,N,-,0,0,B,2004,-,A,01,,B,,-,-,2023
9554104,1,4,Y,M,35,A,-,E,-,-,,-,3,-,-,"- ",,,N,-,0,1,E,,-,L,04,,W,,-,-,2023
9554104,2,1,N,M,34,A,-,E,M,G,Y,-,3,-,-,"- ",,,N,-,0,0,B,2018,-,A,01,,A,,-,-,2023
9554108,1,1,Y,-,998,G,G,W,-,-,,-,-,-,-,"- ",,,N,-,0,0,D,,-,A,07,,,,-,-,2023
9554108,2,4,N,M,51,A,-,S,-,-,O,-,3,-,-,"- ",,,N,-,0,1,B,,-,L,04,,W,,-,-,2023
9554131,1,1,Y,M,58,G,G,N,B,-,,-,-,-,-,"- ",,,N,-,0,0,E,2019,-,A,07,,W,,-,-,2023
9554131,2,4,N,F,35,A,-,N,-,-,,-,3,-,-,"- ",,,N,-,0,1,B,,-,L,04,,W,,-,-,2023
9554135,1,1,Y,X,998,G,G,S,-,-,,-,3,-,,19,20001,A,A,-,0,0,B,2013,-,C,02,,,,-,-,2023
9554135,2,4,N,F,43,A,-,S,-,-,,-,3,-,-,"- ",,,N,-,0,1,B,,-,L,04,,W,,-,-,2023
9555213,1,2,Y,M,998,-,-,N,-,-,O,-,-,-,-,"- ",,,N,-,0,0,R,,-,N,60,,,,-,-,2023
9555213,2,4,N,M,50,A,-,E,-,-,O,-,-,-,-,"- ",,,N,-,0,1,B,,-,L,04,,H,,-,-,2023
9555213,3,3,N,-,998,-,-,E,-,-,O,-,-,-,-,"- ",,,N,-,0,0,O,2023,-,A,01,,,,-,-,2023
9560153,1,1,Y,F,43,A,-,S,M,G,Y,-,3,-,-,"- ",,,N,-,0,0,D,2021,-,A,01,,W,,-,-,2022
9560153,2,4,N,M,40,A,-,S,-,-,,-,3,-,-,"- ",,,N,-,0,1,B,,-,L,04,,A,,-,-,2022
9561029,1,4,Y,M,65,A,-,E,-,-,,-,3,-,-,"- ",,,N,-,0,1,Q,,-,L,04,,W,,-,-,2023
9561029,2,1,N,M,41,A,-,W,M,C,Y,-,3,-,-,"- ",,,N,-,0,0,B,2014,-,I,20,,A,,-,-,2023
9561234,1,1,Y,M,59,A,-,W,M,G,Y,-,-,-,-,"- ",,,-,-,0,0,E,2008,-,A,01,,W,,-,-,2023
9561234,2,4,N,M,44,A,-,E,-,-,O,-,-,-,-,"- ",,,-,-,0,1,B,,-,L,04,,O,,-,-,2023
9561310,1,5,Y,-,998,A,-,N,-,-,O,-,3,-,-,"- ",,,N,-,0,0,A,,-,-,,,,,-,-,2023
9561310,2,4,N,M,55,A,-,N,-,-,,-,3,-,-,"- ",,,N,-,0,1,B,,-,L,04,,W,,-,-,2023
9561310,3,5,N,-,998,-,-,N,-,-,O,-,-,-,-,"- ",,,-,-,0,0,-,2020,-,A,01,,,,-,-,2023
9561314,1,4,Y,M,13,A,-,E,-,-,,-,3,-,-,"- ",,,N,-,0,1,B,,-,L,04,,H,,-,-,2023
9561314,2,1,N,F,998,G,G,N,B,-,,-,3,-,-,"- ",,,H,-,0,0,B,,-,A,01,,B,,-,-,2023
9561317,1,4,Y,F,65,A,-,S,-,-,,-,3,-,-,"- ",,,N,-,0,1,L,,-,L,04,,B,,-,-,2023
9561317,2,1,N,M,78,A,-,S,M,G,Y,-,3,-,-,"- ",,,N,-,0,0,H,2004,-,A,07,,A,,-,-,2023
9573282,1,4,Y,M,63,C,-,E,-,-,,-,3,-,-,"- ",,,N,-,0,1,B,,-,L,04,,W,,-,-,2023
9573294,1,5,Y,-,998,A,-,E,-,-,O,-,3,-,,19,20001,,A,N,0,1,B,,-,-,,,,,-,-,2023
9573294,2,4,N,M,998,D,-,E,-,-,,-,3,-,-,"- ",,,N,-,0,0,D,,-,L,04,,,,-,-,2023
9573299,1,5,Y,-,998,H,H,S,-,-,O,-,3,-,-,"- ",,,N,-,0,0,A,2020,-,A,01,,,,-,-,2023
9573299,2,4,N,M,40,A,-,S,-,-,,-,3,-,-,"- ",,,N,-,0,1,B,,-,L,04,,W,,-,-,2023
9573316,1,1,Y,M,29,A,-,W,M,-,Y,-,3,-,-,"- ",,,N,-,0,0,E,2023,-,A,07,,W,,-,-,2023
9573316,2,4,N,M,36,A,-,S,-,-,,-,3,-,-,"- ",,,N,-,0,1,B,,-,L,04,,B,,-,-,2023
9573320,1,1,Y,M,998,G,G,S,-,-,,-,-,-,-,"- ",,,N,-,0,0,D,,-,A,01,,W,,-,-,2023
9573320,2,4,N,M,57,A,-,S,-,-,,-,3,-,-,"- ",,,N,-,0,1,B,,-,L,04,,A,,-,-,2023
9573331,1,1,Y,-,998,G,G,W,-,-,,-,3,-,-,"- ",,,N,-,0,0,I,2010,-,A,07,,,,-,-,2023
9573331,2,4,N,M,31,A,-,E,-,-,O,-,3,-,-,"- ",,,N,-,0,1,B,,-,L,04,,O,,-,-,2023
9575938,1,1,Y,F,46,A,-,E,M,G,Y,-,3,-,-,"- ",,,N,-,0,0,D,2017,FORD,A,01,,H,,-,-,2023
9575938,2,4,N,M,21,A,-,E,-,-,,-,3,-,-,"- ",,,N,-,0,1,B,,-,L,04,,A,,-,-,2023
9576079,1,1,Y,M,26,A,-,N,L,B,,-,-,-,,19,20002,A,A,N,0,1,I,2008,-,A,08,,H,,-,-,2023
9576079,2,1,N,M,66,A,-,N,B,-,Y,-,-,-,,19,20001,,A,N,0,0,B,1994,-,A,01,,W,,-,-,2023
9576079,3,4,N,F,25,A,-,N,-,-,N,-,-,-,-,"- ",,,N,-,0,1,B,,-,L,04,,W,,-,-,2023
9576093,1,4,N,F,42,A,-,S,-,-,,-,-,-,-,"- ",,,N,-,0,1,B,,-,L,04,,A,,-,-,2023
9576098,1,1,Y,F,68,A,-,N,M,G,Y,-,3,-,-,"- ",,,N,-,0,0,D,1997,-,A,01,,A,,-,-,2023
9576098,2,4,N,M,34,A,-,N,-,-,,-,3,-,-,"- ",,,N,-,0,1,B,,-,L,04,,W,,-,-,2023
9576120,1,4,Y,M,29,A,-,S,-,-,O,-,3,-,,44,21200,,A,N,0,1,B,,-,L,04,,O,,-,-,2023
9576120,2,1,N,F,28,A,-,W,M,G,Y,-,3,-,-,"- ",,,N,-,0,0,E,2013,-,A,01,,W,,-,-,2023
9576308,1,1,Y,M,998,G,G,N,-,-,,-,3,-,,19,20002,A,A,-,0,0,I,,FORD,A,07,,,,-,-,2023
9576308,2,4,N,M,60,A,-,N,-,-,,-,3,-,-,"- ",,,-,-,0,1,B,,-,L,04,,W,,-,-,2023
9576313,1,4,Y,F,32,A,-,E,-,-,,-,3,-,-,"- ",,,N,-,0,1,E,,-,L,04,,O,,-,-,2023
9576313,2,1,N,M,29,A,-,W,M,G,Y,-,3,-,-,"- ",,,N,-,0,0,A,2013,FORD,A,01,,H,,-,-,2023
9580137,1,4,Y,M,30,-,-,W,-,-,,-,3,-,-,"- ",,,-,-,0,1,D,,-,L,04,,B,,-,-,2023
9580137,2,1,N,M,46,-,-,N,M,G,Y,-,3,-,-,"- ",,,-,-,0,0,D,2015,-,A,01,,H,,-,G,2023
9591070,1,4,Y,M,998,G,G,E,-,-,,-,-,-,,00,2000,A,A,N,0,0,Q,,-,L,04,,W,,-,-,2023
9591070,2,4,N,M,29,A,-,W,-,-,,-,3,-,-,"- ",,,N,-,0,1,B,,-,L,04,,,,-,-,2023
9591076,1,4,Y,M,52,A,-,N,-,-,,-,3,-,-,"- ",,,N,-,0,1,I,,-,L,04,,W,,-,-,2023
9591112,1,4,Y,M,54,A,-,N,-,-,,-,3,-,-,"- ",,,N,-,0,1,B,,-,L,04,,,,-,-,2023
9591115,1,1,Y,-,998,G,G,E,B,-,,-,-,-,,19,20001,A,A,-,0,0,B,2022,-,A,08,,,,-,-,2023
9591115,2,4,N,M,34,A,-,E,-,-,,-,3,-,-,"- ",,,N,-,0,1,B,,-,L,04,,O,,-,-,2023
9591116,1,1,Y,M,26,A,-,W,M,G,Y,-,3,-,-,"- ",,,N,-,0,0,D,2017,-,A,01,,H,,-,-,2023
9591116,2,4,N,M,56,A,-,N,-,-,,-,3,-,-,"- ",,,N,-,0,1,B,,-,L,04,,W,,-,-,2023
9591720,1,4,Y,M,63,A,-,N,-,-,,-,3,-,-,"- ",,,K,-,0,1,B,,-,L,04,,A,,-,-,2023
9591720,2,1,N,M,51,A,-,N,M,G,Y,-,3,-,-,"- ",,,N,-,0,0,D,2015,-,A,07,,A,,-,-,2023
9576031,1,1,Y,F,45,A,-,E,M,G,Y,-,3,-,-,"- ",,,J,-,0,0,Q,2019,-,A,01,,W,,-,-,2023
9576031,2,4,N,F,40,A,-,-,-,-,O,-,3,-,-,"- ",,,N,-,0,1,B,,-,L,04,,W,,-,-,2023
9576025,1,1,N,F,71,H,H,S,M,G,Y,-,3,-,-,"- ",,,N,-,0,0,E,2011,-,A,01,,A,,-,-,2023
9576025,2,4,N,M,45,H,H,N,-,-,O,-,3,-,-,"- ",,,-,-,0,1,B,,-,L,04,,H,,-,-,2023
9602299,1,4,Y,F,73,A,-,E,-,-,,-,3,-,-,"- ",,,N,-,0,1,B,,-,L,04,,A,,-,-,2023
9603684,1,4,Y,F,57,-,-,-,-,-,,-,3,-,-,"- ",,,N,-,0,1,B,,-,L,04,,W,,-,-,2023
9603684,2,4,N,M,998,A,-,-,-,-,,-,3,-,,19,20001,A,A,N,0,0,B,,-,L,04,,W,,-,-,2023
9603809,1,1,N,M,41,A,-,S,M,C,Y,-,3,-,-,"- ",,,E,-,0,0,B,2016,AUDI,A,01,,W,,-,-,2023
9603809,2,4,Y,F,41,A,-,W,-,-,,-,3,-,-,"- ",,,N,-,0,1,G,,-,L,04,,A,,-,-,2023
9603830,1,4,Y,M,33,A,-,E,-,-,,-,3,-,-,"- ",,,E,-,0,1,B,,-,L,04,,W,,-,-,2023
9603830,2,1,N,M,19,A,-,E,M,G,Y,-,3,-,-,"- ",,,E,-,0,0,L,2013,-,A,01,,H,,-,-,2023
9605307,1,1,Y,F,79,A,-,S,M,G,Y,-,3,-,-,"- ",,,N,-,0,0,E,2019,-,A,07,,W,,-,-,2023
9605307,2,4,N,M,69,A,-,E,-,-,N,-,3,-,-,"- ",,,N,-,0,1,B,,-,L,04,,W,,-,-,2023
9573483,1,1,Y,-,998,H,H,N,-,-,,-,3,-,-,"- ",,,N,-,0,0,E,,-,C,06,,,,-,-,2023
9573483,2,4,N,M,51,C,-,S,-,-,,-,3,-,-,"- ",,,N,-,0,1,B,,-,L,04,,H,,-,-,2023
9610657,1,4,Y,F,46,A,-,N,-,-,,-,3,-,-,"- ",,,M,-,0,2,B,,-,L,04,,W,,-,-,2023
9610712,1,1,Y,F,26,A,-,S,M,G,Y,-,3,-,-,"- ",,,N,-,0,0,D,2014,-,A,01,,H,,-,-,2023
9610712,2,4,N,M,36,A,-,E,-,-,,-,3,-,-,"- ",,,N,-,0,1,B,,-,L,04,,H,,-,-,2023
9573411,1,4,Y,M,60,A,-,W,-,-,N,-,3,-,,40,21201,A,A,-,0,1,E,,-,L,04,,W,,-,-,2023
9573411,2,3,N,-,998,A,-,W,-,-,O,-,3,-,-,"- ",,,N,-,0,0,O,2009,-,A,01,,,,-,-,2023
9572290,1,4,N,M,51,A,-,W,-,-,,-,3,-,-,"- ",,,N,-,0,1,B,,-,L,04,,W,,-,-,2023
9617886,1,1,Y,M,28,A,-,S,M,P,Y,-,3,-,-,"- ",,,N,-,0,0,O,2016,FORD,J,48,,H,,-,-,2023
9617886,2,4,N,M,15,A,-,S,-,-,,-,3,-,-,"- ",,,N,-,0,1,B,,-,L,04,,W,,-,-,2023
9625579,1,4,Y,M,52,A,-,W,-,-,N,-,-,-,-,"- ",,,N,-,0,1,B,,-,L,04,,A,,-,-,2023
9565835,1,1,Y,M,56,A,-,E,M,G,Y,-,3,-,-,"- ",,,N,-,0,0,E,2021,FORD,J,48,,W,,-,-,2023
9565835,2,4,N,F,27,A,-,W,-,-,,-,3,-,-,"- ",,,N,-,0,1,B,,-,L,04,,W,,-,-,2023
9561267,1,1,Y,M,998,D,-,E,-,-,,-,-,-,-,"- ",,,-,-,0,0,I,,JEEP,A,01,,W,,-,-,2023
9561267,2,4,N,M,39,A,-,E,-,-,,-,3,-,-,"- ",,,-,-,0,1,E,,-,L,04,,W,,-,-,2023
9561254,1,1,Y,F,70,A,-,N,M,-,Y,-,3,-,-,"- ",,,G,-,0,0,B,1999,-,A,01,,A,,-,-,2023
9561254,2,4,N,M,39,A,-,W,-,-,,-,3,-,-,"- ",,,N,-,0,1,B,,-,L,04,,W,,-,-,2023
9626173,1,1,Y,M,53,A,-,E,M,G,Y,-,3,-,-,"- ",,,N,-,0,0,F,2022,-,A,07,,W,,-,-,2023
9626173,2,4,N,M,48,A,-,W,-,-,,-,3,-,-,"- ",,,N,-,0,1,B,,-,L,04,,W,,-,-,2023
9626183,1,2,Y,M,27,H,H,N,-,-,O,-,-,-,-,"- ",,,N,-,0,1,R,,-,N,60,,W,,-,-,2023
9626183,2,4,N,M,998,H,H,E,-,-,,-,-,-,-,"- ",,,N,-,0,0,B,,-,L,04,,W,,-,-,2023
9626201,1,4,Y,M,26,A,-,S,-,-,,-,3,-,-,"- ",,,N,-,0,1,E,,-,L,04,,W,,-,-,2023
9626201,2,1,N,F,37,A,-,E,M,G,Y,-,3,-,-,"- ",,,N,-,0,0,B,2014,-,A,01,,H,,-,-,2023
9626202,1,1,Y,M,28,A,-,W,P,A,N,-,3,-,-,"- ",,,N,-,0,1,B,2023,-,C,02,,H,,-,-,2023
9626202,2,4,N,M,56,A,-,S,-,-,,-,3,-,-,"- ",,,N,-,0,1,B,,-,L,04,,W,,-,-,2023
9626208,1,4,Y,F,39,A,-,E,-,-,,-,1,-,-,"- ",,,N,-,0,1,B,,-,L,04,,O,,-,-,2023
9626208,2,1,N,M,32,A,-,N,M,G,Y,-,1,-,-,"- ",,,N,-,0,0,D,2022,-,A,01,,B,,-,-,2023
9626216,1,4,Y,M,58,A,-,S,P,V,N,-,3,-,,25,22350,,A,-,0,1,D,,-,L,04,,W,,-,-,2023
9626216,2,1,N,F,998,G,G,W,-,-,,-,3,-,-,"- ",,,N,-,0,0,B,,-,A,01,,,,-,-,2023
9626218,1,2,Y,M,49,A,-,N,-,-,O,-,3,-,-,"- ",,,F,-,0,1,Q,,-,N,60,,W,-,-,-,2023
9626218,2,4,N,M,27,A,-,W,-,-,,-,3,-,-,"- ",,,N,-,0,1,B,,-,L,04,,W,,-,-,2023
9626220,1,4,Y,M,36,A,-,S,-,-,,-,3,-,-,"- ",,,N,-,0,1,B,,-,L,04,,W,,-,-,2023
9626220,2,1,N,F,32,A,-,S,P,G,Y,-,3,-,-,"- ",,,N,-,0,0,D,2023,-,A,01,,H,,-,-,2023
9626236,1,4,N,M,69,H,H,N,-,-,N,-,3,-,-,"- ",,,N,-,0,1,B,,-,L,04,,A,,-,-,2023
9626361,1,4,N,M,58,A,-,N,-,-,,-,3,-,-,"- ",,,N,-,0,1,L,,-,L,04,,W,,-,-,2023
9626361,2,1,N,F,24,A,-,E,M,G,Y,-,3,-,-,"- ",,,N,-,0,0,B,2007,-,A,01,,O,,-,-,2023
9600303,1,4,Y,M,25,A,-,S,-,-,,-,3,-,-,"- ",,,N,-,0,1,E,,-,L,04,,O,,-,-,2023
9600303,2,1,N,M,31,A,-,E,M,G,Y,-,3,-,-,"- ",,,N,-,0,0,B,2022,FORD,D,22,,A,,-,-,2023
9593754,1,4,Y,M,28,A,-,E,-,-,,-,3,-,,44,21200,,A,-,0,1,B,,-,L,04,,W,,-,-,2023
9593754,2,4,N,M,43,A,-,E,-,-,,-,3,-,-,"- ",,,N,-,0,3,E,,-,L,04,,A,,-,-,2023
9633690,1,1,Y,-,998,D,-,N,-,-,,-,-,-,,19,20001,A,A,N,0,0,B,,-,A,01,,,,-,-,2023
9633690,2,4,N,M,31,A,-,W,-,-,,-,3,-,-,"- ",,,N,-,0,1,B,,-,L,04,,W,,-,-,2023
9633728,1,1,Y,F,62,A,-,N,M,E,Y,-,3,-,-,"- ",,,N,-,0,0,D,2016,-,A,01,,W,,-,-,2023
9633728,2,4,N,M,18,A,-,N,-,-,,-,3,-,-,"- ",,,N,-,0,1,B,,-,L,04,,O,,-,-,2023
9633739,1,4,Y,F,59,A,-,N,-,-,O,-,3,-,-,"- ",,,N,-,0,1,B,,-,L,04,,W,,-,-,2023
9633739,2,1,N,F,56,A,-,W,M,G,Y,-,3,-,-,"- ",,,N,-,0,0,B,2005,-,D,22,,W,,-,-,2023
9633755,1,1,Y,M,24,A,-,W,M,G,Y,-,3,-,-,"- ",,,N,-,0,0,B,2015,-,A,07,,W,,-,-,2023
9633755,2,4,N,M,18,A,-,S,-,-,N,-,3,-,-,"- ",,,N,-,0,1,B,,-,M,91,,A,,-,-,2023
9633761,1,1,Y,-,53,H,H,S,M,G,Y,-,3,-,-,"- ",,,N,-,0,0,E,1999,-,A,01,,H,,-,-,2023
9633761,2,4,N,M,70,H,H,N,-,-,,-,3,-,-,"- ",,,N,-,0,1,B,,-,L,04,,W,,-,-,2023
9633765,1,4,Y,F,33,-,-,W,-,-,,-,-,-,-,"- ",,,-,-,0,1,A,,-,L,04,,W,,-,-,2023
9633765,2,1,N,F,66,-,-,N,B,G,Y,-,3,-,-,"- ",,,-,-,0,0,B,2018,-,A,01,,A,,-,-,2023
9633769,1,4,Y,F,30,A,-,S,-,-,N,-,-,-,-,"- ",,,N,-,0,1,B,,-,L,04,,W,,-,-,2023
9633769,2,4,N,-,998,H,H,W,-,-,,-,-,-,-,"- ",,,N,-,0,1,D,,-,L,04,,,,-,-,2023
9633771,1,4,N,M,55,A,-,W,-,-,N,-,-,-,-,"- ",,,N,-,0,1,B,,-,L,04,,H,,-,-,2023
9633771,2,1,N,F,37,A,-,S,M,G,Y,-,-,-,-,"- ",,,N,-,0,0,L,2018,-,A,07,,A,,-,-,2023
9633773,1,4,Y,M,36,G,G,W,-,-,N,-,-,-,-,"- ",,,N,-,0,1,B,,-,L,04,,H,,-,-,2023
9633781,1,4,Y,M,30,A,-,E,-,-,,-,3,-,-,"- ",,,N,-,0,1,B,,-,L,04,,W,,-,-,2023
9633781,2,1,N,M,28,A,-,S,M,C,Y,-,3,-,-,"- ",,,N,-,0,0,D,2022,-,A,01,,W,,-,-,2023
9633793,1,1,Y,M,998,G,G,S,B,-,,-,-,-,-,"- ",,,N,-,0,0,D,,-,A,01,,,,-,-,2023
9633793,2,4,N,M,32,A,-,S,-,-,,-,-,-,-,"- ",,,N,-,0,1,-,,-,L,04,,W,,-,-,2023
9633802,1,1,Y,-,998,G,G,S,-,-,,-,-,-,-,"- ",,,G,-,0,0,E,2007,-,A,01,,,,-,-,2023
9633802,2,4,N,M,34,A,-,E,-,-,,-,3,-,-,"- ",,,N,-,0,1,B,,-,L,04,,H,,-,-,2023
9633815,1,1,Y,-,998,G,G,-,B,-,,-,-,-,-,"- ",,,N,-,0,0,R,,-,-,,,,,-,-,2023
9633815,2,4,N,M,44,A,-,E,-,-,,-,3,-,-,"- ",,,N,-,0,1,B,,-,L,04,,W,,-,-,2023
9633816,1,4,Y,M,30,A,-,N,-,-,N,-,-,-,-,"- ",,,-,-,0,1,B,,-,L,04,,O,,-,-,2023
9633816,2,1,N,F,43,A,-,S,M,G,Y,-,-,-,-,"- ",,,-,-,0,0,E,2012,-,A,01,,H,,-,-,2023
9633821,1,4,Y,F,31,A,-,-,-,-,,-,3,-,-,"- ",,,N,-,0,1,E,,-,L,04,,W,,-,-,2023
9633821,2,1,N,F,49,A,-,E,M,G,Y,-,3,-,-,"- ",,,N,-,0,0,B,2017,-,A,01,,A,,-,-,2023
9634263,1,4,Y,M,55,A,-,E,-,-,O,-,3,-,-,"- ",,,-,-,0,1,B,,-,L,04,,B,,-,-,2023
9634263,2,1,N,M,25,A,-,N,M,G,Y,-,3,-,-,"- ",,,-,-,0,0,B,2016,-,A,01,,W,,-,-,2023
9634266,1,4,Y,M,40,A,-,E,-,-,O,-,3,-,-,"- ",,,-,-,0,1,B,,-,L,04,,W,,-,-,2023
9634266,2,3,N,-,998,A,-,E,-,-,O,-,3,-,-,"- ",,,-,-,0,0,O,2019,-,-,,,,,-,-,2023
9634267,1,4,Y,M,50,A,-,S,-,-,O,-,3,-,-,"- ",,,N,-,0,1,B,,-,L,04,,B,,-,-,2023
9634728,1,1,Y,F,38,A,-,W,M,E,Y,-,3,-,-,"- ",,,N,-,0,0,O,2019,-,A,07,,W,,-,-,2023
9634728,2,4,N,M,63,A,-,W,-,-,,-,3,-,-,"- ",,,N,-,0,1,B,,-,L,04,,B,,-,-,2023
9634732,1,1,Y,M,60,-,-,E,G,-,Y,-,-,-,-,"- ",,,-,-,0,0,-,2005,-,A,01,,,,-,-,2023
9634732,2,4,N,M,25,-,-,E,-,-,N,-,-,-,-,"- ",,,-,-,0,1,-,,-,L,04,,O,,-,-,2023
9634740,1,1,Y,M,998,G,G,N,B,-,,-,-,-,,19,20001,A,A,N,0,0,A,2004,-,A,01,,B,,-,-,2023
9634740,2,4,N,M,45,A,-,N,-,-,,-,3,-,-,"- ",,,N,-,0,1,B,,-,L,04,,W,,-,-,2023
9634744,1,1,Y,-,998,G,G,E,B,-,,-,-,-,-,"- ",,,N,-,0,0,B,2021,-,A,01,,,,-,-,2023
9634744,2,4,N,F,25,A,-,E,-,-,,-,-,-,-,"- ",,,N,-,0,1,E,,-,L,04,,H,,-,-,2023
9634747,1,1,Y,F,27,A,-,N,M,G,Y,-,3,-,-,"- ",,,N,-,0,0,B,2012,-,A,01,,A,,-,-,2023
9634747,2,4,N,M,32,A,-,E,-,-,,-,3,-,-,"- ",,,N,-,0,1,B,,-,L,04,,W,,-,-,2023
9634748,1,1,Y,M,23,A,-,S,M,G,Y,-,-,-,-,"- ",,,N,-,0,0,E,2013,-,A,01,,O,,-,-,2023
9634748,2,4,N,F,42,A,-,N,-,-,,-,-,-,-,"- ",,,N,-,0,1,B,,-,L,04,,W,,-,-,2023
9589420,1,1,Y,M,24,A,-,W,M,C,Y,-,3,-,-,"- ",,,N,-,0,0,E,2020,-,A,01,,A,,-,-,2023
9589420,2,4,N,M,27,A,-,E,-,-,,-,3,-,-,"- ",,,N,-,0,1,B,,-,L,04,,W,,-,-,2023
9606347,1,1,Y,M,48,A,-,E,P,W,Y,-,3,-,-,"- ",,,N,-,0,1,B,2006,-,C,02,,W,,-,-,2023
9606347,2,4,N,M,25,A,-,S,-,-,,-,3,-,-,"- ",,,N,-,0,0,B,,-,L,04,,O,,-,-,2023
9635987,1,4,Y,M,27,A,-,S,-,-,,-,3,-,-,"- ",,,M,-,0,1,I,,-,L,04,,A,,-,-,2023
9635987,2,1,N,M,34,G,G,-,B,-,Y,-,-,-,-,"- ",,,M,-,0,0,B,2007,-,A,01,,A,,-,-,2023
9635996,1,1,Y,F,998,G,G,S,-,-,,-,-,-,,19,20002,A,A,N,0,0,I,2021,-,A,01,,,,-,-,2023
9635996,2,4,N,M,60,A,-,S,-,-,,-,3,-,-,"- ",,,N,-,0,1,B,,-,L,04,,O,,-,-,2023
9636284,1,1,Y,M,998,G,G,W,-,-,,-,-,-,,19,20001,A,A,N,0,0,F,2002,-,A,01,,H,,-,-,2023
9636284,2,4,N,M,25,A,-,W,-,-,,-,-,E,-,"- ",,,N,-,0,1,B,,-,L,04,,H,,-,-,2023
9636292,1,5,Y,-,998,H,H,N,-,-,O,-,3,-,-,"- ",,,-,-,0,1,R,,-,-,,,,,-,-,2023
9636292,2,4,N,M,53,H,H,S,-,-,,-,3,-,-,"- ",,,-,-,0,1,R,,-,L,04,,B,,-,-,2023
9636294,1,1,Y,M,61,H,H,E,M,G,Y,-,3,-,-,"- ",,,N,-,0,0,M,2023,-,A,01,,W,,-,-,2023
9636294,2,4,N,M,32,H,H,E,-,-,,-,3,-,-,"- ",,,N,-,0,1,B,,-,L,04,,W,,-,-,2023
9636306,1,4,Y,M,23,A,-,S,-,-,,-,3,-,-,"- ",,,N,-,0,1,D,,-,L,04,,B,,-,-,2023
9636306,2,1,N,M,998,G,G,S,B,-,,-,3,-,,19,20001,A,A,-,0,0,E,,-,A,01,,W,,-,-,2023
9574277,1,1,Y,-,998,G,G,N,-,-,,-,3,-,,19,20001,A,A,-,0,0,D,,-,-,,,,,-,-,2022
9574277,2,4,N,M,51,A,-,N,-,-,,-,3,-,-,"- ",,,N,-,0,1,A,,-,L,04,,W,,-,-,2022
9641824,1,4,Y,M,54,A,-,S,-,-,,-,3,-,-,"- ",,,N,-,0,1,Q,,-,L,04,,H,,-,-,2023
9641824,2,1,N,M,52,A,-,N,M,G,Y,-,3,-,-,"- ",,,N,-,0,0,E,2019,AUDI,A,07,,W,,-,-,2023
9641825,1,4,Y,F,23,A,-,S,-,-,,-,3,-,,44,21663,,A,-,0,1,E,,-,L,04,,A,,-,-,2023
9573024,1,1,Y,M,20,A,-,N,M,G,Y,-,3,-,-,"- ",,,N,-,0,0,D,2011,-,A,01,,W,,-,-,2023
9573024,2,4,N,M,60,A,-,N,-,-,,-,3,-,-,"- ",,,N,-,0,1,B,,-,L,04,,B,,-,-,2023
9646226,1,1,Y,X,998,G,G,S,B,-,,-,3,-,-,"- ",,,A,-,0,0,D,,FORD,A,01,,,,-,-,2023
9646226,2,4,N,F,62,A,-,N,-,-,,-,3,-,-,"- ",,,N,-,0,1,B,,-,L,04,,W,,-,-,2023
9572468,1,1,Y,X,998,G,G,N,-,-,,-,3,-,-,"- ",,,N,-,0,0,B,,-,A,01,,,,-,-,2023
9572468,2,4,N,M,27,A,-,E,-,-,N,-,3,-,-,"- ",,,N,-,0,1,B,,-,L,04,,W,,-,-,2023
9572465,1,5,Y,-,998,G,G,E,-,-,O,-,-,-,-,"- ",,,F,-,0,0,D,,-,-,99,,,-,-,-,2023
9572465,2,4,N,M,50,A,-,S,-,-,,-,3,-,-,"- ",,,N,-,0,1,B,,-,L,04,,W,,-,-,2023
9650254,1,1,Y,-,998,G,G,S,-,-,,-,-,-,-,"- ",,,N,-,0,0,B,,-,A,01,,,,-,-,2023
9650254,2,4,N,M,36,A,-,W,-,-,,-,3,-,-,"- ",,,N,-,0,1,B,,-,L,04,,W,,-,-,2023
9650255,1,1,Y,M,998,G,G,N,B,-,,-,3,-,-,"- ",,,N,-,0,0,B,,-,A,01,,A,,-,-,2023
9650255,2,4,N,F,34,A,-,N,-,-,,-,3,-,-,"- ",,,N,-,0,1,B,,-,L,04,,W,,-,-,2023
9650266,1,4,Y,M,44,A,-,W,-,-,,-,3,-,-,"- ",,,N,-,0,1,I,,-,L,04,,W,,-,-,2023
9650266,2,1,N,M,72,A,-,W,M,G,Y,-,3,-,-,"- ",,,N,-,0,0,B,2014,FORD,A,01,,O,,-,-,2023
9650268,1,4,N,F,34,A,-,W,-,-,N,-,3,-,-,"- ",,,N,-,0,0,B,,-,L,04,,O,,-,-,2023
9650268,2,2,N,F,29,A,-,S,-,-,O,-,3,-,-,"- ",,,N,-,0,1,R,,-,N,60,,A,,-,-,2023
9572428,1,2,Y,F,27,B,-,E,-,-,O,-,3,-,-,"- ",,,N,-,0,1,B,,-,N,60,,W,,-,-,2023
9572428,2,4,N,M,41,A,-,S,-,-,,-,3,-,-,"- ",,,N,-,0,0,B,,-,L,04,,B,,-,-,2023
9572425,1,4,Y,M,56,A,-,N,-,-,,-,3,-,-,"- ",,,-,-,0,1,B,,-,L,04,,W,,-,-,2023
9572419,1,4,Y,M,998,D,-,E,-,-,,-,-,-,-,"- ",,,N,-,0,0,N,,-,L,04,,B,,-,-,2023
9572419,2,2,N,F,35,A,-,N,-,-,O,-,-,-,-,"- ",,,N,-,0,1,N,,-,N,60,,H,,-,-,2023
9572416,1,1,Y,F,40,G,G,E,B,-,,-,3,-,-,"- ",,,N,-,0,0,D,2017,JEEP,A,01,,H,,-,-,2023
9572416,2,4,N,F,27,A,-,N,-,-,O,-,3,-,-,"- ",,,N,-,0,1,B,,-,L,04,,A,,-,-,2023
9626021,1,4,Y,M,29,A,-,E,-,-,N,-,3,-,-,"- ",,,N,-,0,1,I,,-,L,04,,B,,-,-,2023
9626021,2,1,N,M,28,A,-,E,M,G,Y,-,3,-,-,"- ",,,N,-,0,0,I,2016,-,-,,,O,,-,-,2023
9568554,1,1,Y,-,998,D,-,S,-,-,,-,-,-,,19,20001,A,A,-,0,0,E,,AUDI,A,01,,,,-,-,2023
9568554,2,4,N,M,24,H,H,S,-,-,O,-,1,-,-,"- ",,,-,-,0,1,A,,-,L,04,,A,,-,-,2023
9659710,1,1,Y,M,70,A,-,W,M,G,Y,-,3,-,-,"- ",,,N,-,0,0,L,2004,-,A,01,,W,,-,-,2023
9659710,2,4,N,M,53,A,-,W,M,G,,-,3,-,-,"- ",,,N,-,0,1,B,,-,L,04,,W,,-,-,2023
9664984,1,1,Y,M,31,A,-,S,M,G,Y,-,3,-,-,"- ",,,-,-,0,0,D,2020,-,A,08,,W,,-,-,2024
9664984,2,4,N,M,59,A,-,E,-,-,,-,3,-,-,"- ",,,-,-,0,1,B,,-,L,04,,W,,-,-,2024
9665005,1,4,Y,M,22,A,-,S,P,V,N,-,3,-,-,"- ",,,N,-,0,1,B,,-,L,04,,O,,-,-,2024
9665005,2,1,N,M,38,A,-,S,M,G,Y,-,3,-,-,"- ",,,N,-,0,0,F,2011,-,A,01,,O,,-,-,2024
9567986,1,1,Y,F,63,A,-,E,M,G,Y,-,3,-,-,"- ",,,N,-,0,0,D,2003,-,A,01,,W,,-,-,2023
9567986,2,4,N,F,28,A,-,N,-,-,,-,3,-,-,"- ",,,N,-,0,1,B,,-,L,04,,A,,-,-,2023
9567978,1,4,Y,M,19,A,-,W,-,-,,-,3,-,-,"- ",,,N,-,0,1,E,,-,L,04,,H,,-,-,2023
9567978,2,1,N,F,26,A,-,N,M,G,Y,-,3,-,-,"- ",,,N,-,0,0,E,2013,-,A,07,,H,,-,-,2023
9626063,1,4,Y,M,32,A,-,W,-,-,O,-,3,-,-,"- ",,,N,-,0,1,N,,-,L,04,,B,,-,-,2023
9626063,2,1,N,F,998,G,G,E,-,-,,-,-,-,-,"- ",,,-,-,0,0,B,,-,A,01,,B,,-,-,2023
9626064,1,1,Y,-,998,G,G,W,-,-,,-,-,-,,19,20001,,A,N,0,0,B,,-,A,01,,,,-,-,2023
9626064,2,4,N,M,30,A,-,N,-,-,,-,-,-,-,"- ",,,N,-,0,1,B,,-,L,04,,H,,-,-,2023
9602237,1,1,Y,M,29,A,-,W,M,G,Y,-,3,-,,34,21950,A,A,-,0,0,B,2002,-,A,01,,H,,-,-,2023
9602237,2,4,N,M,61,A,-,-,-,-,,-,3,-,-,"- ",,,-,-,0,1,B,,-,L,04,,H,,-,-,2023
9602188,1,4,Y,F,44,A,-,E,-,-,N,-,3,-,-,"- ",,,N,-,0,1,H,,-,L,04,,A,,-,-,2023
9602188,2,1,N,F,22,A,-,W,M,G,Y,-,3,-,-,"- ",,,N,-,0,0,A,2014,-,-,,,H,,-,-,2023
9670585,1,1,N,M,31,A,-,W,P,W,,-,3,-,-,"- ",,,N,-,0,1,B,2022,-,C,02,,B,,-,-,2024
9670585,2,4,N,M,61,G,G,N,-,-,,-,3,-,-,"- ",,,N,-,0,1,B,,-,L,04,,B,,-,-,2024
9633448,1,4,Y,M,19,A,-,W,-,-,N,-,3,-,,25,22350,,A,N,0,1,B,,-,L,04,,B,,-,-,2023
9633448,2,1,N,M,59,A,-,S,M,G,Y,-,3,-,-,"- ",,,N,-,0,0,B,2004,-,F,26,,W,,-,-,2023
9593808,1,1,Y,M,21,A,-,N,M,J,Y,-,3,-,-,"- ",,,N,-,0,0,D,2016,-,A,01,,A,,-,-,2023
9593808,2,4,N,M,63,A,-,N,-,-,,-,3,-,-,"- ",,,N,-,0,1,B,,-,L,04,,W,,-,-,2023
9634800,1,4,Y,M,54,A,-,N,-,-,,-,3,-,,21,21208,A,A,-,0,1,B,,-,L,04,,A,,-,-,2023
9634800,2,1,N,M,62,A,-,E,M,E,Y,-,3,-,-,"- ",,,-,-,0,0,B,2022,-,-,,,H,,-,-,2023
9634855,1,1,Y,M,32,A,-,N,P,-,Y,-,3,-,-,"- ",,,N,-,0,0,O,2013,-,A,01,,W,,-,-,2023
9634855,2,4,N,M,71,A,-,N,-,-,,-,3,-,-,"- ",,,N,-,0,1,B,,-,L,04,,W,,-,-,2023
9602240,1,1,Y,M,65,A,-,N,M,P,Y,-,3,-,-,"- ",,,N,-,0,0,A,2018,-,A,01,,A,,-,-,2023
9602240,2,4,N,M,27,A,-,N,-,-,,-,3,-,-,"- ",,,N,-,0,1,B,,-,L,04,,W,,-,-,2023
9673395,1,4,Y,M,27,G,G,N,-,-,N,-,3,-,-,"- ",,,-,-,0,1,B,,-,L,04,,H,,-,-,2024
9673395,2,1,N,-,998,G,G,E,-,-,,-,-,-,-,"- ",,,-,-,0,0,B,2012,-,A,07,,,,-,-,2024
9641807,1,4,Y,M,26,A,-,N,-,-,,-,-,-,-,"- ",,,N,-,0,1,J,,-,L,04,,O,,-,-,2023
9641807,2,1,N,F,56,A,-,E,M,G,Y,-,-,-,-,"- ",,,N,-,0,0,B,2021,-,A,01,,A,,-,-,2023
9641876,1,1,Y,-,998,G,G,N,B,-,,-,-,-,-,"- ",,,N,-,0,0,B,,-,A,07,,,,-,-,2023
9641876,2,4,N,M,59,H,H,E,-,-,,-,-,-,-,"- ",,,N,-,0,1,B,,-,L,04,,W,,-,-,2023
9616996,1,4,Y,M,18,A,-,S,-,-,,-,3,-,-,"- ",,,N,-,0,1,B,,-,L,04,,O,,-,-,2023
9616996,2,1,N,M,48,A,-,S,M,G,Y,-,3,-,-,"- ",,,N,-,0,0,B,2011,-,-,,,W,,-,-,2023
9616998,1,1,Y,M,998,G,G,S,M,G,,-,3,-,-,"- ",,,O,-,0,0,F,2013,-,A,01,,W,,-,-,2023
9616998,2,4,N,M,29,A,-,E,-,-,O,-,3,-,-,"- ",,,O,-,0,1,B,,-,L,04,,A,,-,-,2023
9649631,1,1,Y,F,47,A,-,S,M,E,Y,-,3,-,-,"- ",,,N,-,0,0,M,2019,-,A,01,,B,,-,-,2023
9649631,2,4,N,M,48,A,-,E,-,-,O,-,3,-,-,"- ",,,N,-,0,1,B,,-,L,04,,W,,-,-,2023
9676996,1,2,Y,F,25,A,-,W,-,-,O,-,3,-,-,"- ",,,N,-,0,1,B,,-,N,60,,W,,-,-,2024
9676996,2,4,N,M,47,A,-,W,-,-,,-,3,-,-,"- ",,,N,-,0,0,B,,-,L,04,,W,,-,-,2024
9677000,1,4,Y,M,50,A,-,W,-,-,,-,3,-,-,"- ",,,N,-,0,1,D,,-,L,04,,O,,-,-,2024
9677013,1,1,Y,M,21,A,-,E,M,G,Y,-,3,-,-,"- ",,,M,-,0,0,B,2010,-,A,01,,A,,-,-,2024
9677013,2,4,N,M,32,A,-,-,-,-,N,-,3,-,-,"- ",,,N,-,0,1,A,,-,L,04,,W,,-,-,2024
9649632,1,4,Y,F,47,A,-,N,-,-,N,-,3,-,-,"- ",,,N,-,0,1,B,,-,L,04,,A,,-,-,2023
9649632,2,1,N,F,44,A,-,W,M,G,Y,-,3,-,-,"- ",,,N,-,0,0,B,2010,FORD,A,01,,W,,-,-,2023
9650469,1,4,Y,M,998,G,G,S,-,-,N,-,-,-,-,"- ",,,N,-,0,0,B,,-,L,04,,B,,-,-,2023
9650469,2,2,N,F,72,H,H,S,-,-,O,-,-,-,-,"- ",,,N,-,0,1,B,,-,N,60,,W,,-,-,2023
9650469,3,2,N,M,81,H,H,S,-,-,O,-,-,-,-,"- ",,,N,-,0,1,B,,-,N,60,,W,,-,-,2023
9626419,1,4,Y,F,48,A,-,S,-,-,,-,3,-,-,"- ",,,N,-,0,1,B,,-,L,04,,A,,-,-,2023
9626419,2,1,N,F,34,A,-,W,M,G,Y,-,3,-,-,"- ",,,N,-,0,0,B,2020,-,A,01,,W,,-,-,2023
9670643,1,4,Y,M,30,H,H,S,-,-,,-,3,-,-,"- ",,,N,-,0,1,B,,-,L,04,,O,,-,-,2023
9670643,2,1,N,F,45,H,H,E,M,G,Y,-,3,-,-,"- ",,,N,-,0,0,B,2024,-,A,01,,A,,-,-,2023
9677663,1,5,Y,-,998,H,H,-,-,-,O,-,3,-,-,"- ",,,N,-,0,0,A,2023,-,A,01,,,,-,-,2024
9677663,2,4,N,M,28,H,H,N,-,-,,-,3,-,,27,21202,A,A,N,0,1,B,,-,L,04,,W,,-,-,2024
9677663,3,1,N,M,56,H,H,-,M,G,N,-,3,-,,00,21500,B,A,N,0,0,A,2023,-,-,,,A,,-,-,2024
9677664,1,1,Y,M,998,G,G,N,-,-,,-,-,-,,19,20001,A,A,-,0,0,E,2020,FORD,A,01,,B,,-,-,2024
9677664,2,4,N,M,24,A,-,W,P,V,,-,-,-,-,"- ",,,N,-,0,1,B,,-,L,04,,W,,-,-,2024
9678241,1,4,Y,M,28,A,-,N,-,-,N,-,3,-,-,"- ",,,N,-,0,1,B,,-,L,04,,W,,-,-,2024
9678241,2,1,N,M,26,A,-,W,M,G,Y,-,3,-,-,"- ",,,N,-,0,0,B,2022,-,A,01,,O,,-,-,2024
9670698,1,4,Y,M,22,A,-,E,-,-,,-,3,-,-,"- ",,,N,-,0,1,B,,-,L,04,,W,,-,-,2024
9670698,2,1,N,F,80,A,-,N,M,G,Y,-,3,-,-,"- ",,,N,-,0,0,B,2016,-,A,01,,W,,-,-,2024
9673364,1,4,Y,M,998,G,G,E,-,-,,-,3,-,-,"- ",,,N,-,0,0,B,,-,L,04,,W,,-,-,2024
9673364,2,1,N,M,37,A,-,W,P,V,,-,3,-,-,"- ",,,N,-,0,1,B,,-,M,94,,H,,-,-,2024
9673404,1,1,Y,M,70,A,-,N,B,-,Y,-,3,-,-,"- ",,,N,-,0,0,D,2017,-,-,,,O,,-,-,2024
9673404,2,4,N,F,58,A,-,N,-,-,,-,3,-,-,"- ",,,N,-,0,1,B,,-,L,04,,W,,-,-,2024
9691011,1,1,Y,M,30,A,-,W,P,W,N,-,3,-,-,"- ",,,N,-,0,1,B,2019,-,C,02,,H,,-,-,2024
9691011,2,4,N,M,37,A,-,N,-,-,,-,3,-,-,"- ",,,N,-,0,0,B,,-,L,04,,H,,-,-,2024
9691017,1,1,Y,M,51,A,-,W,M,G,Y,-,3,-,-,"- ",,,N,-,0,0,K,2021,-,A,08,,A,,-,-,2024
9691017,2,4,N,M,60,A,-,W,-,-,,-,3,-,-,"- ",,,N,-,0,1,B,,-,L,04,,W,,-,-,2024
9691033,1,4,Y,M,34,G,G,N,-,-,,-,3,-,,44,21200,A,A,N,0,1,B,,-,M,91,,W,,-,-,2024
9691036,1,1,Y,F,27,B,-,S,L,G,Y,-,3,-,,25,22350,,A,-,0,0,B,2022,-,A,01,,H,,-,-,2024
9691036,2,4,N,F,35,A,-,N,-,-,,-,3,-,-,"- ",,,N,-,0,1,-,,-,L,04,,H,,-,-,2024
9691036,3,3,N,-,998,H,H,N,-,-,O,-,3,-,-,"- ",,,N,-,0,0,O,2019,-,A,01,,,,-,-,2024
9691036,4,3,N,-,998,H,H,N,-,-,O,-,3,-,-,"- ",,,N,-,0,0,O,1999,FORD,A,01,,,,-,-,2024
9691042,1,4,Y,M,53,A,-,S,-,-,O,-,3,-,-,"- ",,,N,-,0,1,B,,-,L,04,,H,,-,-,2024
9691042,2,1,N,F,35,A,-,S,M,G,Y,-,3,-,-,"- ",,,N,-,0,0,D,2020,-,A,01,,H,,-,-,2024
9691044,1,4,Y,M,29,A,-,S,-,-,O,-,3,-,-,"- ",,,N,-,0,1,B,,-,L,04,,W,,-,-,2024
9691044,2,1,N,F,67,A,-,W,M,G,Y,-,3,-,-,"- ",,,N,-,0,0,E,2009,-,A,01,,W,,-,-,2024
9691046,1,-,Y,M,998,G,G,S,B,-,,-,-,-,-,"- ",,,-,-,0,0,E,,-,-,99,,,,-,-,2024
9691046,2,4,N,M,40,A,-,N,-,-,O,-,3,-,,27,21202,,A,-,0,1,B,,-,L,04,,H,,-,-,2024
9691055,1,1,Y,M,39,A,-,W,M,G,Y,-,3,-,-,"- ",,,N,-,0,0,A,2022,-,A,01,,W,,-,-,2024
9691055,2,4,N,M,57,A,-,E,-,-,O,-,3,-,-,"- ",,,N,-,0,1,H,,-,L,04,,W,,-,-,2024
9691066,1,4,Y,M,32,A,-,W,-,-,,-,2,-,-,"- ",,,N,-,0,1,B,,-,L,04,,W,,-,-,2024
9691066,2,1,N,M,36,A,-,N,M,G,Y,-,2,-,-,"- ",,,N,-,0,0,D,2022,-,A,01,,A,,-,-,2024
9691078,1,1,N,F,66,A,-,E,M,G,Y,-,3,-,-,"- ",,,N,-,0,0,E,2019,-,A,01,,A,,-,-,2024
9691078,2,4,N,M,55,A,-,S,-,-,,-,3,-,-,"- ",,,N,-,0,1,B,,-,L,04,,B,,-,-,2024
9691080,1,1,Y,F,23,H,H,N,B,-,Y,-,-,-,-,"- ",,,N,-,0,0,D,2020,-,-,,,H,,-,-,2024
9691080,2,4,N,M,50,A,-,W,-,-,,-,3,-,-,"- ",,,N,-,0,1,B,,-,L,04,,A,,-,-,2024
9691082,1,4,Y,M,35,H,H,S,-,-,,-,3,-,-,"- ",,,N,-,0,1,B,,-,L,04,,W,,-,-,2024
9691082,2,1,N,M,48,H,H,E,M,G,Y,-,3,-,,53,22106,,A,N,0,0,A,2023,-,-,,,A,,-,-,2024
9691087,1,4,Y,M,51,A,-,W,-,-,,-,3,-,-,"- ",,,N,-,0,1,B,,-,L,04,,W,,-,-,2024
9691087,2,1,N,M,43,G,G,E,M,B,Y,-,3,-,-,"- ",,,N,-,0,0,A,2018,-,A,01,,O,,-,-,2024
9691090,1,4,Y,M,25,A,-,W,-,-,,-,3,-,-,"- ",,,N,-,0,1,B,,-,L,04,,A,,-,-,2024
9691123,1,1,Y,-,998,G,G,W,-,-,,-,3,-,-,"- ",,,N,-,0,0,B,,-,A,01,,,,-,-,2024
9691123,2,4,N,F,34,C,-,W,-,-,,-,3,-,-,"- ",,,N,-,0,1,I,,-,L,04,,W,,-,-,2024
9691123,3,1,N,M,53,C,-,W,M,G,Y,-,3,-,-,"- ",,,N,-,0,0,K,2007,-,A,01,,H,,-,-,2024
9691136,1,1,Y,M,73,H,H,S,M,G,Y,-,3,-,-,"- ",,,N,-,0,0,B,2004,-,A,07,,W,,-,-,2024
9691136,2,4,N,M,59,H,H,W,-,-,,-,3,-,-,"- ",,,N,-,0,1,B,,-,L,04,,W,,-,-,2024
9691157,1,1,Y,-,998,G,G,W,-,-,,-,-,-,-,"- ",,,N,-,0,0,B,2010,FORD,A,01,,,,-,-,2024
9691157,2,4,N,F,63,A,-,W,-,-,,-,3,-,,31,22107,,A,N,0,1,J,,-,L,04,,W,,-,-,2024
9676935,1,1,Y,-,998,A,-,-,-,-,,-,3,-,,19,20001,A,A,-,0,0,B,2018,FORD,A,08,,,,-,-,2024
9676935,2,4,N,M,61,G,G,S,-,-,,-,3,-,-,"- ",,,-,-,0,1,D,,-,L,04,,A,,-,-,2024
9676940,1,4,Y,M,50,H,H,E,-,-,,-,3,-,-,"- ",,,N,-,0,1,B,,-,L,04,,W,,-,-,2024
9676940,2,2,N,M,29,H,H,N,-,-,O,-,3,-,-,"- ",,,N,-,0,1,B,,-,N,60,,A,,-,-,2024
9700990,1,4,Y,M,60,A,-,E,-,-,,-,3,-,-,"- ",,,N,-,0,1,B,,-,L,04,,B,,-,-,2024
9676944,1,4,Y,M,28,A,-,S,-,-,N,-,1,-,,00,23123,A,A,N,0,1,B,,-,L,04,,O,,-,-,2024
9676944,2,1,N,M,998,A,-,E,M,G,Y,-,3,-,-,"- ",,,E,-,0,0,A,2015,-,A,01,,A,,-,-,2024
9676951,1,4,Y,M,998,A,-,W,-,-,,-,3,-,-,"- ",,,N,-,0,0,B,,-,L,04,,W,,-,-,2024
9676951,2,4,N,M,63,G,G,S,-,-,,-,3,-,-,"- ",,,N,-,0,1,B,,-,L,04,,H,,-,-,2024
9703951,1,1,N,M,44,H,H,S,M,C,,-,3,-,,22,22400,,A,-,0,0,A,2023,-,A,01,,O,,-,-,2024
9703951,2,4,N,F,34,H,H,S,-,-,,-,3,-,-,"- ",,,N,-,0,1,B,,-,L,04,,W,,-,-,2024
9703951,3,5,Y,-,998,H,H,N,-,-,O,-,3,-,-,"- ",,,N,-,0,0,-,,-,-,,,,,-,-,2024
9703952,1,4,Y,M,36,A,-,E,-,-,N,-,3,-,-,"- ",,,N,-,0,0,B,,-,L,04,,W,,-,-,2024
9703952,2,2,N,F,65,A,-,N,-,-,O,-,3,-,-,"- ",,,N,-,0,1,-,,-,N,60,,A,,-,-,2024
9703954,1,1,Y,-,998,-,-,N,-,-,,-,3,-,,25,22350,,A,N,0,0,B,,-,C,02,,,,-,-,2024
9703954,2,4,N,M,44,A,-,E,-,-,,-,3,-,-,"- ",,,N,-,0,1,B,,-,L,04,,W,,-,-,2024
9703972,1,1,Y,M,49,A,-,E,M,B,Y,-,3,-,-,"- ",,,-,-,0,0,D,2007,-,A,08,,H,,-,-,2024
9703972,2,4,N,M,48,A,-,E,-,-,,-,3,-,-,"- ",,,-,-,0,1,B,,-,L,04,,A,,-,-,2024
9703972,3,3,N,-,998,A,-,E,-,-,O,-,3,-,-,"- ",,,-,-,0,0,O,2022,-,A,07,,,,-,-,2024
9704041,1,4,Y,M,18,A,-,S,-,-,,-,3,-,-,"- ",,,N,-,0,1,J,,-,L,04,,O,,-,-,2024
9704041,2,1,N,M,69,A,-,S,M,G,Y,-,3,-,-,"- ",,,N,-,0,0,B,2021,-,A,01,,A,,-,-,2024
9704043,1,4,Y,F,29,A,-,E,-,-,,-,-,-,,44,21200,,A,N,0,1,B,,-,L,04,,W,,-,-,2024
9704043,2,1,N,M,25,A,-,S,M,C,Y,-,-,-,-,"- ",,,N,-,0,0,E,2008,-,A,01,,O,,-,-,2024
9704045,1,4,Y,M,52,A,-,E,-,-,,-,-,-,-,"- ",,,-,-,0,1,L,,-,L,04,,W,,-,-,2024
9704045,2,1,N,M,59,A,-,N,M,G,,-,-,-,-,"- ",,,-,-,0,0,G,2023,-,-,,,W,,-,-,2024
9704055,1,1,Y,F,36,G,G,-,B,-,,-,-,-,-,"- ",,,N,-,0,0,G,2022,-,A,01,,O,,-,-,2024
9704055,2,4,N,M,45,H,H,E,-,-,,-,3,-,-,"- ",,,N,-,0,2,B,,-,L,04,,W,,-,-,2024
9704057,1,1,Y,M,26,A,-,E,M,G,Y,-,3,-,-,"- ",,,N,-,0,0,E,2018,-,A,01,,H,,-,-,2024
9704057,2,4,N,M,35,A,-,W,-,-,,-,3,-,-,"- ",,,N,-,0,1,B,,-,L,04,,W,,-,-,2024
9705127,1,1,Y,M,998,-,-,S,-,-,,-,-,-,,19,20001,A,A,-,0,0,B,,-,A,08,,A,,-,-,2024
9705127,2,4,N,-,998,A,-,-,-,-,,-,3,-,-,"- ",,,-,-,0,1,B,,-,L,04,,,,-,-,2024
9705142,1,4,Y,M,62,A,-,S,-,-,,-,3,-,-,"- ",,,N,-,0,1,J,,-,L,04,,W,,-,-,2024
9705142,2,1,N,M,24,A,-,S,M,G,Y,-,3,-,-,"- ",,,N,-,0,0,B,2023,-,A,01,,A,,-,-,2024
9705159,1,1,Y,M,49,A,-,E,M,B,Y,-,3,-,-,"- ",,,-,-,0,0,O,2023,-,A,01,,O,,-,-,2024
9705159,2,4,N,M,36,A,-,E,-,-,,-,3,-,-,"- ",,,-,-,0,1,B,,-,L,04,,W,,-,-,2024
9705167,1,4,Y,M,26,A,-,S,-,-,,-,3,-,-,"- ",,,N,-,0,1,B,,-,L,04,,W,,-,-,2024
9705167,2,4,N,M,23,A,-,S,-,-,,-,3,-,-,"- ",,,N,-,0,0,B,,-,L,04,,W,,-,-,2024
9650665,1,1,Y,F,62,A,-,E,M,C,Y,-,3,-,-,"- ",,,N,-,0,0,F,2015,-,A,07,,W,,-,-,2023
9650665,2,4,N,M,33,A,-,N,-,-,,-,3,-,-,"- ",,,F,-,0,1,B,,-,L,04,,W,-,-,-,2023
9650693,1,4,Y,M,20,H,H,W,-,-,,-,3,-,-,"- ",,,N,-,0,1,B,,-,L,04,,H,,-,-,2023
9650693,2,1,N,M,37,H,H,S,M,G,Y,-,3,-,-,"- ",,,N,-,0,0,B,2009,-,A,01,,A,,-,-,2023
9651680,1,4,Y,M,998,G,G,E,-,-,N,-,-,-,-,"- ",,,N,-,0,0,B,,-,L,04,,A,,-,-,2023
9651680,2,5,N,-,998,A,-,E,-,-,O,-,3,-,-,"- ",,,N,-,0,1,B,,-,M,94,,,,-,-,2023
9655621,1,4,Y,M,24,A,-,E,-,-,N,-,3,-,-,"- ",,,N,-,0,1,B,,-,L,04,,B,,-,-,2023
9655621,2,1,N,F,44,A,-,S,M,G,Y,-,3,-,-,"- ",,,N,-,0,0,B,2017,-,A,01,,A,,-,-,2023
9658610,1,1,Y,F,998,G,G,S,B,-,,-,3,-,-,"- ",,,N,-,0,0,B,,-,A,01,,,,-,-,2024
9658610,2,4,N,F,28,A,-,W,-,-,,-,3,-,-,"- ",,,N,-,0,1,B,,-,L,04,,A,,-,-,2024
9666714,1,4,Y,M,26,A,-,N,-,-,,-,3,-,,39,21201,D,A,-,0,1,L,,-,L,04,,W,,-,-,2024
9666714,2,1,N,M,44,A,-,N,M,G,Y,-,3,-,-,"- ",,,N,-,0,0,E,2018,-,D,22,,H,,-,-,2024
9668452,1,4,Y,M,27,H,H,E,-,-,,-,3,-,-,"- ",,,N,-,0,1,B,,-,L,04,,W,,-,-,2024
9668452,2,5,N,-,998,H,H,E,-,-,O,-,3,-,-,"- ",,,N,-,0,1,B,,-,-,,,,,-,-,2024
9668452,3,1,N,F,67,H,H,W,M,G,Y,-,3,-,-,"- ",,,N,-,0,0,C,2014,-,A,01,,B,,-,-,2024
9705270,1,4,Y,F,59,A,-,W,-,-,,-,3,-,-,"- ",,,-,-,0,1,B,,-,L,04,,W,,-,-,2024
9705270,2,1,N,M,24,A,-,E,M,G,Y,-,3,-,-,"- ",,,-,-,0,0,B,2004,FORD,A,01,,H,,-,-,2024
9708085,1,1,Y,M,44,A,-,S,M,G,Y,-,3,-,-,"- ",,,N,-,0,0,B,2012,-,A,01,,B,,-,-,2024
9708085,2,4,N,F,54,A,-,S,-,-,,-,3,-,-,"- ",,,N,-,0,1,B,,-,L,04,,W,,-,-,2024
9708142,1,4,Y,M,29,A,-,E,-,-,,-,3,-,-,"- ",,,N,-,0,1,B,,-,L,04,,W,,-,-,2024
9708142,2,1,N,M,67,A,-,E,M,G,Y,-,3,-,-,"- ",,,N,-,0,0,E,2010,-,B,01,01,W,,-,-,2024
9708155,1,1,Y,X,998,A,-,W,B,-,,-,3,-,-,"- ",,,N,-,0,0,D,,-,A,07,,,,-,-,2024
9708155,2,4,N,M,25,A,-,S,-,-,,-,3,-,-,"- ",,,N,-,0,1,B,,-,L,04,,H,,-,-,2024
9708227,1,4,N,M,37,A,-,N,-,-,,-,-,-,-,"- ",,,K,-,0,1,B,,-,L,04,,W,,-,-,2024
9708230,1,4,Y,M,25,A,-,E,-,-,,-,3,-,-,"- ",,,N,-,0,1,B,,-,L,04,,A,,-,-,2024
9708230,2,1,N,F,44,A,-,S,M,G,Y,-,3,-,-,"- ",,,N,-,0,0,D,2021,-,A,01,,A,,-,-,2024
9668462,1,5,Y,-,998,H,H,W,-,-,O,-,-,-,-,"- ",,,N,-,0,0,A,2021,-,A,01,,,,-,-,2024
9668462,2,4,N,M,32,A,-,N,-,-,,-,3,-,-,"- ",,,-,-,0,1,E,,-,L,04,,H,,-,-,2024
9708586,1,4,Y,M,44,A,-,S,-,-,,-,-,-,-,"- ",,,N,-,0,1,Q,,-,L,04,,B,,-,-,2024
9708586,2,1,N,M,40,A,-,E,M,G,Y,-,-,-,-,"- ",,,N,-,0,0,A,2022,-,A,01,,W,,-,-,2024
9708588,1,4,Y,F,32,A,-,N,-,-,,-,3,-,-,"- ",,,-,-,0,1,B,,-,L,04,,W,,-,-,2024
9708588,2,1,N,M,49,A,-,E,L,G,Y,-,3,-,,47,12500,A,A,-,0,0,B,2015,-,A,01,,O,,-,-,2024
9708589,1,4,Y,M,30,A,-,S,-,-,,-,3,-,-,"- ",,,N,-,0,0,B,,-,L,04,,W,,-,-,2024
9708589,2,2,N,M,25,A,-,W,-,-,O,-,3,-,-,"- ",,,N,-,0,1,L,,-,N,60,,A,,-,-,2024
9670570,1,1,Y,-,998,G,G,E,-,-,,-,3,-,,19,20001,,A,-,0,0,B,,-,-,,,,,-,-,2024
9670570,2,4,N,M,45,C,-,E,-,-,,-,3,-,-,"- ",,,N,-,0,1,B,,-,L,04,,B,,-,-,2024
9670570,3,3,N,-,998,H,H,E,-,-,O,-,3,-,-,"- ",,,N,-,0,0,O,2020,FORD,A,01,,,,-,-,2024
9670570,4,3,N,-,998,H,H,E,-,-,O,-,-,-,-,"- ",,,-,-,0,0,O,2005,FORD,A,01,,,,-,-,2024
9710199,1,1,Y,M,45,A,-,S,M,G,Y,-,3,-,-,"- ",,,N,-,0,0,E,2021,FORD,D,22,,W,,-,-,2024
9710199,2,4,N,M,36,A,-,S,-,-,,-,3,-,-,"- ",,,N,-,0,1,B,,-,L,04,,O,,-,-,2024
9690975,1,4,Y,M,0,A,-,S,-,-,,-,-,-,,27,21650,1,A,N,0,0,B,,-,L,04,,B,,-,-,2024
9690975,2,2,N,F,75,A,-,W,-,-,O,-,-,-,-,"- ",,,N,-,0,1,B,,-,N,60,,A,,-,-,2024
9728941,1,4,N,F,65,A,-,W,-,-,,-,3,-,-,"- ",,,N,-,0,1,B,,-,L,04,,B,,-,-,2024
9728941,2,3,N,-,998,A,-,W,-,-,O,-,3,-,-,"- ",,,N,-,0,0,O,2010,-,A,07,,,,-,-,2024
9728956,1,1,Y,F,26,H,H,E,M,B,Y,-,3,-,-,"- ",,,E,-,0,0,I,2019,-,A,01,,A,,-,G,2024
9728956,2,4,N,M,38,H,H,E,-,-,,-,-,-,-,"- ",,,A,N,0,1,B,,-,L,04,,B,,-,-,2024
9728956,3,4,N,F,26,H,H,E,-,-,,-,-,-,-,"- ",,,N,-,0,1,B,,-,L,04,,W,,-,-,2024
9690981,1,1,Y,F,46,A,-,W,M,G,Y,-,3,-,,25,22350,,A,N,0,0,B,2003,-,A,01,,W,,-,-,2024
9690981,2,4,N,M,23,A,-,W,-,-,,-,3,-,-,"- ",,,N,-,0,1,B,,-,L,04,,O,,-,-,2024
9672911,1,1,Y,M,998,G,G,S,B,-,,-,-,-,-,"- ",,,A,N,0,0,B,1997,-,A,07,,H,,-,-,2023
9672911,2,4,N,M,24,A,-,E,-,-,,-,3,-,-,"- ",,,N,-,0,1,B,,-,L,04,,O,,-,-,2023
9672911,3,3,N,-,998,-,-,S,-,-,O,-,-,-,-,"- ",,,-,-,0,0,-,2008,-,F,25,,,,-,-,2023
9672915,1,4,Y,M,19,A,-,W,-,-,,-,3,-,-,"- ",,,N,-,0,1,B,,-,L,04,,W,,-,-,2024
9672915,2,1,N,M,56,A,-,N,M,G,Y,-,3,-,-,"- ",,,N,-,0,0,D,2016,-,F,76,,B,,-,-,2024
9690991,1,1,Y,F,49,A,-,W,M,G,Y,-,3,-,-,"- ",,,F,-,0,0,P,2018,-,-,,,A,-,-,-,2024
9690991,2,4,N,M,56,A,-,S,-,-,,-,3,-,-,"- ",,,N,-,0,1,B,,-,L,04,,W,,-,-,2024
9223704,1,1,Y,M,50,A,-,N,M,G,Y,-,3,-,-,"- ",,,N,-,0,0,G,2011,FORD,D,22,,W,,-,-,2021
9223704,2,4,N,F,38,A,-,E,-,-,,-,3,-,-,"- ",,,-,-,0,1,B,,-,L,04,,O,,-,-,2021
9691269,1,4,Y,M,24,H,H,W,-,-,,-,3,-,-,"- ",,,N,-,0,1,B,,-,L,04,,B,,-,-,2024
9691269,2,1,N,M,28,H,H,W,P,W,Y,-,3,-,-,"- ",,,N,-,0,0,B,2021,-,C,02,,H,,-,-,2024
9223884,1,4,Y,M,25,A,-,S,-,-,,-,3,-,-,"- ",,,N,-,0,1,B,,-,L,04,,H,,-,-,2021
9223884,2,1,N,-,998,G,G,W,-,-,N,-,-,-,-,"- ",,,N,-,0,0,D,,-,A,01,,,,-,-,2021
9223902,1,4,Y,M,26,A,-,E,-,-,O,-,3,-,-,"- ",,,N,-,0,1,B,,-,L,04,,O,,-,-,2021
9223902,2,1,N,F,65,A,-,S,M,G,Y,-,3,-,-,"- ",,,N,-,0,0,B,2005,-,A,01,,A,,-,-,2021
9699245,1,4,Y,M,50,-,-,N,-,-,,-,3,-,-,"- ",,,N,-,0,1,E,,-,L,04,,H,,-,-,2024
9699245,2,3,N,-,998,-,-,N,-,-,O,-,3,-,-,"- ",,,N,-,0,0,O,,-,D,22,,,,-,-,2024
9227527,1,4,Y,M,32,H,H,N,-,-,N,-,3,-,-,"- ",,,N,-,0,1,M,,-,L,04,,H,,-,-,2021
9227527,2,1,N,M,47,H,H,E,M,G,Y,-,3,-,-,"- ",,,N,-,0,0,B,2009,FORD,A,01,,O,,-,-,2021
9227550,1,1,Y,M,34,A,-,W,M,G,Y,-,3,-,-,"- ",,,N,-,0,0,E,2010,-,-,,,O,,-,-,2021
9227550,2,4,N,M,38,A,-,E,-,-,N,-,3,-,-,"- ",,,N,-,0,1,B,,-,L,04,,W,,-,-,2021
9227582,1,1,Y,M,55,A,-,W,N,E,Y,-,3,-,-,"- ",,,-,-,0,0,B,2019,-,A,08,,,,-,-,2021
9227582,2,4,N,-,998,A,-,W,-,-,,-,3,-,-,"- ",,,-,-,0,1,A,,-,L,04,,,,-,-,2021
9227594,1,1,Y,M,47,A,-,S,M,G,Y,-,3,-,-,"- ",,,N,-,0,0,F,2004,-,A,01,,O,,-,-,2021
9227594,2,4,N,M,65,-,-,N,-,-,,-,3,-,,39,21201,D,A,-,0,1,B,,-,L,04,,H,,-,-,2021
9227598,1,1,Y,-,998,G,G,N,-,-,N,-,3,-,,19,20001,A,A,-,0,0,E,,-,-,,,,,-,-,2021
9227598,2,4,N,M,32,A,-,W,-,-,N,-,3,-,-,"- ",,,-,-,0,1,B,,-,L,04,,W,,-,-,2021
9703829,1,1,Y,F,55,A,-,S,M,G,Y,-,3,-,-,"- ",,,N,-,0,0,B,2023,-,A,01,,A,,-,-,2024
9703829,2,4,N,M,35,A,-,E,-,-,,-,3,-,-,"- ",,,N,-,0,1,B,,-,L,04,,W,,-,-,2024
9703924,1,4,Y,M,14,A,-,E,-,-,,-,3,-,-,"- ",,,N,-,0,1,B,,-,L,04,,B,,-,-,2024
9703924,2,3,N,-,998,H,H,E,-,-,O,-,3,-,-,"- ",,,N,-,0,0,O,2014,-,-,,,,,-,-,2024
9228199,1,4,Y,M,13,A,-,E,-,-,,-,3,-,,27,21202,,A,-,0,1,B,,-,L,04,,O,,-,-,2021
9228199,2,1,N,F,77,A,-,S,M,G,Y,-,3,-,-,"- ",,,N,-,0,0,B,2013,-,A,01,,W,,-,-,2021
9228208,1,1,Y,-,998,G,G,S,B,-,,-,-,-,,19,20001,A,A,-,0,0,E,,-,-,,,,,-,-,2021
9228208,2,4,N,M,27,H,H,N,-,-,,-,-,-,-,"- ",,,-,-,0,1,B,,-,L,04,,W,,-,-,2021
9677030,1,1,Y,M,21,A,-,N,M,G,N,-,3,-,-,"- ",,,-,-,0,0,E,2023,-,A,01,,W,,-,-,2024
9677030,2,4,N,M,35,A,-,W,-,-,,-,3,-,-,"- ",,,-,-,0,1,B,,-,L,04,,H,,-,-,2024
9677046,1,4,Y,M,55,A,-,N,-,-,,-,-,-,-,"- ",,,J,N,0,1,B,,-,L,04,,W,,-,-,2024
9677053,1,1,Y,M,998,G,G,E,-,-,,-,3,-,,19,20001,A,A,-,0,0,B,,-,A,01,,A,,-,-,2024
9677053,2,4,N,F,18,A,-,N,-,-,,-,3,-,,27,21650,1,A,-,0,1,B,,-,L,04,,B,,-,-,2024
9677053,3,4,N,F,17,A,-,N,-,-,,-,3,-,,27,21650,1,A,-,0,1,B,,-,L,04,,B,,-,-,2024
9667354,1,2,Y,F,70,G,G,S,-,-,O,-,3,-,-,"- ",,,M,-,0,1,B,,-,N,60,,O,,-,-,2024
9667354,2,4,N,F,37,A,-,W,-,-,N,-,3,-,-,"- ",,,N,-,0,1,D,,-,L,04,,O,,-,-,2024
9252812,1,5,Y,-,998,A,-,-,-,-,O,-,3,-,-,"- ",,,N,-,0,0,R,,-,-,,,,,-,-,2021
9252812,2,4,N,M,53,A,-,N,-,-,,-,3,-,-,"- ",,,N,-,0,1,B,,-,L,04,,H,,-,-,2021
9252812,3,3,N,-,998,H,H,-,-,-,O,-,3,-,-,"- ",,,N,-,0,0,O,2020,-,A,01,,,,-,-,2021
9668468,1,1,N,M,51,A,-,W,M,G,Y,-,3,-,-,"- ",,,N,-,0,0,B,2018,-,A,01,,W,,-,-,2024
9668468,2,4,N,M,26,A,-,W,-,-,,-,3,-,-,"- ",,,N,-,0,1,E,,-,L,04,,A,,-,-,2024
9253098,1,4,Y,M,58,A,-,N,-,-,,-,3,-,-,"- ",,,N,-,0,1,J,,-,L,04,,H,,-,-,2021
9253098,2,1,N,M,28,A,-,N,M,H,Y,-,3,-,-,"- ",,,N,-,0,0,B,2009,-,A,01,,O,,-,-,2021
9253296,1,1,Y,M,53,A,-,W,M,G,Y,-,3,-,-,"- ",,,N,-,0,0,B,2018,FORD,-,,,W,,-,-,2021
9253296,2,4,N,F,10,A,-,N,-,-,,-,3,-,-,"- ",,,N,-,0,1,B,,-,L,04,,H,,-,-,2021
9256813,1,4,Y,M,15,A,-,S,-,-,,-,3,-,-,"- ",,,N,-,0,1,E,,-,L,04,,O,,-,-,2021
9256813,2,1,N,F,24,A,-,N,M,G,Y,-,3,-,-,"- ",,,N,-,0,0,B,2017,-,A,01,,O,,-,-,2021
9677109,1,4,Y,F,64,A,-,N,-,-,,-,3,-,-,"- ",,,N,-,0,1,B,,-,L,04,,W,,-,-,2024
9677109,2,1,N,M,998,G,G,E,M,G,Y,-,3,-,-,"- ",,,N,-,0,0,L,2010,-,A,01,,A,,-,-,2024
9262754,1,1,Y,M,22,A,-,N,M,G,Y,-,3,-,-,"- ",,,N,-,0,0,D,2008,-,A,01,,O,,-,-,2021
9262754,2,4,N,M,39,A,-,N,-,-,,-,3,-,-,"- ",,,N,-,0,1,B,,-,L,04,,O,,-,-,2021
9275062,1,4,N,F,31,A,-,N,-,-,,-,-,-,,31,22107,,A,-,0,1,H,,-,L,04,,H,,-,-,2021
9275062,2,1,N,M,54,A,-,N,M,G,Y,-,-,-,-,"- ",,,-,-,0,0,A,,-,-,,,H,,-,-,2021
9275171,1,1,Y,-,998,G,G,E,-,-,,-,-,-,-,"- ",,,-,-,0,0,B,2017,-,-,,,,,-,-,2021
9275171,2,4,N,-,998,A,-,W,-,-,,-,-,-,-,"- ",,,-,-,0,1,B,,-,L,04,,,,-,-,2021
9280815,1,4,Y,F,32,A,-,E,-,-,,-,3,-,-,"- ",,,N,-,0,1,B,,-,L,04,,W,,-,-,2021
9728931,1,1,Y,M,32,-,-,N,B,-,,-,-,-,-,"- ",,,-,-,0,0,B,2023,-,-,,,O,,-,-,2024
9728931,2,4,N,M,31,A,-,W,-,-,,-,3,-,-,"- ",,,N,-,0,1,B,,-,L,04,,A,,-,-,2024
9285647,1,4,Y,M,28,A,-,W,-,-,,-,3,-,-,"- ",,,N,-,0,1,A,,-,L,04,,H,,-,-,2021
9285647,2,1,N,F,31,A,-,N,M,G,Y,-,3,-,-,"- ",,,N,-,0,0,A,2020,-,A,01,,H,,-,-,2021
9285715,1,1,Y,M,75,A,-,N,M,G,Y,-,3,-,-,"- ",,,N,-,0,0,E,2016,-,A,01,,W,,-,-,2021
9285715,2,4,N,M,46,A,-,N,-,-,N,-,3,-,-,"- ",,,N,-,0,1,B,,-,L,04,,W,,-,-,2021
9293098,1,4,Y,F,68,A,-,S,-,-,N,-,3,-,-,"- ",,,N,-,0,1,B,,-,L,04,,O,,-,-,2021
9293098,2,1,N,M,60,A,-,E,M,G,Y,-,3,-,-,"- ",,,N,-,0,0,B,2015,-,-,,,A,,-,-,2021
9294286,1,4,Y,F,35,A,-,N,-,-,,-,3,-,-,"- ",,,N,-,0,1,B,,-,L,04,,B,,-,-,2021
9294286,2,1,N,-,998,G,G,N,-,-,,-,-,-,-,"- ",,,N,-,0,0,A,,-,A,01,,,,-,-,2021
9294567,1,4,N,M,44,A,-,S,-,-,N,-,3,-,-,"- ",,,N,-,0,1,B,,-,L,04,,B,,-,-,2021
9294567,2,1,N,M,55,A,-,S,M,-,Y,-,3,-,-,"- ",,,N,-,0,0,D,2018,-,A,01,,A,,-,-,2021
9295682,1,1,Y,M,71,A,-,W,M,G,Y,-,3,-,-,"- ",,,N,-,0,0,E,2021,-,A,07,,W,,-,-,2021
9295682,2,4,N,M,42,A,-,S,-,-,,-,3,-,-,"- ",,,N,-,0,1,B,,-,L,04,,O,,-,-,2021
91559388,1,4,Y,F,58,A,-,N,-,W,O,-,3,-,-,"- ",,,N,-,0,1,B,2017,RALEIGH,L,04,,W,,-,-,2021
9308183,1,4,Y,M,27,A,-,W,-,-,,-,3,-,-,"- ",,,N,-,0,1,I,,-,L,04,,W,,-,-,2021
9308183,2,1,N,F,76,A,-,W,M,G,N,-,3,-,-,"- ",,,N,-,0,0,I,2007,-,-,,,W,,-,-,2021
91573712,1,4,Y,M,62,A,-,W,-,P,O,-,3,-,-,"- ",,,N,-,0,1,B,2020,CANYON,L,04,,W,,-,-,2021
91573712,2,1,N,M,50,A,-,S,M,G,Y,-,3,-,-,"- ",,,N,-,0,0,B,2019,FORD,D,22,,H,,-,-,2021
92097750,1,4,Y,M,12,A,-,N,-,W,O,-,3,-,-,"- ",,,M,-,0,0,M,,TREX,L,04,,B,,-,-,2023
92097750,2,4,N,F,54,A,-,S,-,W,O,-,3,-,-,"- ",,,N,-,0,1,B,,"SALSA CYCLES",L,04,,A,,-,-,2023
9313265,1,1,Y,M,60,C,-,W,M,G,N,-,3,-,-,"- ",,,N,-,0,0,D,2008,FORD,A,07,,W,,-,-,2021
9313265,2,4,N,M,29,C,-,W,-,-,O,-,3,-,-,"- ",,,N,-,0,1,B,,-,L,04,,A,,-,-,2021
9314632,1,4,Y,F,37,H,H,N,-,-,,-,3,-,-,"- ",,,N,-,0,1,B,,-,L,04,,W,,-,-,2021
9314632,2,3,N,-,998,H,H,N,-,-,O,-,3,-,-,"- ",,,N,-,0,0,O,2021,-,A,01,,,,-,-,2021
9314685,1,1,Y,M,57,B,-,N,M,B,N,-,3,-,,21,21209,A,A,-,0,0,B,2008,-,A,07,,W,,-,-,2021
9314685,2,4,N,M,72,A,-,N,-,-,N,-,3,-,-,"- ",,,-,-,0,1,B,,-,L,04,,W,,-,-,2021
9314687,1,4,Y,F,27,A,-,N,-,-,,-,3,-,-,"- ",,,N,-,0,1,B,,-,L,04,,H,,-,-,2021
9314687,2,1,N,M,47,A,-,E,M,-,Y,-,3,-,-,"- ",,,N,-,0,0,D,2017,-,A,01,,H,,-,-,2021
9316655,1,4,Y,M,23,A,-,W,-,-,,-,3,-,-,"- ",,,E,-,0,1,L,,-,L,04,,W,,-,-,2021
9316655,2,1,N,M,23,A,-,N,M,G,Y,-,3,-,-,"- ",,,N,-,0,0,B,2017,-,A,01,,O,,-,-,2021
92138708,1,4,Y,-,998,G,G,S,-,W,O,-,4,-,-,"- ",,,N,-,0,0,B,,UNKNOWN,M,91,,,,-,-,2023
92138708,2,4,N,F,12,A,-,N,-,W,O,-,3,-,-,"- ",,,N,-,0,1,B,,-,L,04,,W,,-,-,2023
9341117,1,1,N,M,998,G,G,W,B,-,,-,3,-,-,"- ",,,N,-,0,0,D,2021,-,A,01,,W,,-,-,2021
9341117,2,4,N,M,29,G,G,E,-,-,,-,3,-,-,"- ",,,N,-,0,1,B,,-,L,04,,W,,-,-,2021
9341998,1,2,Y,F,39,A,-,W,-,-,O,-,-,-,-,"- ",,,N,-,0,1,R,,-,N,60,,A,,-,-,2021
9341998,2,4,N,M,47,A,-,S,-,-,,-,-,-,-,"- ",,,N,-,0,1,B,,-,L,04,,W,,-,-,2021
9343122,1,1,N,M,58,A,-,S,M,G,Y,-,3,-,-,"- ",,,G,-,0,1,D,2011,JEEP,A,01,,W,,-,-,2021
9343122,2,4,N,M,33,A,-,S,-,-,O,-,3,-,-,"- ",,,-,-,0,1,B,,-,L,04,,O,,-,-,2021
9343313,1,4,N,M,55,G,G,S,-,-,O,-,3,-,-,"- ",,,N,-,0,1,B,,-,L,04,,B,,-,-,2021
9343327,1,4,Y,M,56,A,-,N,-,-,O,-,-,-,-,"- ",,,N,-,0,1,B,,-,L,04,,H,,-,-,2021
9343327,2,1,N,M,42,A,-,E,M,C,Y,-,-,-,-,"- ",,,H,-,0,0,D,2009,-,A,01,,O,,-,-,2021
9343992,1,1,Y,M,34,A,-,N,M,G,Y,-,3,-,-,"- ",,,N,-,0,0,E,2012,-,A,01,,W,,-,-,2021
9343992,2,4,N,M,41,A,-,S,-,-,,-,3,-,-,"- ",,,N,-,0,1,B,,-,L,04,,H,,-,-,2021
9345603,1,4,Y,M,30,A,-,N,-,-,N,-,3,-,-,"- ",,,N,-,0,0,I,,-,L,04,,W,,-,-,2021
9345603,2,1,N,M,22,A,-,N,M,E,Y,-,3,-,-,"- ",,,N,-,0,1,B,2021,-,A,01,,H,,-,-,2021
9348900,1,4,Y,M,46,B,-,E,-,-,,-,2,-,-,"- ",,,A,N,0,1,E,,-,L,04,,O,,-,-,2022
9348900,2,3,N,-,998,H,H,E,-,-,O,-,-,-,-,"- ",,,N,-,0,0,O,2014,-,A,01,,,,-,-,2022
9348914,1,1,Y,-,998,H,H,S,-,-,,-,-,-,-,"- ",,,-,-,0,0,B,,-,A,01,,,,-,-,2022
9348914,2,4,N,M,42,A,-,E,-,-,N,-,3,-,-,"- ",,,-,-,0,1,B,,-,L,04,,W,,-,-,2022
9348922,1,4,N,M,44,A,-,N,-,-,,-,3,-,-,"- ",,,N,-,0,1,B,,-,L,04,,W,,-,-,2022
9348937,1,4,Y,M,49,G,G,N,-,-,,-,3,-,-,"- ",,,M,-,0,1,B,,-,L,04,,H,,-,-,2022
9349609,1,1,Y,X,998,G,G,N,-,-,,-,-,-,-,"- ",,,-,-,0,0,B,,-,A,07,,,,-,-,2021
9349609,2,4,N,F,46,A,-,N,-,-,,-,3,-,-,"- ",,,N,-,0,1,B,,-,L,04,,W,,-,-,2021
9350356,1,1,Y,-,998,G,G,-,-,-,,-,-,-,-,"- ",,,H,-,0,0,D,2018,-,A,01,,,,-,-,2021
9350356,2,4,N,M,44,A,-,W,-,-,O,-,-,-,-,"- ",,,-,-,0,1,B,,-,L,04,,W,,-,-,2021
9361165,1,1,Y,M,25,A,-,N,M,C,Y,-,3,-,-,"- ",,,N,-,0,0,L,2013,-,D,22,,H,,-,-,2021
9361165,2,4,N,M,52,A,-,N,-,-,,-,3,-,-,"- ",,,N,-,0,1,B,,-,L,04,,H,,-,-,2021
9362551,1,4,Y,M,13,A,-,E,-,-,N,-,3,-,-,"- ",,,N,-,0,1,B,,-,L,04,,H,,-,-,2021
9362551,2,1,N,M,998,G,G,S,-,-,,-,3,-,-,"- ",,,N,-,0,0,B,,-,A,01,,W,,-,-,2021
9362552,1,1,Y,-,998,G,G,E,-,-,,-,3,-,-,"- ",,,N,-,0,0,B,,-,A,01,,,,-,-,2021
9362552,2,4,N,M,55,A,-,S,-,-,N,-,3,-,-,"- ",,,N,-,0,1,B,,-,L,04,,H,,-,-,2021
9362557,1,4,Y,F,35,A,-,E,-,-,N,-,-,-,-,"- ",,,N,-,0,1,M,,-,L,04,,B,,-,-,2021
9362832,1,1,Y,M,61,A,-,W,M,G,Y,-,3,-,-,"- ",,,G,-,0,0,E,2014,-,-,,,A,,-,-,2021
9362832,2,4,N,M,41,A,-,E,-,-,,-,3,-,-,"- ",,,N,-,0,1,B,,-,L,04,,W,,-,-,2021
9223840,1,1,Y,M,57,A,-,W,M,G,Y,-,3,-,-,"- ",,,N,-,0,0,E,2020,-,A,01,,A,,-,-,2021
9223840,2,4,N,M,38,A,-,S,-,-,,-,3,-,-,"- ",,,N,-,0,1,B,,-,L,04,,,,-,-,2021
9363615,1,1,N,M,45,H,H,N,M,C,Y,-,3,-,-,"- ",,,N,-,0,0,B,2012,-,A,01,,A,,-,-,2021
9363615,2,4,N,M,29,H,H,N,-,-,,-,3,-,-,"- ",,,N,-,0,1,B,,-,L,04,,W,,-,-,2021
9223941,1,1,Y,M,37,A,-,N,M,G,Y,-,3,-,-,"- ",,,N,-,0,0,D,2007,-,A,01,,A,,-,-,2021
9223941,2,4,N,M,37,A,-,W,-,-,,-,3,-,-,"- ",,,N,-,0,1,B,,-,L,04,,H,,-,-,2021
9365916,1,4,Y,M,30,H,H,N,-,-,,-,3,-,-,"- ",,,N,-,0,1,E,,-,L,04,,H,,-,-,2021
9365916,2,1,N,M,51,H,H,E,M,G,Y,-,3,-,-,"- ",,,N,-,0,0,B,2011,-,A,01,,O,,-,-,2021
9228165,1,4,Y,M,38,A,-,E,-,-,N,-,3,-,-,"- ",,,N,-,0,1,B,,-,L,04,,W,,-,-,2021
9228165,2,1,N,M,31,A,-,S,M,G,,-,3,-,-,"- ",,,N,-,0,0,B,2011,AUDI,A,01,,W,,-,-,2021
9372368,1,4,Y,M,40,C,-,E,P,V,,-,3,-,-,"- ",,,N,-,0,1,B,,-,L,04,,W,,-,-,2021
9372368,2,1,N,M,56,C,-,N,M,G,Y,-,3,-,-,"- ",,,N,-,0,0,B,2016,AUDI,A,01,,W,,-,-,2021
9375691,1,1,Y,M,998,G,G,N,-,-,,-,3,-,,19,20001,A,A,-,0,0,B,2013,-,A,01,,,,-,-,2021
9375691,2,4,N,M,46,C,-,E,-,-,,-,3,-,-,"- ",,,N,-,0,1,B,,-,L,04,,W,,-,-,2021
9375721,1,4,Y,F,41,G,G,E,-,-,N,-,3,-,,25,22350,,A,N,0,1,B,,-,L,04,,W,,-,-,2021
9375735,1,1,N,-,998,-,-,-,-,-,,-,-,-,-,"- ",,,-,-,0,0,-,,-,-,,,,,-,-,2021
9375735,2,4,N,M,40,D,-,S,-,-,,-,-,-,-,"- ",,,-,-,0,1,B,,-,L,04,,W,,-,-,2021
9375752,1,4,N,M,32,A,-,W,-,-,,-,3,-,-,"- ",,,-,-,0,1,E,,-,L,04,,B,,-,-,2021
9375752,2,1,N,M,33,A,-,S,M,G,Y,-,3,-,-,"- ",,,-,-,0,0,B,2013,-,A,01,,A,,-,-,2021
9376231,1,1,Y,-,998,C,-,E,-,-,,-,-,-,-,"- ",,,N,-,0,0,O,,-,-,,,,,-,-,2021
9376231,2,4,N,F,27,C,-,E,-,-,,-,-,-,-,"- ",,,N,-,0,1,B,,-,L,04,,H,,-,-,2021
9376247,1,4,Y,M,39,A,-,E,-,-,,-,-,-,-,"- ",,,-,-,0,1,B,,-,L,04,,A,,-,-,2021
9376247,2,1,N,M,40,A,-,S,M,G,Y,-,3,-,,25,22350,,A,E,0,0,D,2005,-,C,06,,A,,-,-,2021
9228167,1,4,Y,M,29,A,-,N,-,-,N,-,-,-,-,"- ",,,-,-,0,1,L,,-,L,04,,H,,-,-,2021
9228167,2,1,N,M,47,A,-,E,M,C,Y,-,3,-,-,"- ",,,G,-,0,0,-,1997,-,A,01,,H,,-,-,2021
9382259,1,4,Y,M,65,H,H,N,-,-,N,-,1,-,-,"- ",,,N,-,0,1,B,,-,L,04,,O,,-,-,2021
9382259,2,3,N,-,998,H,H,-,-,-,O,-,3,-,-,"- ",,,N,-,0,0,O,2021,-,A,01,,,,-,-,2021
9382392,1,4,Y,M,54,A,-,W,-,-,N,-,3,-,-,"- ",,,N,-,0,1,B,,-,L,04,,H,,-,-,2021
9382392,2,1,N,F,48,A,-,N,M,E,Y,-,3,-,-,"- ",,,N,-,0,0,L,2021,-,A,07,,A,,-,-,2021
9705235,1,1,Y,F,50,A,-,N,M,B,Y,-,3,-,-,"- ",,,N,-,0,0,E,2020,-,A,01,,A,,-,-,2024
9705235,2,4,N,M,35,A,-,S,-,-,,-,3,-,-,"- ",,,N,-,0,1,B,,-,L,04,,W,,-,-,2024
9239166,1,4,Y,M,51,A,-,S,-,-,,-,3,-,-,"- ",,,E,-,0,1,B,,-,L,04,,W,,-,-,2021
9239166,2,1,N,F,44,A,-,E,M,G,Y,-,3,-,-,"- ",,,N,-,0,0,-,2014,-,A,07,,W,,-,-,2021
9391953,1,4,Y,M,60,A,-,N,-,-,N,-,3,-,,25,22350,,A,N,0,1,B,,-,L,04,,W,,-,-,2021
9391953,2,1,N,M,30,A,-,W,M,C,Y,-,3,-,-,"- ",,,N,-,0,0,B,1996,-,-,,,H,,-,-,2021
9391954,1,1,Y,M,58,A,-,N,M,G,Y,-,3,-,-,"- ",,,N,-,0,0,E,2005,HONDA,A,01,,B,,-,-,2021
9391954,2,4,N,M,29,A,-,S,-,-,,-,3,-,-,"- ",,,N,-,0,1,B,,-,L,04,,W,,-,-,2021
9391997,1,4,Y,M,42,G,G,S,-,-,N,-,-,-,,23,21453,A,A,-,0,1,B,,-,L,04,,B,,-,-,2021
9396436,1,1,Y,M,75,A,-,S,M,G,Y,-,3,-,-,"- ",,,N,-,0,0,E,2015,-,A,01,,W,,-,-,2022
9396436,2,4,N,M,30,A,-,N,-,-,,-,3,-,-,"- ",,,N,-,0,1,B,,-,L,04,,W,,-,-,2022
9396444,1,1,Y,-,998,G,G,E,B,-,,-,3,-,-,"- ",,,N,-,0,0,D,,-,A,01,,,,-,-,2022
9396444,2,4,N,M,44,A,-,E,-,-,,-,3,-,-,"- ",,,N,-,0,1,B,,-,L,04,,O,,-,-,2022
9396472,1,1,Y,M,22,-,I,N,P,G,Y,-,-,-,-,"- ",,,N,-,0,0,E,2016,-,A,01,,H,,-,-,2022
9396472,2,4,N,M,24,G,G,W,-,-,,-,-,-,-,"- ",,,N,-,0,1,B,,-,L,04,,A,,-,-,2022
9705240,1,1,Y,M,62,A,-,S,M,G,E,-,-,-,-,"- ",,,N,-,0,0,D,2018,FORD,-,,,A,,-,-,2024
9705240,2,4,N,M,50,A,-,S,-,-,,-,-,-,-,"- ",,,N,-,0,1,B,,-,L,04,,A,,-,-,2024
9400646,1,4,N,M,43,A,-,W,-,-,N,-,3,-,-,"- ",,,N,-,0,1,B,,-,L,04,,W,,-,-,2022
9400660,1,1,Y,F,998,G,G,W,B,-,,-,3,-,-,"- ",,,N,-,0,0,F,,-,A,01,,B,,-,-,2022
9400660,2,4,N,M,61,A,-,E,-,-,,-,3,-,-,"- ",,,N,-,0,1,B,,-,L,04,,B,,-,-,2022
9403539,1,4,Y,M,43,C,-,N,-,-,,-,3,-,-,"- ",,,N,-,0,1,B,,-,L,04,,W,,-,-,2022
9403539,2,1,N,F,28,C,-,W,M,E,Y,-,-,-,-,"- ",,,N,-,0,0,B,2020,FORD,A,01,,H,,-,-,2022
9403922,1,1,Y,M,33,A,-,W,M,G,Y,-,3,-,-,"- ",,,N,-,0,0,B,2021,-,A,07,,B,,-,-,2022
9403922,2,4,N,M,44,A,-,W,-,-,,-,3,-,-,"- ",,,N,-,0,1,B,,-,L,04,,W,,-,-,2022
9403927,1,4,Y,M,998,G,G,W,-,-,,-,-,-,-,"- ",,,N,-,0,0,B,,-,L,04,,H,,-,-,2022
9403927,2,2,N,F,81,A,-,E,-,-,O,-,3,-,-,"- ",,,N,-,0,1,B,,-,N,60,,A,,-,-,2022
9405079,1,1,N,M,54,A,-,N,M,G,Y,-,3,-,-,"- ",,,N,-,0,0,D,2019,-,A,01,,A,,-,-,2022
9405079,2,4,N,M,23,A,-,N,-,-,N,-,3,-,-,"- ",,,N,-,0,1,B,,-,L,04,,O,,-,-,2022
9405084,1,1,Y,M,30,A,-,S,M,E,Y,-,3,-,-,"- ",,,N,-,0,0,D,2014,-,A,01,,W,,-,-,2021
9405084,2,4,N,M,31,A,-,S,-,-,,-,3,-,-,"- ",,,N,-,0,1,B,,-,L,04,,O,,-,-,2021
9406523,1,1,Y,M,38,A,-,E,M,G,Y,-,-,-,,47,12500,A,A,-,0,0,E,2016,FORD,D,22,,H,,-,-,2022
9406523,2,4,N,F,29,A,-,N,-,-,N,-,-,-,-,"- ",,,N,-,0,1,B,,-,L,04,,W,,-,-,2022
9409608,1,4,N,M,25,A,-,S,-,-,N,-,3,-,-,"- ",,,N,-,0,1,B,,-,L,04,,H,,-,-,2022
9409608,2,1,N,M,69,A,-,S,M,G,Y,-,3,-,-,"- ",,,N,-,0,0,K,1994,-,D,22,,W,,-,-,2022
9410008,1,1,Y,F,45,A,-,S,M,G,Y,-,3,-,-,"- ",,,N,-,0,0,E,2012,-,A,01,,A,,-,-,2022
9410008,2,4,N,F,30,A,-,E,-,-,,-,3,-,-,"- ",,,N,-,0,1,B,,-,L,04,,W,,-,-,2022
9410022,1,1,Y,M,29,C,-,E,M,G,Y,-,3,-,-,"- ",,,N,-,0,0,F,2018,-,-,,,H,,-,-,2022
9410022,2,4,N,M,51,C,-,N,-,-,,-,3,-,-,"- ",,,N,-,0,1,B,,-,L,04,,B,,-,-,2022
9410090,1,4,Y,M,36,A,-,W,-,-,,-,-,-,-,"- ",,,M,-,0,1,J,,-,L,04,,W,,-,-,2022
9410090,2,1,N,M,31,A,-,W,B,G,Y,-,-,-,-,"- ",,,-,-,0,0,B,2017,-,A,01,,B,,-,-,2022
9425268,1,4,Y,M,46,A,-,E,-,-,,-,3,-,-,"- ",,,N,-,0,1,Q,,-,L,04,,B,,-,-,2022
9425268,2,1,N,M,26,A,-,W,M,G,Y,-,3,-,-,"- ",,,N,-,0,0,B,2017,-,A,01,,B,,-,-,2022
9425279,1,1,Y,M,25,A,-,N,M,G,Y,-,3,-,-,"- ",,,N,-,0,0,E,2011,-,A,07,,H,,-,-,2022
9425279,2,4,N,F,35,A,-,E,-,-,N,-,3,-,-,"- ",,,N,-,0,1,B,,-,L,04,,H,,-,-,2022
9428703,1,4,Y,M,23,C,-,S,-,-,,-,3,-,-,"- ",,,N,-,0,1,B,,-,L,04,,H,,-,-,2022
9428703,2,1,N,M,56,C,-,W,M,G,Y,-,3,-,-,"- ",,,N,-,0,0,B,2015,-,A,01,,A,,-,-,2022
9434244,1,4,Y,M,29,A,-,N,-,-,,-,3,-,-,"- ",,,N,-,0,1,Q,,-,L,04,,W,,-,-,2022
9434244,2,1,N,M,56,A,-,S,M,G,Y,-,3,-,-,"- ",,,N,-,0,0,B,2006,-,A,08,,W,,-,-,2022
9434291,1,4,Y,M,61,A,-,E,-,-,,-,3,-,-,"- ",,,N,-,0,1,B,,-,L,04,,A,,-,-,2022
9437220,1,2,Y,M,32,A,-,E,-,-,O,-,-,-,-,"- ",,,-,-,0,1,B,,-,N,60,,H,,-,-,2022
9437220,2,2,N,F,46,B,-,E,-,-,O,-,-,-,-,"- ",,,-,-,0,1,B,,-,N,60,,H,,-,-,2022
9437220,3,4,N,M,47,B,-,S,-,-,,-,-,-,-,"- ",,,-,-,0,0,B,,-,L,04,,W,,-,-,2022
9437550,1,4,Y,M,33,A,-,N,-,-,,-,3,-,-,"- ",,,N,-,0,1,Q,,-,L,04,,W,,-,-,2022
9437550,2,1,N,M,32,A,-,S,M,G,,-,3,-,-,"- ",,,N,-,0,0,B,2017,-,A,01,,A,,-,-,2022
9441313,1,4,Y,M,26,A,-,S,-,-,N,-,3,-,-,"- ",,,N,-,0,1,B,,-,L,04,,W,,-,-,2022
9443769,1,1,Y,M,58,A,-,S,M,G,Y,-,3,-,-,"- ",,,N,-,0,0,D,2019,FORD,A,01,,W,,-,-,2021
9443769,2,4,N,F,27,A,-,S,-,-,,-,3,-,-,"- ",,,N,-,0,1,B,,-,L,04,,A,,-,-,2021
9443985,1,4,Y,M,51,A,-,S,-,-,,-,3,-,-,"- ",,,N,-,0,1,B,,-,L,04,,W,,-,-,2022
9443985,2,1,N,M,26,A,-,S,M,G,Y,-,3,-,-,"- ",,,N,-,0,0,H,2022,-,A,01,,H,,-,-,2022
9453965,1,4,Y,M,18,G,G,N,-,-,N,-,-,-,-,"- ",,,N,-,0,1,Q,,-,L,04,,H,,-,-,2022
9453965,2,1,N,M,21,A,-,S,M,G,Y,-,3,-,-,"- ",,,N,-,0,0,B,2000,-,A,01,,H,,-,-,2022
9454060,1,1,Y,F,26,D,-,N,B,-,N,-,-,-,,19,20001,A,A,-,0,0,B,2000,-,A,07,,B,,-,-,2022
9454060,2,4,N,M,26,D,-,E,-,-,,-,3,-,-,"- ",,,-,-,0,1,R,,-,L,04,,B,,-,-,2022
9454164,1,1,Y,M,998,A,-,N,M,G,Y,-,3,-,-,"- ",,,N,-,0,0,A,2017,-,A,01,,,,-,-,2022
9454164,2,4,N,M,50,A,-,W,-,-,,-,3,-,-,"- ",,,N,-,0,1,B,,-,L,04,,A,,-,-,2022
9705248,1,1,Y,F,61,H,H,N,M,B,Y,-,3,-,-,"- ",,,N,-,0,0,O,2017,-,A,01,,A,,-,-,2024
9705248,2,4,N,M,28,H,H,N,-,-,,-,3,-,-,"- ",,,N,-,0,1,B,,-,L,04,,W,,-,-,2024
9460100,1,1,Y,M,47,A,-,W,M,G,Y,-,3,-,-,"- ",,,N,-,0,0,F,2018,-,A,07,,W,,-,-,2022
9460100,2,4,N,M,39,A,-,W,-,-,,-,3,-,-,"- ",,,N,-,0,1,B,,-,L,04,,W,,-,-,2022
9468619,1,4,Y,M,25,A,-,W,-,-,,-,3,-,-,"- ",,,N,-,0,1,B,,-,L,04,,O,,-,-,2023
9468619,2,1,N,F,33,A,-,N,M,G,Y,-,3,-,-,"- ",,,N,-,0,1,B,2015,-,A,01,,B,,-,-,2023
9468625,1,4,Y,M,30,A,-,N,-,-,,-,3,-,-,"- ",,,N,-,0,1,E,,-,L,04,,O,,-,-,2023
9468665,1,1,Y,M,35,A,-,W,M,B,Y,-,-,-,-,"- ",,,N,-,0,0,F,2012,FORD,A,01,,W,,-,-,2023
9468665,2,4,N,M,26,A,-,S,-,-,N,-,-,-,-,"- ",,,N,-,0,1,B,,-,L,04,,W,,-,-,2023
9468692,1,1,Y,M,65,A,-,E,M,G,Y,-,3,-,-,"- ",,,N,-,0,0,D,2013,-,A,01,,A,,-,-,2023
9468692,2,4,N,M,33,A,-,E,-,-,,-,3,-,-,"- ",,,N,-,0,1,B,,-,L,04,,W,,-,-,2023
9468704,1,4,Y,M,35,H,H,E,-,-,,-,3,-,-,"- ",,,N,-,0,1,B,,-,L,04,,H,,-,-,2023
9468704,2,1,N,M,68,H,H,S,M,E,Y,-,3,-,-,"- ",,,N,-,0,0,D,2021,-,A,01,,A,,-,-,2023
9468748,1,1,Y,M,33,A,-,E,M,G,Y,-,3,-,-,"- ",,,O,-,0,0,B,2022,-,A,01,,A,,-,-,2023
9468748,2,4,N,M,44,A,-,E,-,-,,-,3,-,-,"- ",,,O,-,0,1,B,,-,L,04,,W,,-,-,2023
9468793,1,4,Y,M,32,A,-,S,-,-,,-,-,-,-,"- ",,,N,-,0,0,B,,-,L,04,,A,,-,-,2023
9468793,2,4,N,M,25,A,-,E,-,-,,-,-,-,-,"- ",,,N,-,0,1,B,,-,L,04,,W,,-,-,2023
9468804,1,4,Y,F,25,G,G,W,-,-,,-,-,-,-,"- ",,,-,-,0,1,B,,-,L,04,,B,,-,-,2023
9468804,2,1,N,M,998,A,-,N,-,-,,-,3,-,,19,20001,A,A,-,0,0,B,,-,C,03,,W,,-,-,2023
9705250,1,3,N,-,998,A,-,-,-,-,O,-,-,-,-,"- ",,,N,-,0,0,O,,-,A,08,,,,-,-,2024
9705250,2,4,N,M,48,A,-,S,-,-,,-,-,-,-,"- ",,,N,-,0,1,B,,-,L,04,,W,,-,-,2024
9469452,1,4,N,M,31,A,-,E,-,-,N,-,3,-,-,"- ",,,N,-,0,1,B,,-,L,04,,O,,-,-,2023
9469452,2,1,N,M,43,G,G,E,M,B,Y,-,3,-,-,"- ",,,N,-,0,0,A,2015,-,A,01,,A,,-,-,2023
9481491,1,1,Y,-,998,G,G,S,-,-,,-,-,-,,24,22450,,A,-,0,0,E,2007,-,A,01,,,,-,-,2022
9481491,2,4,N,M,42,A,-,N,-,-,,-,3,-,-,"- ",,,N,-,0,1,H,,-,L,04,,B,,-,-,2022
9483543,1,1,Y,-,998,C,-,N,-,-,N,-,3,-,-,"- ",,,-,-,0,0,B,,-,A,07,,,,-,-,2022
9483543,2,4,N,M,31,-,-,N,-,-,,-,3,-,-,"- ",,,-,-,0,1,B,,-,L,04,,B,,-,-,2022
9488618,1,4,N,M,80,A,-,W,P,W,N,-,3,-,-,"- ",,,N,-,0,1,B,,-,L,04,,W,,-,-,2022
9503062,1,4,N,M,30,H,H,E,-,-,,-,-,-,-,"- ",,,N,-,0,1,B,,-,L,04,,A,,-,-,2022
9503116,1,1,Y,M,33,A,-,N,M,G,Y,-,3,-,-,"- ",,,N,-,0,0,I,2011,-,A,01,,A,,-,-,2022
9503116,2,4,N,M,25,A,-,N,-,-,,-,3,-,-,"- ",,,N,-,0,1,B,,-,L,04,,A,,-,-,2022
9503119,1,1,Y,M,61,A,-,E,M,C,Y,-,3,-,-,"- ",,,N,-,0,0,F,2019,-,A,01,,W,,-,-,2022
9503119,2,4,N,M,22,A,-,S,-,-,,-,3,-,-,"- ",,,N,-,0,1,B,,-,L,04,,O,,-,-,2022
9503226,1,4,Y,M,41,H,H,S,-,-,,-,3,-,-,"- ",,,N,-,0,1,B,,-,L,04,,H,,-,-,2022
9503226,2,1,N,M,46,H,H,W,M,G,N,-,3,-,-,"- ",,,N,-,0,0,E,2004,-,A,01,,B,,-,-,2022
9503229,1,4,N,M,49,A,-,E,-,-,,-,3,-,,39,21201,D,A,-,0,1,R,,-,L,04,,W,,-,-,2022
9503229,2,1,N,M,33,A,-,N,M,G,Y,-,3,-,,00,21450,A,A,-,0,0,B,2006,-,A,01,,W,,-,-,2022
9505217,1,1,Y,M,23,A,-,N,M,G,Y,-,3,-,-,"- ",,,N,-,0,0,E,2013,-,A,01,,H,,-,-,2022
9505217,2,4,N,F,55,A,-,S,-,-,,-,3,-,-,"- ",,,N,-,0,1,B,,-,L,04,,H,,-,-,2022
9505607,1,4,Y,M,37,A,-,S,-,-,N,-,3,-,-,"- ",,,N,-,0,1,B,,-,L,04,,W,,-,-,2022
9505607,2,1,N,M,25,A,-,W,M,G,Y,-,3,-,-,"- ",,,N,-,0,0,B,2021,-,D,22,,W,,-,-,2022
9506074,1,4,Y,-,998,G,G,N,-,-,N,-,3,-,,19,20001,A,A,-,0,0,B,,-,L,04,,,,-,-,2022
9506074,2,4,N,F,24,A,-,W,-,-,,-,3,-,-,"- ",,,-,-,0,1,B,,-,L,04,,W,,-,-,2022
9506355,1,2,Y,F,40,A,-,E,-,-,O,-,-,-,-,"- ",,,-,-,0,1,B,,-,N,60,,H,,-,-,2022
9506355,2,4,N,M,44,A,-,S,-,-,,-,1,-,-,"- ",,,-,-,0,1,Q,,-,L,04,,B,,-,-,2022
9506482,1,4,Y,M,57,A,-,E,-,-,,-,3,-,-,"- ",,,N,-,0,1,B,,-,L,04,,B,,-,-,2022
9506482,2,1,N,F,31,A,-,S,M,E,Y,-,3,-,-,"- ",,,N,-,0,0,B,2016,AUDI,A,01,,B,,-,-,2022
9506500,1,1,Y,F,25,A,-,S,M,G,Y,-,3,-,-,"- ",,,N,-,0,0,E,2013,-,A,01,,W,,-,-,2022
9506500,2,4,N,M,27,A,-,E,-,-,,-,3,-,-,"- ",,,N,-,0,1,B,,-,L,04,,W,,-,-,2022
9506537,1,4,Y,F,30,G,G,N,-,-,O,-,3,-,,27,21650,1,A,-,0,1,E,,-,L,04,,W,,-,-,2022
9506537,2,1,N,M,46,A,-,S,M,G,Y,-,3,-,-,"- ",,,N,-,0,0,A,2019,-,A,07,,B,,-,-,2022
9506577,1,4,Y,M,17,A,-,W,-,-,,-,3,-,,27,21202,A,A,-,0,1,B,,-,L,04,,B,,-,-,2022
9506577,2,1,N,M,70,A,-,N,M,G,Y,-,3,-,-,"- ",,,N,-,0,0,D,2012,-,-,,,W,,-,-,2022
9506584,1,4,Y,M,43,H,H,W,-,-,,-,3,-,-,"- ",,,-,-,0,1,B,,-,L,04,,A,,-,-,2022
9506584,2,1,N,-,53,H,H,S,M,G,Y,-,3,-,-,"- ",,,-,-,0,0,B,2018,-,A,01,,A,,-,-,2022
9506588,1,4,Y,M,64,G,G,N,-,-,N,-,-,-,-,"- ",,,-,-,0,1,B,,-,L,04,,B,,-,-,2022
9506588,2,1,N,M,26,A,-,E,M,G,N,-,3,-,,47,16028,C,A,-,0,0,E,2017,-,A,01,,B,,-,-,2022
9506625,1,4,Y,M,44,A,-,E,-,-,N,-,3,-,,27,21650,,A,N,0,1,B,,-,L,04,,W,,-,-,2022
9506625,2,1,N,M,49,A,-,N,M,C,Y,-,3,-,-,"- ",,,N,-,0,0,B,2014,JEEP,A,01,,W,,-,-,2022
9509954,1,4,Y,M,27,A,-,S,-,-,,-,3,-,-,"- ",,,N,-,0,0,B,,-,L,04,,O,,-,-,2022
9509954,2,2,N,M,15,A,-,E,-,-,O,-,3,-,-,"- ",,,N,-,0,1,B,,-,N,60,,A,,-,-,2022
9509965,1,4,Y,M,31,A,-,N,-,-,,-,3,-,-,"- ",,,-,-,0,1,L,,-,L,04,,W,,-,-,2022
9509965,2,1,N,F,70,A,-,N,M,-,Y,-,3,-,-,"- ",,,-,-,0,0,B,2010,FORD,A,01,,A,,-,-,2022
9509988,1,1,Y,-,998,G,G,W,B,-,,-,-,-,-,"- ",,,-,-,0,0,F,,-,A,01,,,,-,-,2022
9509988,2,4,N,M,56,A,-,W,-,-,,-,-,-,-,"- ",,,N,-,0,1,B,,-,L,04,,W,,-,-,2022
9510067,1,1,Y,M,42,A,-,W,M,G,Y,-,3,-,-,"- ",,,N,-,0,0,E,2022,-,A,01,,W,,-,-,2022
9510067,2,4,N,M,49,A,-,S,-,-,,-,3,-,-,"- ",,,N,-,0,1,B,,-,L,04,,W,,-,-,2022
9522338,1,4,Y,F,46,A,-,W,-,-,O,-,-,-,,44,21657,,A,J,0,1,E,,-,L,04,,H,,-,-,2022
9522394,1,1,Y,M,998,G,G,N,B,-,N,-,-,-,-,"- ",,,N,-,0,0,J,,-,A,07,,W,,-,-,2022
9522394,2,4,N,M,50,A,-,N,-,-,,-,3,-,-,"- ",,,N,-,0,1,B,,-,L,04,,W,,-,-,2022
9522567,1,4,Y,M,28,G,G,N,-,-,,-,-,-,-,"- ",,,N,-,0,1,B,,-,L,04,,W,,-,-,2022
9531190,1,4,Y,M,67,D,-,S,-,-,N,-,3,-,-,"- ",,,N,-,0,1,D,,-,L,04,,W,,-,-,2022
9531190,2,3,N,-,998,H,H,-,-,-,O,-,-,-,-,"- ",,,-,-,0,0,O,2018,-,A,07,,,,-,-,2022
9531459,1,4,Y,M,42,A,-,N,-,-,,-,3,-,-,"- ",,,N,-,0,1,B,,-,L,04,,A,,-,-,2022
9531459,2,2,N,M,29,A,-,E,-,-,O,-,3,-,-,"- ",,,N,-,0,1,B,,-,N,60,,A,,-,-,2022
9531521,1,3,Y,-,998,-,-,E,-,-,O,-,3,-,-,"- ",,,M,-,0,0,O,2002,FORD,A,07,,,,-,-,2022
9531521,2,4,N,F,38,-,-,E,-,-,O,-,3,-,-,"- ",,,M,-,0,1,B,,-,L,04,,A,,-,-,2022
9531526,1,1,Y,M,46,A,-,E,M,G,Y,-,3,-,-,"- ",,,N,-,0,0,D,2002,FORD,A,01,,W,,-,-,2022
9531526,2,4,N,M,32,A,-,E,-,-,,-,3,-,-,"- ",,,N,-,0,1,B,,-,L,04,,W,,-,-,2022
9543100,1,4,N,M,34,C,-,E,-,-,O,-,-,-,-,"- ",,,N,-,0,2,B,,-,L,04,,H,,-,-,2022
9705251,1,1,Y,F,47,A,-,E,M,C,Y,-,3,-,-,"- ",,,N,-,0,0,B,2015,-,A,01,,W,,-,-,2024
9705251,2,4,N,F,23,A,-,S,-,-,,-,3,-,-,"- ",,,N,-,0,1,B,,-,L,04,,W,,-,-,2024
9705257,1,1,N,M,63,A,-,E,M,G,Y,-,3,-,-,"- ",,,-,-,0,0,A,2023,-,A,01,,W,,-,-,2024
9705257,2,4,N,M,27,A,-,E,-,-,,-,3,-,-,"- ",,,-,-,0,1,B,,-,L,04,,W,,-,-,2024
9705259,1,4,Y,M,13,A,-,E,-,-,N,-,3,-,-,"- ",,,N,-,0,1,A,,-,L,04,,W,,-,-,2024
9708584,1,4,Y,M,37,A,-,N,-,-,,-,-,-,-,"- ",,,-,-,0,1,Q,,-,L,04,,W,,-,-,2024
9708584,2,3,N,-,998,-,-,N,-,-,O,-,-,-,-,"- ",,,-,-,0,0,O,2024,-,A,07,,,,-,-,2024
9708584,3,4,N,M,998,-,-,S,-,-,,-,-,-,-,"- ",,,-,-,0,0,B,,-,L,04,,,,-,-,2024
9710079,1,1,Y,M,27,A,-,W,M,G,Y,-,3,-,-,"- ",,,N,-,0,0,D,2022,-,F,26,,O,,-,-,2024
9710079,2,4,N,M,24,A,-,S,-,-,,-,3,-,-,"- ",,,N,-,0,1,B,,-,L,04,,O,,-,-,2024
9307716,1,4,Y,M,40,A,-,S,-,-,,-,3,-,-,"- ",,,M,-,0,1,B,,-,L,04,,H,,-,-,2021
9307716,2,1,N,M,53,A,-,S,M,G,Y,-,3,-,-,"- ",,,-,-,0,0,D,2002,-,A,01,,A,,-,-,2021
9308442,1,4,N,F,61,A,-,N,-,-,,-,3,-,-,"- ",,,N,-,0,1,R,,-,L,04,,W,,-,-,2021
9308982,1,4,Y,F,40,A,-,N,-,-,,-,3,-,-,"- ",,,N,-,0,1,B,,-,L,04,,H,,-,-,2021
9308982,2,1,N,F,54,A,-,E,M,G,Y,-,3,-,-,"- ",,,N,-,0,0,E,2020,-,C,06,,H,,-,-,2021
9341097,1,4,Y,M,37,A,-,E,-,-,N,-,3,-,-,"- ",,,N,-,0,1,B,,-,L,04,,H,,-,-,2021
9362875,1,4,Y,M,41,A,-,S,-,-,,-,3,-,-,"- ",,,N,-,0,1,L,,-,L,04,,B,,-,-,2021
9362875,2,1,N,M,63,A,-,E,M,G,Y,-,3,-,-,"- ",,,N,-,0,0,B,2001,-,A,01,,H,,-,-,2021
9365417,1,1,Y,M,22,A,-,-,M,G,Y,-,3,-,-,"- ",,,N,-,0,0,O,2019,FORD,A,01,,H,,-,-,2021
9365417,2,4,N,M,30,A,-,S,-,-,N,-,3,-,-,"- ",,,N,-,0,1,B,,-,L,04,,W,,-,-,2021
9371308,1,4,Y,F,22,A,-,S,-,-,N,-,3,-,-,"- ",,,N,-,0,1,B,,-,L,04,,A,,-,-,2021
9371308,2,1,N,M,36,A,-,W,M,C,Y,-,3,-,-,"- ",,,E,-,0,0,A,2013,FORD,J,48,,W,,-,-,2021
9379479,1,1,N,M,46,A,-,-,M,G,Y,-,3,-,-,"- ",,,G,-,0,0,J,2019,FORD,A,01,,O,,-,-,2021
9379479,2,4,N,M,54,A,-,S,-,-,,-,3,-,-,"- ",,,G,-,0,1,J,,-,L,04,,O,,-,-,2021
9390874,1,1,Y,F,74,A,-,S,M,G,Y,-,3,-,-,"- ",,,N,-,0,0,E,2012,-,A,01,,W,,-,-,2021
9390874,2,4,N,M,37,A,-,E,-,-,N,-,3,-,-,"- ",,,N,-,0,1,B,,-,L,04,,B,,-,-,2021
9390874,3,3,N,-,998,-,-,E,-,-,O,-,-,-,-,"- ",,,-,-,0,0,-,2019,HONDA,A,01,,,,-,-,2021
92288998,1,4,Y,F,11,A,-,S,-,P,O,-,3,-,-,"- ",,,N,-,0,1,D,,JAMIS,L,04,,A,,-,-,2024
9390968,1,1,Y,-,998,G,G,E,B,-,,-,-,-,-,"- ",,,-,-,0,0,B,2015,-,-,,,,,-,-,2021
9390968,2,4,N,M,53,A,-,E,-,-,N,-,3,-,-,"- ",,,N,-,0,1,B,,-,L,04,,W,,-,-,2021
92294621,1,4,Y,M,40,A,-,N,-,W,O,-,3,-,-,"- ",,,N,-,0,0,I,2015,TREK,L,04,,W,,-,-,2024
92294621,2,4,N,M,60,A,-,N,-,P,O,-,3,-,-,"- ",,,N,-,0,1,R,2015,MOOTS,L,04,,W,,-,-,2024
9400421,1,1,Y,F,72,A,-,E,M,G,Y,-,3,-,-,"- ",,,N,-,0,0,J,2010,-,A,01,,A,,-,-,2022
9400421,2,4,N,M,22,A,-,W,-,-,,-,3,-,-,"- ",,,N,-,0,1,B,,-,L,04,,W,,-,-,2022
92409261,1,4,Y,F,28,A,-,N,-,W,O,-,3,-,-,"- ",,,N,-,0,1,M,,AVENTON,L,04,,W,,-,-,2024
92409261,2,4,N,-,998,G,G,S,-,B,O,-,4,-,-,"- ",,,N,-,0,0,B,,-,L,04,,,,-,-,2024
9454184,1,4,Y,M,998,G,G,-,-,-,N,-,-,-,,19,20001,A,A,-,0,0,B,,-,L,04,,,,-,-,2022
9454184,2,5,N,-,998,A,-,S,-,-,O,-,3,-,-,"- ",,,N,-,0,1,B,,-,-,,,,,-,-,2022
9468853,1,1,N,M,40,A,-,N,M,G,,-,3,-,-,"- ",,,-,-,0,0,B,2019,-,A,01,,H,,-,-,2023
9468853,2,4,N,F,57,A,-,W,-,-,,-,3,-,-,"- ",,,-,-,0,1,B,,-,L,04,,W,,-,-,2023
9253085,1,4,N,M,25,A,-,W,-,-,,-,3,-,,27,21650,,A,-,0,1,B,,-,L,04,,B,,-,-,2021
9253085,2,5,N,-,998,A,-,N,-,-,O,-,3,-,-,"- ",,,-,-,0,1,B,,-,-,,,,,-,-,2021
9262711,1,1,Y,M,25,A,-,W,M,G,Y,-,3,-,-,"- ",,,N,-,0,0,E,2018,-,A,01,,O,,-,-,2021
9262711,2,4,N,M,25,A,-,S,-,-,,-,3,-,-,"- ",,,N,-,0,1,B,,-,L,04,,W,,-,-,2021
9285468,1,1,N,M,41,A,-,W,M,G,Y,-,3,-,-,"- ",,,N,-,0,0,P,2019,FORD,D,22,,H,,-,-,2021
9285468,2,4,N,F,30,A,-,W,-,-,,-,3,-,-,"- ",,,N,-,0,1,B,,-,L,04,,A,,-,-,2021
9543112,1,3,Y,-,998,A,-,W,-,-,O,-,3,-,-,"- ",,,N,-,0,0,O,2016,-,A,01,,,,-,-,2022
9543112,2,4,N,M,34,A,-,W,-,-,,-,3,-,-,"- ",,,N,-,0,1,B,,-,L,04,,H,,-,-,2022
9543145,1,4,Y,M,998,G,G,E,-,-,N,-,3,-,-,"- ",,,N,-,0,1,B,,-,L,04,,H,,-,-,2022
9543145,2,4,N,M,52,A,-,S,-,-,,-,3,-,-,"- ",,,N,-,0,0,B,,-,L,04,,H,,-,-,2022
9543222,1,1,Y,-,998,G,G,E,-,-,,-,3,-,-,"- ",,,N,-,0,0,B,,-,A,01,,,,-,-,2022
9543222,2,4,N,M,20,A,-,N,-,-,,-,3,-,-,"- ",,,N,-,0,1,B,,-,L,04,,H,,-,-,2022
9545391,1,4,N,M,50,G,G,E,-,-,,-,3,-,-,"- ",,,N,-,0,1,R,,-,L,04,,A,,-,-,2023
9545391,2,1,N,F,28,A,-,S,M,G,Y,-,-,-,-,"- ",,,N,-,0,0,B,2016,-,A,01,,A,,-,-,2023
9545415,1,4,Y,M,36,H,H,W,-,-,,-,3,-,-,"- ",,,N,-,0,1,A,,-,L,04,,W,,-,-,2023
9545415,2,1,N,M,55,H,H,W,M,G,Y,-,3,-,-,"- ",,,N,-,0,0,E,2015,-,A,01,,A,,-,-,2023
9545573,1,4,Y,M,59,A,-,N,-,-,N,-,3,-,-,"- ",,,N,-,0,1,B,,-,L,04,,B,,-,-,2023
9545573,2,1,N,M,36,A,-,E,M,G,Y,-,3,-,-,"- ",,,N,-,0,0,E,2009,FORD,A,07,,O,,-,-,2023
9545593,1,1,Y,X,998,D,-,S,B,-,,-,-,-,-,"- ",,,N,-,0,0,B,2020,-,A,01,,,,-,-,2023
9545593,2,4,N,M,39,A,-,N,-,-,,-,3,-,-,"- ",,,N,-,0,1,A,,-,L,04,,W,,-,-,2023
9545604,1,4,Y,F,7,H,H,S,-,-,N,-,3,-,-,"- ",,,N,-,0,1,B,,-,L,04,,W,,-,-,2022
9545604,2,1,N,M,61,A,-,W,M,G,Y,-,3,-,-,"- ",,,N,-,0,0,B,2020,-,A,01,,A,,-,-,2022
9553673,1,1,Y,M,27,C,-,W,M,C,Y,-,2,-,-,"- ",,,N,-,0,0,A,2021,-,A,01,,H,,-,-,2023
9553673,2,4,N,F,53,C,-,W,-,-,,-,2,-,-,"- ",,,N,-,0,1,B,,-,L,04,,W,,-,-,2023
9553757,1,4,Y,M,53,A,-,N,-,-,O,-,3,-,,25,22350,A,A,-,0,1,B,,-,L,04,,B,,-,-,2023
9553757,2,1,N,F,49,A,-,W,M,B,Y,-,3,-,-,"- ",,,N,-,0,0,E,2010,-,A,07,,A,,-,-,2023
9553929,1,4,Y,M,36,A,-,S,-,-,,-,3,-,-,"- ",,,-,-,0,1,B,,-,L,04,,W,,-,-,2023
9553933,1,4,Y,M,30,A,-,N,-,-,N,-,3,-,-,"- ",,,-,-,0,1,D,,-,L,04,,O,,-,-,2023
9553933,2,1,N,M,53,A,-,N,M,-,,-,3,-,-,"- ",,,-,-,0,0,D,2021,-,A,01,,A,,-,-,2023
9553981,1,4,N,M,70,A,-,E,-,-,O,-,3,-,-,"- ",,,L,-,0,1,B,,-,L,04,,W,,-,-,2023
9553988,1,1,Y,M,50,A,-,S,M,G,Y,-,3,-,-,"- ",,,N,-,0,0,B,2019,-,A,01,,W,,-,-,2023
9553988,2,4,N,M,31,A,-,S,-,-,N,-,3,-,-,"- ",,,N,-,0,1,B,,-,L,04,,A,,-,-,2023
9554147,1,4,Y,M,23,A,-,N,-,-,N,-,3,-,-,"- ",,,O,-,0,1,B,,-,L,04,,,,-,-,2023
9561214,1,1,Y,F,32,A,-,E,-,-,Y,-,3,-,-,"- ",,,N,-,0,0,O,2016,-,-,,,H,,-,-,2023
9561214,2,4,N,M,62,A,-,E,-,-,,-,3,-,-,"- ",,,N,-,0,1,B,,-,L,04,,W,,-,-,2023
9561214,3,1,N,-,998,G,G,E,-,-,,-,-,-,-,"- ",,,M,-,0,0,-,,-,-,,,,,-,-,2023
9561215,1,1,Y,M,35,A,-,E,M,G,Y,-,3,-,,31,22100,A,A,-,0,0,B,2022,-,A,01,,O,,-,-,2023
9561215,2,4,N,M,21,A,-,E,-,-,,-,3,-,-,"- ",,,-,-,0,1,B,,-,L,04,,W,,-,-,2023
9561242,1,1,Y,M,39,A,-,W,M,G,Y,-,3,-,-,"- ",,,E,N,0,0,E,2017,FORD,A,01,,A,,-,-,2023
9561242,2,4,N,M,58,A,-,E,-,-,,-,3,-,-,"- ",,,N,-,0,1,B,,-,L,04,,W,,-,-,2023
9561350,1,1,Y,F,37,A,-,W,M,C,Y,-,3,-,-,"- ",,,N,-,0,0,D,2005,-,A,01,,O,,-,-,2023
9561350,2,4,N,F,32,A,-,W,-,-,,-,3,-,-,"- ",,,N,-,0,1,B,,-,L,04,,W,,-,-,2023
9572458,1,1,Y,M,45,A,-,S,M,G,Y,-,3,-,-,"- ",,,N,-,0,0,D,2020,-,A,08,,W,,-,-,2023
9572458,2,4,N,M,24,A,-,E,-,-,,-,3,-,-,"- ",,,N,-,0,1,B,,-,L,04,,W,,-,-,2023
9573032,1,4,Y,M,57,H,H,E,-,-,N,-,-,-,-,"- ",,,N,-,0,1,B,,-,L,04,,W,,-,-,2023
9573032,2,1,N,M,998,H,H,N,M,G,Y,-,-,-,-,"- ",,,N,-,0,0,B,2018,-,A,08,,H,,-,-,2023
9573809,1,1,Y,M,36,A,-,E,M,G,Y,-,3,-,-,"- ",,,N,-,0,0,D,2015,FORD,A,08,,W,,-,-,2023
9573809,2,4,N,M,58,A,-,E,-,-,,-,3,-,-,"- ",,,N,-,0,1,B,,-,L,04,,W,,-,-,2023
9576029,1,2,Y,M,45,-,E,W,-,-,O,-,3,-,-,"- ",,,M,-,0,0,R,,-,N,60,,W,,-,-,2023
9576029,2,4,N,M,23,A,-,S,-,-,O,-,3,-,-,"- ",,,-,-,0,1,N,,-,L,04,,W,,-,-,2023
9576029,3,1,N,M,67,A,-,S,P,C,,-,3,-,-,"- ",,,-,-,0,0,B,2007,-,A,08,,W,,-,-,2023
9576037,1,4,Y,F,33,A,-,N,-,-,O,-,3,-,-,"- ",,,N,-,0,1,B,,-,L,04,,H,,-,-,2023
9576037,2,3,N,-,998,-,-,N,-,-,O,-,-,-,-,"- ",,,-,-,0,0,O,2016,-,A,01,,,,-,-,2023
9576048,1,1,Y,X,998,G,G,N,-,-,,-,3,-,,19,20001,A,A,-,0,0,D,,-,-,,,,,-,-,2023
9576048,2,4,N,M,52,A,-,N,-,-,,-,3,-,-,"- ",,,N,-,0,1,A,,-,L,04,,W,,-,-,2023
9576087,1,1,Y,M,998,G,G,S,B,-,,-,3,-,,19,20001,A,A,-,0,0,F,2017,-,A,01,,H,,-,-,2023
9576087,2,4,N,M,21,A,-,W,-,-,,-,-,-,-,"- ",,,N,-,0,1,B,,-,L,04,,B,,-,-,2023
9576117,1,4,Y,M,44,A,-,E,-,-,O,-,3,-,-,"- ",,,N,-,0,1,B,,-,L,04,,O,,-,-,2023
9576117,2,1,N,M,37,A,-,N,M,G,Y,-,3,-,-,"- ",,,N,-,0,0,B,2018,JEEP,A,01,,W,,-,-,2023
9576687,1,1,Y,M,39,A,-,W,M,H,Y,-,3,-,-,"- ",,,N,-,0,0,O,,-,-,,,H,,-,-,2023
9576687,2,4,N,M,37,A,-,W,-,-,O,-,3,-,-,"- ",,,N,-,0,1,B,,-,L,04,,O,,-,-,2023
9579943,1,4,Y,M,37,A,-,E,-,-,,-,3,-,-,"- ",,,N,-,0,1,B,,-,L,04,,W,,-,-,2023
9579943,2,1,N,M,71,A,-,E,M,G,Y,-,3,-,-,"- ",,,N,-,0,0,B,2008,FORD,A,01,,H,,-,-,2023
9580675,1,4,Y,M,57,A,-,S,-,-,,-,3,-,-,"- ",,,G,-,0,1,E,,-,L,04,,W,,-,-,2023
9580675,2,1,N,M,29,A,-,W,M,G,Y,-,3,-,-,"- ",,,G,-,0,0,B,2017,-,A,01,,W,,-,-,2023
9591084,1,1,Y,M,30,A,-,W,M,G,Y,-,3,-,-,"- ",,,N,-,0,0,B,2020,-,A,01,,O,,-,-,2023
9591084,2,4,N,M,31,A,-,E,-,-,,-,3,-,-,"- ",,,N,-,0,1,B,,-,L,04,,W,,-,-,2023
9591700,1,1,Y,M,86,A,-,W,M,G,Y,-,3,-,-,"- ",,,-,-,0,0,F,2016,-,-,,,A,,-,-,2023
9591700,2,4,N,M,54,A,-,E,-,-,,-,3,-,-,"- ",,,-,-,0,1,B,,-,L,04,,A,,-,-,2023
9591748,1,4,Y,M,32,A,-,E,-,-,,-,3,-,-,"- ",,,N,-,0,1,Q,,-,L,04,,B,,-,-,2023
9591748,2,1,N,F,25,A,-,W,M,G,Y,-,3,-,-,"- ",,,N,-,0,0,A,2016,-,A,01,,A,,-,-,2023
9593806,1,1,Y,M,64,A,-,E,M,G,Y,-,3,-,-,"- ",,,N,-,0,0,D,2022,-,A,01,,A,,-,-,2023
9593806,2,4,N,M,53,A,-,E,-,-,,-,3,-,-,"- ",,,N,-,0,1,B,,-,L,04,,W,,-,-,2023
9593815,1,1,Y,M,55,A,-,S,M,G,Y,-,3,-,-,"- ",,,N,-,0,0,B,2007,-,A,07,,B,,-,-,2023
9593815,2,4,N,M,40,A,-,S,-,-,,-,3,-,-,"- ",,,N,-,0,1,A,,-,L,04,,A,,-,-,2023
9602211,1,3,Y,-,998,A,-,N,-,-,O,-,3,-,-,"- ",,,N,-,0,1,R,2023,-,A,07,,,,-,-,2023
9602211,2,4,N,F,34,A,-,N,-,-,O,-,3,-,-,"- ",,,N,-,0,0,B,,-,L,04,,A,,-,-,2023
9602217,1,1,Y,M,34,A,-,E,-,-,Y,-,3,-,-,"- ",,,N,-,0,0,F,2014,-,A,01,,W,,-,-,2023
9602217,2,4,N,M,34,A,-,E,-,-,,-,3,-,-,"- ",,,N,-,0,1,B,,-,L,04,,H,,-,-,2023
9603685,1,3,Y,-,998,A,-,W,-,-,O,-,3,-,-,"- ",,,N,-,0,0,O,2012,-,A,01,,,,-,-,2023
9603685,2,4,N,M,19,A,-,W,-,-,,-,3,-,-,"- ",,,N,-,0,1,B,,-,L,04,,W,,-,-,2023
9603687,1,1,Y,F,998,G,G,E,B,-,,-,3,-,-,"- ",,,N,-,0,0,D,,-,A,01,,W,,-,-,2023
9603687,2,4,N,M,27,A,-,E,-,-,,-,3,-,-,"- ",,,N,-,0,1,B,,-,L,04,,W,,-,-,2023
9603788,1,4,Y,M,50,A,-,W,-,-,,-,3,-,-,"- ",,,N,-,0,1,B,,-,L,04,,O,,-,-,2023
9603788,2,1,N,F,24,A,-,W,M,G,Y,-,3,-,-,"- ",,,N,-,0,0,A,2019,-,A,01,,W,,-,-,2023
9603799,1,4,Y,M,51,H,H,E,-,-,,-,-,-,,44,21657,,A,-,0,1,B,,-,L,04,,O,,-,-,2023
9603799,2,1,N,F,35,H,H,N,M,G,Y,-,-,-,-,"- ",,,-,-,0,0,B,2020,-,A,07,,A,,-,-,2023
9603832,1,1,Y,M,60,A,-,N,M,G,Y,-,-,-,-,"- ",,,N,-,0,0,D,2017,-,A,01,,A,,-,-,2023
9603832,2,4,N,M,46,A,-,N,-,-,,-,-,-,-,"- ",,,N,-,0,1,B,,-,L,04,,A,,-,-,2023
9605304,1,1,Y,F,41,A,-,N,M,G,Y,-,3,-,-,"- ",,,N,-,0,0,E,2015,JEEP,A,07,,W,,-,-,2023
9605304,2,4,N,M,50,A,-,E,-,-,N,-,3,-,-,"- ",,,N,-,0,2,B,,-,L,04,,W,,-,-,2023
9610655,1,1,Y,M,41,A,-,N,M,G,Y,-,-,-,-,"- ",,,N,-,0,0,E,2016,-,-,,,B,,-,-,2023
9610655,2,4,N,M,35,A,-,N,-,-,,-,-,-,-,"- ",,,N,-,0,1,B,,-,L,04,,W,,-,-,2023
9625587,1,1,Y,F,71,A,-,E,M,C,Y,-,3,-,-,"- ",,,N,-,0,0,E,2015,-,A,01,,W,,-,-,2023
9625587,2,4,N,F,37,A,-,S,-,-,,-,3,-,-,"- ",,,N,-,0,1,B,,-,L,04,,W,,-,-,2023
9626177,1,1,Y,F,63,A,-,-,M,P,Y,-,3,-,-,"- ",,,N,-,0,0,O,2015,-,A,01,,W,,-,-,2023
9626177,2,4,N,F,39,A,-,S,-,-,,-,3,-,-,"- ",,,N,-,0,1,B,,-,L,04,,W,,-,-,2023
9626230,1,4,Y,M,64,A,-,S,-,-,N,-,3,-,-,"- ",,,N,-,0,1,A,,-,L,04,,W,,-,-,2023
9626230,2,1,N,F,24,A,-,S,M,G,Y,-,3,-,-,"- ",,,N,-,0,0,E,2017,-,A,01,,W,,-,-,2023
9626234,1,1,Y,-,998,D,-,E,-,-,,-,-,-,-,"- ",,,N,-,0,0,M,,-,A,01,,,,-,-,2023
9626234,2,4,N,M,51,A,-,S,-,-,,-,3,-,-,"- ",,,N,-,0,1,B,,-,L,04,,H,,-,-,2023
9626291,1,4,Y,F,36,A,-,S,-,-,,-,3,-,-,"- ",,,A,-,0,1,B,,-,L,04,,A,,-,-,2023
9626291,2,4,N,M,42,A,-,N,-,-,,-,3,-,-,"- ",,,A,-,0,0,B,,-,L,04,,A,,-,-,2023
9626403,1,1,Y,X,998,D,-,S,B,-,,-,-,-,-,"- ",,,N,-,0,0,B,,-,A,01,,,,-,-,2023
9626403,2,4,N,M,29,A,-,S,-,-,,-,3,-,-,"- ",,,N,-,0,1,B,,-,L,04,,H,,-,-,2023
9633459,1,4,Y,M,63,A,-,W,-,-,,-,3,-,-,"- ",,,-,-,0,1,B,,-,L,04,,W,,-,-,2023
9633459,2,1,N,M,44,A,-,-,M,G,Y,-,3,-,-,"- ",,,-,-,0,0,B,2022,-,D,22,,H,,-,-,2023
9633687,1,1,Y,M,37,A,-,E,M,C,Y,-,3,-,-,"- ",,,N,-,0,0,E,2009,AUDI,A,01,,A,,-,-,2023
9633687,2,4,N,M,30,G,G,E,-,-,,-,3,-,-,"- ",,,N,-,0,1,B,,-,L,04,,W,,-,-,2023
9633705,1,4,Y,M,72,A,-,W,-,-,N,-,3,-,-,"- ",,,N,-,0,1,B,,-,L,04,,W,,-,-,2023
9633705,2,1,N,F,21,A,-,S,M,G,Y,-,3,-,-,"- ",,,N,-,0,0,B,2022,-,A,01,,H,,-,-,2023
9633725,1,4,Y,M,37,A,-,N,-,-,,-,3,-,-,"- ",,,N,-,0,1,B,,-,L,04,,A,,-,-,2023
9633749,1,5,Y,-,998,A,-,W,-,-,O,-,3,-,-,"- ",,,N,-,0,0,R,2023,-,A,07,,,,-,-,2023
9633749,2,4,N,M,41,A,-,W,-,-,,-,3,-,-,"- ",,,N,-,0,1,B,,-,M,91,,H,,-,-,2023
9633843,1,1,Y,F,998,D,-,E,-,-,,-,-,-,,19,20001,A,A,N,0,0,D,,-,A,01,,,,-,-,2023
9633843,2,4,N,M,34,A,-,S,-,-,,-,3,-,-,"- ",,,N,-,0,1,B,,-,L,04,,H,,-,-,2023
9633856,1,4,Y,F,33,A,-,W,-,-,,-,3,-,,44,21200,A,A,-,0,1,B,,-,L,04,,W,,-,-,2023
9633856,2,1,N,F,29,A,-,S,M,G,Y,-,3,-,-,"- ",,,N,-,0,0,B,2019,JEEP,A,01,,W,,-,-,2023
9634774,1,1,Y,M,23,A,-,S,M,G,,-,3,-,-,"- ",,,N,-,0,0,E,2010,-,A,01,,H,,-,-,2023
9634774,2,4,N,F,55,A,-,W,-,-,,-,3,-,-,"- ",,,N,-,0,1,B,,-,L,04,,W,,-,-,2023
9636275,1,4,Y,M,41,A,-,S,-,-,N,-,3,-,,39,21201,D,A,-,0,1,B,,-,L,04,,B,,-,-,2023
9636275,2,1,N,M,30,A,-,E,M,G,Y,-,3,-,-,"- ",,,E,-,0,0,B,2023,-,A,01,,A,,-,-,2023
9641867,1,1,Y,F,998,A,-,S,B,-,,-,3,-,-,"- ",,,N,-,0,0,B,,-,A,01,,A,,-,-,2023
9641867,2,4,N,M,23,A,-,W,-,-,,-,3,-,-,"- ",,,N,-,0,1,D,,-,L,04,,W,,-,-,2023
9646222,1,1,Y,M,76,A,-,N,M,C,Y,-,3,-,-,"- ",,,N,-,0,0,E,2013,FORD,A,01,,A,,-,-,2023
9646222,2,4,N,F,43,A,-,W,-,-,,-,3,-,-,"- ",,,N,-,0,1,B,,-,L,04,,W,,-,-,2023
9650271,1,4,N,M,62,A,-,N,-,-,N,-,3,-,-,"- ",,,-,-,0,1,B,,-,L,04,,B,,-,-,2023
9650467,1,4,Y,M,30,A,-,S,-,-,N,-,3,-,-,"- ",,,N,-,0,1,B,,-,L,04,,O,,-,-,2023
9650467,2,1,N,M,47,A,-,E,M,G,Y,-,3,-,-,"- ",,,N,-,0,0,B,2010,-,A,01,,O,,-,-,2023
9650479,1,4,N,M,50,A,-,W,-,-,N,-,3,-,-,"- ",,,N,-,0,1,B,,-,L,04,,A,,-,-,2023
9659717,1,1,Y,M,62,A,-,S,M,B,Y,-,3,-,-,"- ",,,N,-,0,0,E,2010,-,A,01,,W,,-,-,2024
9659717,2,4,N,F,67,A,-,N,-,-,N,-,3,-,-,"- ",,,N,-,0,1,B,,-,L,04,,W,,-,-,2024
9659758,1,4,Y,M,25,A,-,N,-,-,,-,3,-,-,"- ",,,N,-,0,1,B,,-,L,04,,A,,-,-,2024
9659758,2,1,N,F,50,A,-,W,M,G,Y,-,3,-,-,"- ",,,N,-,0,0,B,2022,-,A,01,,A,,-,-,2024
9664995,1,5,Y,-,998,A,-,-,-,-,O,-,3,-,-,"- ",,,-,-,0,0,A,2023,-,A,01,,,,-,-,2024
9664995,2,4,N,M,26,A,-,E,-,-,,-,3,-,-,"- ",,,-,-,0,1,B,,-,L,04,,B,,-,-,2024
9664995,3,5,N,-,998,-,-,E,-,-,O,-,-,-,-,"- ",,,-,-,0,0,-,,-,-,,,,,-,-,2024
9668453,1,1,Y,M,57,H,H,S,M,G,Y,-,-,-,-,"- ",,,N,-,0,0,B,2017,-,A,01,,W,,-,-,2024
9668453,2,4,N,F,6,H,H,E,-,-,,-,-,-,-,"- ",,,N,-,0,1,B,,-,L,04,,W,,-,-,2024
9668504,1,4,Y,M,50,A,-,W,-,-,,-,3,-,-,"- ",,,-,-,0,1,L,,-,L,04,,H,,-,-,2024
9668504,2,1,N,M,998,G,G,N,-,-,,-,-,-,-,"- ",,,A,-,0,0,B,2010,-,A,01,,O,,-,-,2024
9670616,1,1,Y,-,998,G,G,N,-,-,,-,3,-,-,"- ",,,N,-,0,0,D,,-,-,,,,,-,-,2024
9670616,2,4,N,M,27,A,-,N,-,-,,-,3,-,-,"- ",,,N,-,0,1,B,,-,L,04,,W,,-,-,2024
9673380,1,4,Y,M,73,A,-,W,-,-,N,-,3,-,-,"- ",,,J,-,0,1,E,,-,L,04,,W,,-,-,2024
9676931,1,4,Y,M,33,A,-,W,-,-,,-,2,-,-,"- ",,,N,-,0,1,B,,-,L,04,,O,,-,-,2024
9676931,2,1,N,M,33,A,-,S,M,G,Y,-,2,-,-,"- ",,,N,-,0,0,B,2024,-,A,01,,O,,-,-,2024
9676942,1,3,Y,-,998,A,-,E,-,-,O,-,3,-,-,"- ",,,N,-,0,0,R,2005,-,A,07,,,,-,-,2024
9676942,2,4,N,M,34,A,-,E,-,-,,-,3,-,-,"- ",,,N,-,0,1,B,,-,L,04,,W,,-,-,2024
9677038,1,4,Y,M,46,A,-,E,-,-,,-,3,-,-,"- ",,,N,-,0,1,B,,-,L,04,,W,,-,-,2024
9677038,2,1,N,M,53,A,-,W,P,A,Y,-,2,-,-,"- ",,,E,-,0,0,B,2017,-,C,02,,W,,-,-,2024
9677039,1,1,Y,M,63,A,-,N,M,G,Y,-,-,-,-,"- ",,,N,-,0,0,E,2020,-,A,07,,A,,-,-,2024
9677039,2,4,N,M,27,A,-,W,-,-,,-,-,-,-,"- ",,,N,-,0,1,B,,-,L,04,,O,,-,-,2024
9677048,1,4,Y,F,37,A,-,E,-,-,,-,3,-,,29,21755,A,A,N,0,1,B,,-,L,04,,W,,-,-,2024
9677048,2,1,N,M,66,A,-,S,M,G,Y,-,3,-,-,"- ",,,N,-,0,0,D,2013,FORD,D,22,,A,,-,-,2024
9690967,1,1,Y,M,998,G,G,E,-,-,,-,-,-,-,"- ",,,A,-,0,0,B,2023,-,A,01,,W,,-,-,2024
9690967,2,4,N,M,33,A,-,S,-,-,,-,-,-,-,"- ",,,-,-,0,1,B,,-,L,04,,W,,-,-,2024
9691054,1,1,Y,M,33,A,-,S,M,B,Y,-,3,-,-,"- ",,,N,-,0,0,L,2007,-,A,01,,W,,-,-,2024
9691054,2,4,N,M,55,A,-,S,-,-,O,-,3,-,-,"- ",,,N,-,0,1,B,,-,L,04,,W,,-,-,2024
9691057,1,4,Y,M,41,A,-,W,-,-,O,-,3,-,-,"- ",,,N,-,0,1,B,,-,L,04,,W,,-,-,2024
9691057,2,1,N,F,69,A,-,W,M,G,Y,-,3,-,-,"- ",,,N,-,0,0,D,2021,-,A,01,,A,,-,-,2024
9691156,1,4,Y,M,55,A,-,N,-,-,N,-,-,-,-,"- ",,,N,-,0,1,B,,-,L,04,,H,,-,-,2024
9691156,2,1,N,F,38,A,-,N,M,G,Y,-,-,-,-,"- ",,,N,-,0,0,A,2021,-,A,01,,A,,-,-,2024
9703962,1,4,N,M,18,A,-,E,-,-,,-,3,-,-,"- ",,,N,-,0,1,B,,-,L,04,,H,,-,-,2024
9703962,2,1,Y,F,69,A,-,E,M,G,Y,-,3,-,-,"- ",,,N,-,0,0,E,2012,-,A,01,,W,,-,-,2024
9703965,1,4,Y,-,998,A,-,-,-,-,,-,3,-,-,"- ",,,N,-,0,1,B,,-,L,04,,,,-,-,2024
9704050,1,4,Y,M,37,A,-,E,-,-,,-,3,-,-,"- ",,,N,-,0,1,J,,-,M,91,,O,,-,-,2024
9704050,2,1,N,F,54,A,-,E,M,G,Y,-,3,-,-,"- ",,,N,-,0,0,B,2018,-,A,01,,H,,-,-,2024
9704070,1,4,N,M,40,A,-,N,-,-,,-,3,-,-,"- ",,,N,-,0,1,B,,-,L,04,,O,,-,-,2024
9704070,2,1,N,F,56,A,-,N,M,G,Y,-,3,-,-,"- ",,,N,-,0,0,D,2015,-,A,01,,W,,-,-,2024
9705238,1,4,Y,M,37,D,-,N,-,-,,-,3,-,-,"- ",,,N,-,0,1,B,,-,L,04,,H,,-,-,2024
9705238,2,1,N,F,72,A,-,E,M,C,Y,-,3,-,-,"- ",,,N,-,0,0,B,2005,MINI,A,01,,W,,-,-,2024
9705258,1,1,Y,M,64,A,-,E,M,G,Y,-,3,-,-,"- ",,,N,-,0,0,B,2008,-,A,01,,A,,-,-,2024
9705258,2,4,N,M,22,A,-,N,-,-,,-,3,-,-,"- ",,,N,-,0,1,B,,-,L,04,,W,,-,-,2024
9708153,1,4,Y,M,89,A,-,E,-,-,,-,3,-,-,"- ",,,N,-,0,1,B,,-,L,04,,W,,-,-,2024
9708153,2,1,N,F,65,A,-,N,M,G,Y,-,3,-,-,"- ",,,N,-,0,0,B,2016,-,A,01,,W,,-,-,2024
9708213,1,4,Y,M,40,A,-,E,-,-,,-,3,-,-,"- ",,,N,-,0,1,B,,-,L,04,,H,,-,-,2024
9708213,2,1,N,M,67,A,-,S,M,G,Y,-,3,-,-,"- ",,,N,-,0,1,B,,-,A,01,,W,,-,-,2024
9728944,1,1,Y,M,33,A,-,N,M,G,Y,-,3,-,-,"- ",,,N,-,0,0,F,2023,-,A,01,,O,,-,-,2024
9728944,2,4,N,M,20,A,-,N,-,-,,-,3,-,-,"- ",,,N,-,0,1,B,,-,L,04,,O,,-,-,2024
9676989,1,4,Y,M,26,A,-,W,-,-,,-,3,-,-,"- ",,,N,-,0,1,B,,-,L,04,,W,,-,-,2024
9676989,2,3,N,-,998,H,H,W,-,-,O,-,-,-,-,"- ",,,-,-,0,0,O,2023,AUDI,A,07,,,,-,-,2024
9650309,1,4,Y,M,44,A,-,S,-,-,N,-,3,-,-,"- ",,,N,-,0,1,E,,-,L,04,,H,,-,-,2023
9650309,2,1,N,M,49,A,-,N,M,G,Y,-,3,-,-,"- ",,,N,-,0,0,B,2010,-,A,01,,B,,-,-,2023
9650299,1,4,Y,M,39,G,G,E,P,-,N,-,-,-,,33,21801,A,A,N,0,1,Q,,-,L,04,,W,,-,-,2023
9650299,2,1,N,X,998,G,G,E,-,-,,-,3,-,-,"- ",,,N,-,0,0,B,,-,-,,,,,-,-,2023
9650298,1,3,Y,-,998,A,-,S,-,-,O,-,3,-,-,"- ",,,N,-,0,0,O,2018,-,A,07,,,,-,-,2023
9650298,2,4,N,M,20,A,-,S,-,-,,-,3,-,-,"- ",,,N,-,0,1,B,,-,L,04,,A,,-,-,2023
9628940,1,1,N,M,36,D,-,S,M,G,Y,-,3,-,-,"- ",,,M,-,0,0,D,2020,FORD,C,06,,O,,-,-,2023
9628940,2,4,N,M,53,D,-,S,-,-,,-,3,-,-,"- ",,,M,-,0,1,B,,-,L,04,,H,,-,-,2023
9607141,1,4,N,M,49,A,-,N,-,-,,-,-,-,-,"- ",,,N,-,0,1,R,,-,L,04,,H,,-,-,2023
9604478,1,4,Y,F,50,A,-,E,-,-,,-,3,-,-,"- ",,,N,-,0,1,B,,-,L,04,,W,,-,-,2023
9604478,2,1,N,M,38,A,-,N,M,G,Y,-,3,-,-,"- ",,,N,-,0,0,B,2016,FORD,J,48,,A,,-,-,2023
9601814,1,4,Y,M,25,H,H,N,-,-,N,-,3,-,-,"- ",,,N,-,0,1,B,,-,L,04,,W,,-,-,2023
9601814,2,2,N,M,64,H,H,N,-,-,O,-,3,-,-,"- ",,,N,-,0,1,B,,-,N,60,,A,,-,-,2023
9591563,1,4,Y,-,70,G,G,N,-,-,,-,3,-,-,"- ",,,N,-,0,1,M,,-,L,04,,W,,-,-,2023
9591563,2,1,N,M,41,G,G,N,M,G,Y,-,3,-,-,"- ",,,N,-,0,0,B,2015,-,I,11,,A,,-,-,2023
9591234,1,4,Y,M,43,A,-,E,-,-,,-,3,-,-,"- ",,,-,-,0,1,B,,-,L,04,,A,,-,-,2023
9591234,2,1,N,M,13,A,-,S,M,G,Y,-,3,-,-,"- ",,,-,-,0,0,D,2013,-,A,01,,A,,-,-,2023
9676925,1,4,Y,F,52,A,-,E,-,-,N,-,3,-,-,"- ",,,L,-,0,1,B,,-,L,04,,W,,-,-,2024
9676925,2,1,N,F,998,G,G,E,-,-,,-,-,-,,38,21211,B,A,-,0,0,A,,-,-,,,,,-,-,2024
9658027,1,1,Y,X,998,D,-,E,-,-,,-,-,-,,19,20001,A,A,-,0,0,E,,-,D,22,,,,-,-,2023
9658027,2,4,N,M,26,A,-,W,-,-,,-,3,-,-,"- ",,,-,-,0,1,B,,-,L,04,,O,,-,-,2023
9655145,1,4,N,M,61,G,G,W,-,-,N,-,-,-,-,"- ",,,N,-,0,1,B,,-,L,04,,B,,-,-,2023
9655145,2,1,N,F,29,A,-,N,M,G,Y,-,3,-,-,"- ",,,N,-,0,0,E,2023,-,A,01,,A,,-,-,2023
9642054,1,1,Y,-,998,G,G,-,-,-,,-,-,-,,25,22350,,A,E,0,0,B,,-,D,22,,,,-,-,2023
9642054,2,4,N,F,24,H,H,E,-,-,,-,-,-,-,"- ",,,-,-,0,1,B,,-,L,04,,A,,-,-,2023
